ticker,finite_positive_adj_close_observations,lookback_start,lookback_end,historical_start,historical_end,historical_ca_coverage_complete,historical_ca_risk_event_count,historical_ca_risk_event_ids,recent_ca_risk_event_count,recent_ca_risk_event_ids,status,factor_input_ready,score_computation_allowed,shadow_signal_allowed,reason_codes
AEFES,325,2025-10-13,2026-10-08,2025-10-13,2026-07-31,True,2,1566784|1592286,0,,HISTORICAL_CA_RISK_UNRESOLVED,False,False,False,UNRESOLVED_HISTORICAL_CA:1566784|UNRESOLVED_HISTORICAL_CA:1592286
AGHOL,325,2025-10-13,2026-10-08,2025-10-13,2026-07-31,True,2,1575220|1594963,0,,HISTORICAL_CA_RISK_UNRESOLVED,False,False,False,UNRESOLVED_HISTORICAL_CA:1575220|UNRESOLVED_HISTORICAL_CA:1594963
AHGAZ,325,2025-10-13,2026-10-08,2025-10-13,2026-07-31,True,2,1610169|1617778,0,,HISTORICAL_CA_RISK_UNRESOLVED,False,False,False,UNRESOLVED_HISTORICAL_CA:1610169|UNRESOLVED_HISTORICAL_CA:1617778
AKBNK,325,2025-10-13,2026-10-08,2025-10-13,2026-07-31,True,2,1561178|1575270,0,,HISTORICAL_CA_RISK_UNRESOLVED,False,False,False,UNRESOLVED_HISTORICAL_CA:1561178|UNRESOLVED_HISTORICAL_CA:1575270
AKCNS,325,2025-10-13,2026-10-08,2025-10-13,2026-07-31,True,2,1596958|1609227,0,,HISTORICAL_CA_RISK_UNRESOLVED,False,False,False,UNRESOLVED_HISTORICAL_CA:1596958|UNRESOLVED_HISTORICAL_CA:1609227
AKFYE,329,2025-10-17,2026-10-08,2025-10-17,2026-07-31,True,4,1582991|1598053|1632790|1634985,2,1664976|1666699,HISTORICAL_CA_RISK_UNRESOLVED,False,False,False,UNRESOLVED_HISTORICAL_CA:1582991|UNRESOLVED_HISTORICAL_CA:1598053|UNRESOLVED_HISTORICAL_CA:1632790|UNRESOLVED_HISTORICAL_CA:1634985
AKSA,325,2025-10-13,2026-10-08,2025-10-13,2026-07-31,True,5,1524834|1529797|1559426|1566788|1581038,0,,HISTORICAL_CA_RISK_UNRESOLVED,False,False,False,UNRESOLVED_HISTORICAL_CA:1524834|UNRESOLVED_HISTORICAL_CA:1529797|UNRESOLVED_HISTORICAL_CA:1559426|UNRESOLVED_HISTORICAL_CA:1566788|UNRESOLVED_HISTORICAL_CA:1581038
AKSEN,325,2025-10-13,2026-10-08,2025-10-13,2026-07-31,True,2,1607023|1615396,0,,HISTORICAL_CA_RISK_UNRESOLVED,False,False,False,UNRESOLVED_HISTORICAL_CA:1607023|UNRESOLVED_HISTORICAL_CA:1615396
ALARK,325,2025-10-13,2026-10-08,2025-10-13,2026-07-31,True,3,1573180|1592462|1598915,0,,HISTORICAL_CA_RISK_UNRESOLVED,False,False,False,UNRESOLVED_HISTORICAL_CA:1573180|UNRESOLVED_HISTORICAL_CA:1592462|UNRESOLVED_HISTORICAL_CA:1598915
ALBRK,325,2025-10-13,2026-10-08,2025-10-13,2026-07-31,True,2,1575358|1577845,0,,HISTORICAL_CA_RISK_UNRESOLVED,False,False,False,UNRESOLVED_HISTORICAL_CA:1575358|UNRESOLVED_HISTORICAL_CA:1577845
ALTNY,325,2025-10-13,2026-10-08,2025-10-13,2026-07-31,True,6,1527959|1529740|1529741|1531710|1603068|1613885,0,,HISTORICAL_CA_RISK_UNRESOLVED,False,False,False,UNRESOLVED_HISTORICAL_CA:1527959|UNRESOLVED_HISTORICAL_CA:1529740|UNRESOLVED_HISTORICAL_CA:1529741|UNRESOLVED_HISTORICAL_CA:1531710|UNRESOLVED_HISTORICAL_CA:1603068|UNRESOLVED_HISTORICAL_CA:1613885
ANHYT,325,2025-10-13,2026-10-08,2025-10-13,2026-07-31,True,2,1562892|1575308,0,,HISTORICAL_CA_RISK_UNRESOLVED,False,False,False,UNRESOLVED_HISTORICAL_CA:1562892|UNRESOLVED_HISTORICAL_CA:1575308
ANSGR,325,2025-10-13,2026-10-08,2025-10-13,2026-07-31,True,8,1505186|1507463|1507950|1507969|1509847|1556628|1562305|1579442,0,,HISTORICAL_CA_RISK_UNRESOLVED,False,False,False,UNRESOLVED_HISTORICAL_CA:1505186|UNRESOLVED_HISTORICAL_CA:1507463|UNRESOLVED_HISTORICAL_CA:1507950|UNRESOLVED_HISTORICAL_CA:1507969|UNRESOLVED_HISTORICAL_CA:1509847|UNRESOLVED_HISTORICAL_CA:1556628|UNRESOLVED_HISTORICAL_CA:1562305|UNRESOLVED_HISTORICAL_CA:1579442
ARCLK,325,2025-10-13,2026-10-08,2025-10-13,2026-07-31,True,2,1558674|1573219,0,,HISTORICAL_CA_RISK_UNRESOLVED,False,False,False,UNRESOLVED_HISTORICAL_CA:1558674|UNRESOLVED_HISTORICAL_CA:1573219
ASELS,325,2025-10-13,2026-10-08,2025-10-13,2026-07-31,True,2,1594693|1607068,0,,HISTORICAL_CA_RISK_UNRESOLVED,False,False,False,UNRESOLVED_HISTORICAL_CA:1594693|UNRESOLVED_HISTORICAL_CA:1607068
ASTOR,325,2025-10-13,2026-10-08,2025-10-13,2026-07-31,True,6,1526923|1527986|1530265|1562476|1582237|1627416,1,1645625,HISTORICAL_CA_RISK_UNRESOLVED,False,False,False,UNRESOLVED_HISTORICAL_CA:1526923|UNRESOLVED_HISTORICAL_CA:1527986|UNRESOLVED_HISTORICAL_CA:1530265|UNRESOLVED_HISTORICAL_CA:1562476|UNRESOLVED_HISTORICAL_CA:1582237|UNRESOLVED_HISTORICAL_CA:1627416
AYGAZ,325,2025-10-13,2026-10-08,2025-10-13,2026-07-31,True,2,1556705|1570775,0,,HISTORICAL_CA_RISK_UNRESOLVED,False,False,False,UNRESOLVED_HISTORICAL_CA:1556705|UNRESOLVED_HISTORICAL_CA:1570775
BERA,325,2025-10-13,2026-10-08,2025-10-13,2026-07-31,True,2,1598692|1619526,0,,HISTORICAL_CA_RISK_UNRESOLVED,False,False,False,UNRESOLVED_HISTORICAL_CA:1598692|UNRESOLVED_HISTORICAL_CA:1619526
BIMAS,327,2025-10-15,2026-10-08,2025-10-15,2026-07-31,True,9,1560075|1560076|1561151|1587323|1601470|1606436|1606642|1607901|1610850,0,,HISTORICAL_CA_RISK_UNRESOLVED,False,False,False,UNRESOLVED_HISTORICAL_CA:1560075|UNRESOLVED_HISTORICAL_CA:1560076|UNRESOLVED_HISTORICAL_CA:1561151|UNRESOLVED_HISTORICAL_CA:1587323|UNRESOLVED_HISTORICAL_CA:1601470|UNRESOLVED_HISTORICAL_CA:1606436|UNRESOLVED_HISTORICAL_CA:1606642|UNRESOLVED_HISTORICAL_CA:1607901|UNRESOLVED_HISTORICAL_CA:1610850
BINHO,325,2025-10-13,2026-10-08,2025-10-13,2026-07-31,True,4,1516676|1617424|1617819|1633768,0,,HISTORICAL_CA_RISK_UNRESOLVED,False,False,False,UNRESOLVED_HISTORICAL_CA:1516676|UNRESOLVED_HISTORICAL_CA:1617424|UNRESOLVED_HISTORICAL_CA:1617819|UNRESOLVED_HISTORICAL_CA:1633768
BRSAN,325,2025-10-13,2026-10-08,2025-10-13,2026-07-31,True,2,1577806|1598380,0,,HISTORICAL_CA_RISK_UNRESOLVED,False,False,False,UNRESOLVED_HISTORICAL_CA:1577806|UNRESOLVED_HISTORICAL_CA:1598380
BRYAT,325,2025-10-13,2026-10-08,2025-10-13,2026-07-31,True,2,1570111|1585800,0,,HISTORICAL_CA_RISK_UNRESOLVED,False,False,False,UNRESOLVED_HISTORICAL_CA:1570111|UNRESOLVED_HISTORICAL_CA:1585800
BTCIM,325,2025-10-13,2026-10-08,2025-10-13,2026-07-31,True,9,1504820|1563204|1563267|1566863|1600862|1612805|1633371|1635133|1635210,0,,HISTORICAL_CA_RISK_UNRESOLVED,False,False,False,UNRESOLVED_HISTORICAL_CA:1504820|UNRESOLVED_HISTORICAL_CA:1563204|UNRESOLVED_HISTORICAL_CA:1563267|UNRESOLVED_HISTORICAL_CA:1566863|UNRESOLVED_HISTORICAL_CA:1600862|UNRESOLVED_HISTORICAL_CA:1612805|UNRESOLVED_HISTORICAL_CA:1633371|UNRESOLVED_HISTORICAL_CA:1635133|UNRESOLVED_HISTORICAL_CA:1635210
CANTE,325,2025-10-13,2026-10-08,2025-10-13,2026-07-31,True,13,1515682|1516521|1516522|1523166|1549136|1551326|1558207|1559061|1561880|1575126|1577520|1582983|1606779,0,,HISTORICAL_CA_RISK_UNRESOLVED,False,False,False,UNRESOLVED_HISTORICAL_CA:1515682|UNRESOLVED_HISTORICAL_CA:1516521|UNRESOLVED_HISTORICAL_CA:1516522|UNRESOLVED_HISTORICAL_CA:1523166|UNRESOLVED_HISTORICAL_CA:1549136|UNRESOLVED_HISTORICAL_CA:1551326|UNRESOLVED_HISTORICAL_CA:1558207|UNRESOLVED_HISTORICAL_CA:1559061|UNRESOLVED_HISTORICAL_CA:1561880|UNRESOLVED_HISTORICAL_CA:1575126|UNRESOLVED_HISTORICAL_CA:1577520|UNRESOLVED_HISTORICAL_CA:1582983|UNRESOLVED_HISTORICAL_CA:1606779
CCOLA,325,2025-10-13,2026-10-08,2025-10-13,2026-07-31,True,2,1565239|1589406,0,,HISTORICAL_CA_RISK_UNRESOLVED,False,False,False,UNRESOLVED_HISTORICAL_CA:1565239|UNRESOLVED_HISTORICAL_CA:1589406
CIMSA,325,2025-10-13,2026-10-08,2025-10-13,2026-07-31,True,2,1562167|1579304,0,,HISTORICAL_CA_RISK_UNRESOLVED,False,False,False,UNRESOLVED_HISTORICAL_CA:1562167|UNRESOLVED_HISTORICAL_CA:1579304
CVKMD,325,2025-10-13,2026-10-08,2025-10-13,2026-07-31,True,10,1511588|1526421|1526422|1526423|1526424|1594469|1595777|1608261|1608719|1639071,5,1642697|1653504|1654560|1656455|1668262,HISTORICAL_CA_RISK_UNRESOLVED,False,False,False,UNRESOLVED_HISTORICAL_CA:1511588|UNRESOLVED_HISTORICAL_CA:1526421|UNRESOLVED_HISTORICAL_CA:1526422|UNRESOLVED_HISTORICAL_CA:1526423|UNRESOLVED_HISTORICAL_CA:1526424|UNRESOLVED_HISTORICAL_CA:1594469|UNRESOLVED_HISTORICAL_CA:1595777|UNRESOLVED_HISTORICAL_CA:1608261|UNRESOLVED_HISTORICAL_CA:1608719|UNRESOLVED_HISTORICAL_CA:1639071
CWENE,325,2025-10-13,2026-10-08,2025-10-13,2026-07-31,True,5,1510232|1510761|1514402|1622679|1638000,2,1654680|1655191,HISTORICAL_CA_RISK_UNRESOLVED,False,False,False,UNRESOLVED_HISTORICAL_CA:1510232|UNRESOLVED_HISTORICAL_CA:1510761|UNRESOLVED_HISTORICAL_CA:1514402|UNRESOLVED_HISTORICAL_CA:1622679|UNRESOLVED_HISTORICAL_CA:1638000
DOAS,325,2025-10-13,2026-10-08,2025-10-13,2026-07-31,True,3,1563114|1576279|1589325,0,,HISTORICAL_CA_RISK_UNRESOLVED,False,False,False,UNRESOLVED_HISTORICAL_CA:1563114|UNRESOLVED_HISTORICAL_CA:1576279|UNRESOLVED_HISTORICAL_CA:1589325
DOHOL,325,2025-10-13,2026-10-08,2025-10-13,2026-07-31,True,2,1573590|1590591,0,,HISTORICAL_CA_RISK_UNRESOLVED,False,False,False,UNRESOLVED_HISTORICAL_CA:1573590|UNRESOLVED_HISTORICAL_CA:1590591
ECILC,325,2025-10-13,2026-10-08,2025-10-13,2026-07-31,True,2,1577755|1600040,1,1667913,HISTORICAL_CA_RISK_UNRESOLVED,False,False,False,UNRESOLVED_HISTORICAL_CA:1577755|UNRESOLVED_HISTORICAL_CA:1600040
ECZYT,325,2025-10-13,2026-10-08,2025-10-13,2026-07-31,True,2,1577756|1600041,0,,HISTORICAL_CA_RISK_UNRESOLVED,False,False,False,UNRESOLVED_HISTORICAL_CA:1577756|UNRESOLVED_HISTORICAL_CA:1600041
EGEEN,325,2025-10-13,2026-10-08,2025-10-13,2026-07-31,True,2,1564604|1576165,0,,HISTORICAL_CA_RISK_UNRESOLVED,False,False,False,UNRESOLVED_HISTORICAL_CA:1564604|UNRESOLVED_HISTORICAL_CA:1576165
EGGUB,325,2025-10-13,2026-10-08,2025-10-13,2026-07-31,True,3,1576725|1596939|1598185,0,,HISTORICAL_CA_RISK_UNRESOLVED,False,False,False,UNRESOLVED_HISTORICAL_CA:1576725|UNRESOLVED_HISTORICAL_CA:1596939|UNRESOLVED_HISTORICAL_CA:1598185
EKGYO,325,2025-10-13,2026-10-08,2025-10-13,2026-07-31,True,2,1567861|1599016,0,,HISTORICAL_CA_RISK_UNRESOLVED,False,False,False,UNRESOLVED_HISTORICAL_CA:1567861|UNRESOLVED_HISTORICAL_CA:1599016
ENERY,325,2025-10-13,2026-10-08,2025-10-13,2026-07-31,True,3,1610171|1618146|1618737,0,,HISTORICAL_CA_RISK_UNRESOLVED,False,False,False,UNRESOLVED_HISTORICAL_CA:1610171|UNRESOLVED_HISTORICAL_CA:1618146|UNRESOLVED_HISTORICAL_CA:1618737
ENJSA,325,2025-10-13,2026-10-08,2025-10-13,2026-07-31,True,2,1564412|1575612,0,,HISTORICAL_CA_RISK_UNRESOLVED,False,False,False,UNRESOLVED_HISTORICAL_CA:1564412|UNRESOLVED_HISTORICAL_CA:1575612
ENKAI,325,2025-10-13,2026-10-08,2025-10-13,2026-07-31,True,2,1566493|1577628,0,,HISTORICAL_CA_RISK_UNRESOLVED,False,False,False,UNRESOLVED_HISTORICAL_CA:1566493|UNRESOLVED_HISTORICAL_CA:1577628
ENTRA,328,2025-10-16,2026-10-08,2025-10-16,2026-07-31,True,8,1595809|1596963|1607067|1610874|1617530|1618075|1621120|1638970,0,,HISTORICAL_CA_RISK_UNRESOLVED,False,False,False,UNRESOLVED_HISTORICAL_CA:1595809|UNRESOLVED_HISTORICAL_CA:1596963|UNRESOLVED_HISTORICAL_CA:1607067|UNRESOLVED_HISTORICAL_CA:1610874|UNRESOLVED_HISTORICAL_CA:1617530|UNRESOLVED_HISTORICAL_CA:1618075|UNRESOLVED_HISTORICAL_CA:1621120|UNRESOLVED_HISTORICAL_CA:1638970
EREGL,325,2025-10-13,2026-10-08,2025-10-13,2026-07-31,True,4,1565152|1576833|1578858|1598409,0,,HISTORICAL_CA_RISK_UNRESOLVED,False,False,False,UNRESOLVED_HISTORICAL_CA:1565152|UNRESOLVED_HISTORICAL_CA:1576833|UNRESOLVED_HISTORICAL_CA:1578858|UNRESOLVED_HISTORICAL_CA:1598409
EUREN,325,2025-10-13,2026-10-08,2025-10-13,2026-07-31,True,3,1594433|1594798|1607014,0,,HISTORICAL_CA_RISK_UNRESOLVED,False,False,False,UNRESOLVED_HISTORICAL_CA:1594433|UNRESOLVED_HISTORICAL_CA:1594798|UNRESOLVED_HISTORICAL_CA:1607014
FENER,325,2025-10-13,2026-10-08,2025-10-13,2026-07-31,True,13,1507966|1520267|1520268|1520603|1520922|1531470|1532142|1532323|1544891|1545371|1546944|1556573|1597282,1,1653656,HISTORICAL_CA_RISK_UNRESOLVED,False,False,False,UNRESOLVED_HISTORICAL_CA:1507966|UNRESOLVED_HISTORICAL_CA:1520267|UNRESOLVED_HISTORICAL_CA:1520268|UNRESOLVED_HISTORICAL_CA:1520603|UNRESOLVED_HISTORICAL_CA:1520922|UNRESOLVED_HISTORICAL_CA:1531470|UNRESOLVED_HISTORICAL_CA:1532142|UNRESOLVED_HISTORICAL_CA:1532323|UNRESOLVED_HISTORICAL_CA:1544891|UNRESOLVED_HISTORICAL_CA:1545371|UNRESOLVED_HISTORICAL_CA:1546944|UNRESOLVED_HISTORICAL_CA:1556573|UNRESOLVED_HISTORICAL_CA:1597282
FROTO,325,2025-10-13,2026-10-08,2025-10-13,2026-07-31,True,4,1509356|1521070|1557060|1571600,0,,HISTORICAL_CA_RISK_UNRESOLVED,False,False,False,UNRESOLVED_HISTORICAL_CA:1509356|UNRESOLVED_HISTORICAL_CA:1521070|UNRESOLVED_HISTORICAL_CA:1557060|UNRESOLVED_HISTORICAL_CA:1571600
GARAN,325,2025-10-13,2026-10-08,2025-10-13,2026-07-31,True,2,1566045|1581049,0,,HISTORICAL_CA_RISK_UNRESOLVED,False,False,False,UNRESOLVED_HISTORICAL_CA:1566045|UNRESOLVED_HISTORICAL_CA:1581049
GLRMK,325,2025-10-13,2026-10-08,2025-10-13,2026-07-31,True,7,1596568|1597820|1600774|1601407|1604089|1606141|1612055,0,,HISTORICAL_CA_RISK_UNRESOLVED,False,False,False,UNRESOLVED_HISTORICAL_CA:1596568|UNRESOLVED_HISTORICAL_CA:1597820|UNRESOLVED_HISTORICAL_CA:1600774|UNRESOLVED_HISTORICAL_CA:1601407|UNRESOLVED_HISTORICAL_CA:1604089|UNRESOLVED_HISTORICAL_CA:1606141|UNRESOLVED_HISTORICAL_CA:1612055
GLYHO,325,2025-10-13,2026-10-08,2025-10-13,2026-07-31,True,2,1594450|1607530,0,,HISTORICAL_CA_RISK_UNRESOLVED,False,False,False,UNRESOLVED_HISTORICAL_CA:1594450|UNRESOLVED_HISTORICAL_CA:1607530
GRSEL,325,2025-10-13,2026-10-08,2025-10-13,2026-07-31,True,3,1582812|1601357|1602349,0,,HISTORICAL_CA_RISK_UNRESOLVED,False,False,False,UNRESOLVED_HISTORICAL_CA:1582812|UNRESOLVED_HISTORICAL_CA:1601357|UNRESOLVED_HISTORICAL_CA:1602349
GUBRF,325,2025-10-13,2026-10-08,2025-10-13,2026-07-31,True,2,1591430|1604404,4,1657500|1658176|1670023|1674751,HISTORICAL_CA_RISK_UNRESOLVED,False,False,False,UNRESOLVED_HISTORICAL_CA:1591430|UNRESOLVED_HISTORICAL_CA:1604404
GWIND,325,2025-10-13,2026-10-08,2025-10-13,2026-07-31,True,3,1519666|1569063|1583162,0,,HISTORICAL_CA_RISK_UNRESOLVED,False,False,False,UNRESOLVED_HISTORICAL_CA:1519666|UNRESOLVED_HISTORICAL_CA:1569063|UNRESOLVED_HISTORICAL_CA:1583162
HALKB,325,2025-10-13,2026-10-08,2025-10-13,2026-07-31,True,2,1571946|1590331,3,1645607|1655506|1655601,HISTORICAL_CA_RISK_UNRESOLVED,False,False,False,UNRESOLVED_HISTORICAL_CA:1571946|UNRESOLVED_HISTORICAL_CA:1590331
HEKTS,325,2025-10-13,2026-10-08,2025-10-13,2026-07-31,True,4,1592592|1602857|1623404|1624193,2,1667943|1672585,HISTORICAL_CA_RISK_UNRESOLVED,False,False,False,UNRESOLVED_HISTORICAL_CA:1592592|UNRESOLVED_HISTORICAL_CA:1602857|UNRESOLVED_HISTORICAL_CA:1623404|UNRESOLVED_HISTORICAL_CA:1624193
ISCTR,325,2025-10-13,2026-10-08,2025-10-13,2026-07-31,True,2,1561582|1580260,0,,HISTORICAL_CA_RISK_UNRESOLVED,False,False,False,UNRESOLVED_HISTORICAL_CA:1561582|UNRESOLVED_HISTORICAL_CA:1580260
ISDMR,325,2025-10-13,2026-10-08,2025-10-13,2026-07-31,True,4,1565148|1576673|1578853|1598404,0,,HISTORICAL_CA_RISK_UNRESOLVED,False,False,False,UNRESOLVED_HISTORICAL_CA:1565148|UNRESOLVED_HISTORICAL_CA:1576673|UNRESOLVED_HISTORICAL_CA:1578853|UNRESOLVED_HISTORICAL_CA:1598404
ISMEN,325,2025-10-13,2026-10-08,2025-10-13,2026-07-31,True,6,1507950|1507969|1509847|1556628|1566774|1579549,0,,HISTORICAL_CA_RISK_UNRESOLVED,False,False,False,UNRESOLVED_HISTORICAL_CA:1507950|UNRESOLVED_HISTORICAL_CA:1507969|UNRESOLVED_HISTORICAL_CA:1509847|UNRESOLVED_HISTORICAL_CA:1556628|UNRESOLVED_HISTORICAL_CA:1566774|UNRESOLVED_HISTORICAL_CA:1579549
KARSN,325,2025-10-13,2026-10-08,2025-10-13,2026-07-31,True,2,1583016|1599833,0,,HISTORICAL_CA_RISK_UNRESOLVED,False,False,False,UNRESOLVED_HISTORICAL_CA:1583016|UNRESOLVED_HISTORICAL_CA:1599833
KATMR,325,2025-10-13,2026-10-08,2025-10-13,2026-07-31,True,1,1517877,1,1661245,HISTORICAL_CA_RISK_UNRESOLVED,False,False,False,UNRESOLVED_HISTORICAL_CA:1517877
KCAER,325,2025-10-13,2026-10-08,2025-10-13,2026-07-31,True,2,1600847|1613110,0,,HISTORICAL_CA_RISK_UNRESOLVED,False,False,False,UNRESOLVED_HISTORICAL_CA:1600847|UNRESOLVED_HISTORICAL_CA:1613110
KCHOL,325,2025-10-13,2026-10-08,2025-10-13,2026-07-31,True,11,1524012|1525363|1526086|1527530|1528725|1533919|1548136|1552604|1559307|1574205|1639734,0,,HISTORICAL_CA_RISK_UNRESOLVED,False,False,False,UNRESOLVED_HISTORICAL_CA:1524012|UNRESOLVED_HISTORICAL_CA:1525363|UNRESOLVED_HISTORICAL_CA:1526086|UNRESOLVED_HISTORICAL_CA:1527530|UNRESOLVED_HISTORICAL_CA:1528725|UNRESOLVED_HISTORICAL_CA:1533919|UNRESOLVED_HISTORICAL_CA:1548136|UNRESOLVED_HISTORICAL_CA:1552604|UNRESOLVED_HISTORICAL_CA:1559307|UNRESOLVED_HISTORICAL_CA:1574205|UNRESOLVED_HISTORICAL_CA:1639734
KORDS,329,2025-10-17,2026-10-08,2025-10-17,2026-07-31,True,6,1507412|1563131|1566290|1579839|1636752|1638001,4,1661783|1663784|1664867|1670572,HISTORICAL_CA_RISK_UNRESOLVED,False,False,False,UNRESOLVED_HISTORICAL_CA:1507412|UNRESOLVED_HISTORICAL_CA:1563131|UNRESOLVED_HISTORICAL_CA:1566290|UNRESOLVED_HISTORICAL_CA:1579839|UNRESOLVED_HISTORICAL_CA:1636752|UNRESOLVED_HISTORICAL_CA:1638001
KRDMD,325,2025-10-13,2026-10-08,2025-10-13,2026-07-31,True,2,1572603|1591013,0,,HISTORICAL_CA_RISK_UNRESOLVED,False,False,False,UNRESOLVED_HISTORICAL_CA:1572603|UNRESOLVED_HISTORICAL_CA:1591013
LMKDC,325,2025-10-13,2026-10-08,2025-10-13,2026-07-31,True,2,1596355|1607865,0,,HISTORICAL_CA_RISK_UNRESOLVED,False,False,False,UNRESOLVED_HISTORICAL_CA:1596355|UNRESOLVED_HISTORICAL_CA:1607865
MAVI,325,2025-10-13,2026-10-08,2025-10-13,2026-07-31,True,2,1573612|1598581,2,1642637|1644470,HISTORICAL_CA_RISK_UNRESOLVED,False,False,False,UNRESOLVED_HISTORICAL_CA:1573612|UNRESOLVED_HISTORICAL_CA:1598581
MGROS,325,2025-10-13,2026-10-08,2025-10-13,2026-07-31,True,2,1574285|1592676,0,,HISTORICAL_CA_RISK_UNRESOLVED,False,False,False,UNRESOLVED_HISTORICAL_CA:1574285|UNRESOLVED_HISTORICAL_CA:1592676
MPARK,325,2025-10-13,2026-10-08,2025-10-13,2026-07-31,True,2,1580837|1598023,0,,HISTORICAL_CA_RISK_UNRESOLVED,False,False,False,UNRESOLVED_HISTORICAL_CA:1580837|UNRESOLVED_HISTORICAL_CA:1598023
OBAMS,325,2025-10-13,2026-10-08,2025-10-13,2026-07-31,True,7,1516306|1520373|1520745|1520751|1522293|1603872|1615088,0,,HISTORICAL_CA_RISK_UNRESOLVED,False,False,False,UNRESOLVED_HISTORICAL_CA:1516306|UNRESOLVED_HISTORICAL_CA:1520373|UNRESOLVED_HISTORICAL_CA:1520745|UNRESOLVED_HISTORICAL_CA:1520751|UNRESOLVED_HISTORICAL_CA:1522293|UNRESOLVED_HISTORICAL_CA:1603872|UNRESOLVED_HISTORICAL_CA:1615088
ODAS,325,2025-10-13,2026-10-08,2025-10-13,2026-07-31,True,2,1516497|1527434,0,,HISTORICAL_CA_RISK_UNRESOLVED,False,False,False,UNRESOLVED_HISTORICAL_CA:1516497|UNRESOLVED_HISTORICAL_CA:1527434
OTKAR,325,2025-10-13,2026-10-08,2025-10-13,2026-07-31,True,4,1555960|1569957|1639734|1639740,0,,HISTORICAL_CA_RISK_UNRESOLVED,False,False,False,UNRESOLVED_HISTORICAL_CA:1555960|UNRESOLVED_HISTORICAL_CA:1569957|UNRESOLVED_HISTORICAL_CA:1639734|UNRESOLVED_HISTORICAL_CA:1639740
OYAKC,325,2025-10-13,2026-10-08,2025-10-13,2026-07-31,True,2,1567718|1581260,0,,HISTORICAL_CA_RISK_UNRESOLVED,False,False,False,UNRESOLVED_HISTORICAL_CA:1567718|UNRESOLVED_HISTORICAL_CA:1581260
PAHOL,224,,,,,False,0,,0,,PRICE_HISTORY_INSUFFICIENT,False,False,False,ADJ_CLOSE_252_REQUIRED
PETKM,325,2025-10-13,2026-10-08,2025-10-13,2026-07-31,True,2,1595805|1608216,0,,HISTORICAL_CA_RISK_UNRESOLVED,False,False,False,UNRESOLVED_HISTORICAL_CA:1595805|UNRESOLVED_HISTORICAL_CA:1608216
PGSUS,325,2025-10-13,2026-10-08,2025-10-13,2026-07-31,True,2,1566093|1580370,0,,HISTORICAL_CA_RISK_UNRESOLVED,False,False,False,UNRESOLVED_HISTORICAL_CA:1566093|UNRESOLVED_HISTORICAL_CA:1580370
RGYAS,325,2025-10-13,2026-10-08,2025-10-13,2026-07-31,True,10,1511318|1518300|1526531|1527351|1541073|1544330|1587022|1624132|1634271|1635523,6,1646542|1668305|1669662|1670550|1671678|1672991,HISTORICAL_CA_RISK_UNRESOLVED,False,False,False,UNRESOLVED_HISTORICAL_CA:1511318|UNRESOLVED_HISTORICAL_CA:1518300|UNRESOLVED_HISTORICAL_CA:1526531|UNRESOLVED_HISTORICAL_CA:1527351|UNRESOLVED_HISTORICAL_CA:1541073|UNRESOLVED_HISTORICAL_CA:1544330|UNRESOLVED_HISTORICAL_CA:1587022|UNRESOLVED_HISTORICAL_CA:1624132|UNRESOLVED_HISTORICAL_CA:1634271|UNRESOLVED_HISTORICAL_CA:1635523
RYSAS,325,2025-10-13,2026-10-08,2025-10-13,2026-07-31,True,7,1510035|1510036|1510037|1510385|1582995|1595406|1598761,2,1650604|1656680,HISTORICAL_CA_RISK_UNRESOLVED,False,False,False,UNRESOLVED_HISTORICAL_CA:1510035|UNRESOLVED_HISTORICAL_CA:1510036|UNRESOLVED_HISTORICAL_CA:1510037|UNRESOLVED_HISTORICAL_CA:1510385|UNRESOLVED_HISTORICAL_CA:1582995|UNRESOLVED_HISTORICAL_CA:1595406|UNRESOLVED_HISTORICAL_CA:1598761
SAHOL,325,2025-10-13,2026-10-08,2025-10-13,2026-07-31,True,2,1566022|1580562,0,,HISTORICAL_CA_RISK_UNRESOLVED,False,False,False,UNRESOLVED_HISTORICAL_CA:1566022|UNRESOLVED_HISTORICAL_CA:1580562
SASA,325,2025-10-13,2026-10-08,2025-10-13,2026-07-31,True,14,1582408|1582981|1590967|1601205|1603021|1610042|1612739|1613299|1613469|1615928|1619643|1619896|1622784|1628718,3,1643990|1651300|1654175,HISTORICAL_CA_RISK_UNRESOLVED,False,False,False,UNRESOLVED_HISTORICAL_CA:1582408|UNRESOLVED_HISTORICAL_CA:1582981|UNRESOLVED_HISTORICAL_CA:1590967|UNRESOLVED_HISTORICAL_CA:1601205|UNRESOLVED_HISTORICAL_CA:1603021|UNRESOLVED_HISTORICAL_CA:1610042|UNRESOLVED_HISTORICAL_CA:1612739|UNRESOLVED_HISTORICAL_CA:1613299|UNRESOLVED_HISTORICAL_CA:1613469|UNRESOLVED_HISTORICAL_CA:1615928|UNRESOLVED_HISTORICAL_CA:1619643|UNRESOLVED_HISTORICAL_CA:1619896|UNRESOLVED_HISTORICAL_CA:1622784|UNRESOLVED_HISTORICAL_CA:1628718
SISE,325,2025-10-13,2026-10-08,2025-10-13,2026-07-31,True,3,1566043|1566638|1577707,0,,HISTORICAL_CA_RISK_UNRESOLVED,False,False,False,UNRESOLVED_HISTORICAL_CA:1566043|UNRESOLVED_HISTORICAL_CA:1566638|UNRESOLVED_HISTORICAL_CA:1577707
SNGYO,325,2025-10-13,2026-10-08,2025-10-13,2026-07-31,True,2,1607691|1618575,0,,HISTORICAL_CA_RISK_UNRESOLVED,False,False,False,UNRESOLVED_HISTORICAL_CA:1607691|UNRESOLVED_HISTORICAL_CA:1618575
SOKM,325,2025-10-13,2026-10-08,2025-10-13,2026-07-31,True,5,1602781|1605654|1622148|1636766|1641660,1,1648213,HISTORICAL_CA_RISK_UNRESOLVED,False,False,False,UNRESOLVED_HISTORICAL_CA:1602781|UNRESOLVED_HISTORICAL_CA:1605654|UNRESOLVED_HISTORICAL_CA:1622148|UNRESOLVED_HISTORICAL_CA:1636766|UNRESOLVED_HISTORICAL_CA:1641660
TABGD,325,2025-10-13,2026-10-08,2025-10-13,2026-07-31,True,3,1602822|1603304|1612219,0,,HISTORICAL_CA_RISK_UNRESOLVED,False,False,False,UNRESOLVED_HISTORICAL_CA:1602822|UNRESOLVED_HISTORICAL_CA:1603304|UNRESOLVED_HISTORICAL_CA:1612219
TAVHL,325,2025-10-13,2026-10-08,2025-10-13,2026-07-31,True,7,1503897|1507659|1508282|1517737|1517969|1558033|1577389,0,,HISTORICAL_CA_RISK_UNRESOLVED,False,False,False,UNRESOLVED_HISTORICAL_CA:1503897|UNRESOLVED_HISTORICAL_CA:1507659|UNRESOLVED_HISTORICAL_CA:1508282|UNRESOLVED_HISTORICAL_CA:1517737|UNRESOLVED_HISTORICAL_CA:1517969|UNRESOLVED_HISTORICAL_CA:1558033|UNRESOLVED_HISTORICAL_CA:1577389
TCELL,325,2025-10-13,2026-10-08,2025-10-13,2026-07-31,True,4,1520652|1531701|1573684|1602814,0,,HISTORICAL_CA_RISK_UNRESOLVED,False,False,False,UNRESOLVED_HISTORICAL_CA:1520652|UNRESOLVED_HISTORICAL_CA:1531701|UNRESOLVED_HISTORICAL_CA:1573684|UNRESOLVED_HISTORICAL_CA:1602814
TCKRC,325,2025-10-13,2026-10-08,2025-10-13,2026-07-31,True,2,1571924|1590325,0,,HISTORICAL_CA_RISK_UNRESOLVED,False,False,False,UNRESOLVED_HISTORICAL_CA:1571924|UNRESOLVED_HISTORICAL_CA:1590325
THYAO,325,2025-10-13,2026-10-08,2025-10-13,2026-07-31,True,1,1590365,0,,HISTORICAL_CA_RISK_UNRESOLVED,False,False,False,UNRESOLVED_HISTORICAL_CA:1590365
TKFEN,325,2025-10-13,2026-10-08,2025-10-13,2026-07-31,True,0,,2,1643702|1658689,RECENT_CA_RISK_UNRESOLVED,False,False,False,UNRESOLVED_RECENT_CA:1643702|UNRESOLVED_RECENT_CA:1658689
TOASO,325,2025-10-13,2026-10-08,2025-10-13,2026-07-31,True,4,1508478|1510177|1557935|1573202,0,,HISTORICAL_CA_RISK_UNRESOLVED,False,False,False,UNRESOLVED_HISTORICAL_CA:1508478|UNRESOLVED_HISTORICAL_CA:1510177|UNRESOLVED_HISTORICAL_CA:1557935|UNRESOLVED_HISTORICAL_CA:1573202
TRALT,325,2025-10-13,2026-10-08,2025-10-13,2026-07-31,True,4,1507942|1622735|1635844|1639873,0,,HISTORICAL_CA_RISK_UNRESOLVED,False,False,False,UNRESOLVED_HISTORICAL_CA:1507942|UNRESOLVED_HISTORICAL_CA:1622735|UNRESOLVED_HISTORICAL_CA:1635844|UNRESOLVED_HISTORICAL_CA:1639873
TRENJ,325,2025-10-13,2026-10-08,2025-10-13,2026-07-31,True,3,1507559|1623302|1639871,0,,HISTORICAL_CA_RISK_UNRESOLVED,False,False,False,UNRESOLVED_HISTORICAL_CA:1507559|UNRESOLVED_HISTORICAL_CA:1623302|UNRESOLVED_HISTORICAL_CA:1639871
TRGYO,325,2025-10-13,2026-10-08,2025-10-13,2026-07-31,True,2,1596687|1608016,1,1664212,HISTORICAL_CA_RISK_UNRESOLVED,False,False,False,UNRESOLVED_HISTORICAL_CA:1596687|UNRESOLVED_HISTORICAL_CA:1608016
TRMET,325,2025-10-13,2026-10-08,2025-10-13,2026-07-31,True,3,1507550|1623304|1639872,0,,HISTORICAL_CA_RISK_UNRESOLVED,False,False,False,UNRESOLVED_HISTORICAL_CA:1507550|UNRESOLVED_HISTORICAL_CA:1623304|UNRESOLVED_HISTORICAL_CA:1639872
TSKB,325,2025-10-13,2026-10-08,2025-10-13,2026-07-31,True,8,1505186|1507463|1507950|1507969|1509847|1556628|1562103|1576340,0,,HISTORICAL_CA_RISK_UNRESOLVED,False,False,False,UNRESOLVED_HISTORICAL_CA:1505186|UNRESOLVED_HISTORICAL_CA:1507463|UNRESOLVED_HISTORICAL_CA:1507950|UNRESOLVED_HISTORICAL_CA:1507969|UNRESOLVED_HISTORICAL_CA:1509847|UNRESOLVED_HISTORICAL_CA:1556628|UNRESOLVED_HISTORICAL_CA:1562103|UNRESOLVED_HISTORICAL_CA:1576340
TTKOM,325,2025-10-13,2026-10-08,2025-10-13,2026-07-31,True,2,1572522|1590051,0,,HISTORICAL_CA_RISK_UNRESOLVED,False,False,False,UNRESOLVED_HISTORICAL_CA:1572522|UNRESOLVED_HISTORICAL_CA:1590051
TTRAK,325,2025-10-13,2026-10-08,2025-10-13,2026-07-31,True,2,1555157|1569214,0,,HISTORICAL_CA_RISK_UNRESOLVED,False,False,False,UNRESOLVED_HISTORICAL_CA:1555157|UNRESOLVED_HISTORICAL_CA:1569214
TUKAS,325,2025-10-13,2026-10-08,2025-10-13,2026-07-31,True,2,1576629|1602139,0,,HISTORICAL_CA_RISK_UNRESOLVED,False,False,False,UNRESOLVED_HISTORICAL_CA:1576629|UNRESOLVED_HISTORICAL_CA:1602139
TUPRS,325,2025-10-13,2026-10-08,2025-10-13,2026-07-31,True,2,1554108|1570793,0,,HISTORICAL_CA_RISK_UNRESOLVED,False,False,False,UNRESOLVED_HISTORICAL_CA:1554108|UNRESOLVED_HISTORICAL_CA:1570793
TURSG,328,2025-10-16,2026-10-08,2025-10-16,2026-07-31,True,8,1572520|1572527|1589851|1593096|1616101|1616567|1617170|1619813,0,,HISTORICAL_CA_RISK_UNRESOLVED,False,False,False,UNRESOLVED_HISTORICAL_CA:1572520|UNRESOLVED_HISTORICAL_CA:1572527|UNRESOLVED_HISTORICAL_CA:1589851|UNRESOLVED_HISTORICAL_CA:1593096|UNRESOLVED_HISTORICAL_CA:1616101|UNRESOLVED_HISTORICAL_CA:1616567|UNRESOLVED_HISTORICAL_CA:1617170|UNRESOLVED_HISTORICAL_CA:1619813
ULKER,325,2025-10-13,2026-10-08,2025-10-13,2026-07-31,True,2,1605088|1614941,0,,HISTORICAL_CA_RISK_UNRESOLVED,False,False,False,UNRESOLVED_HISTORICAL_CA:1605088|UNRESOLVED_HISTORICAL_CA:1614941
VAKBN,325,2025-10-13,2026-10-08,2025-10-13,2026-07-31,True,2,1571936|1590368,0,,HISTORICAL_CA_RISK_UNRESOLVED,False,False,False,UNRESOLVED_HISTORICAL_CA:1571936|UNRESOLVED_HISTORICAL_CA:1590368
VESTL,325,2025-10-13,2026-10-08,2025-10-13,2026-07-31,True,2,1594456|1607569,0,,HISTORICAL_CA_RISK_UNRESOLVED,False,False,False,UNRESOLVED_HISTORICAL_CA:1594456|UNRESOLVED_HISTORICAL_CA:1607569
YKBNK,325,2025-10-13,2026-10-08,2025-10-13,2026-07-31,True,2,1556665|1572009,0,,HISTORICAL_CA_RISK_UNRESOLVED,False,False,False,UNRESOLVED_HISTORICAL_CA:1556665|UNRESOLVED_HISTORICAL_CA:1572009
ZOREN,325,2025-10-13,2026-10-08,2025-10-13,2026-07-31,True,3,1595752|1596316|1608272,0,,HISTORICAL_CA_RISK_UNRESOLVED,False,False,False,UNRESOLVED_HISTORICAL_CA:1595752|UNRESOLVED_HISTORICAL_CA:1596316|UNRESOLVED_HISTORICAL_CA:1608272
