ticker,finite_positive_adj_close_observations,lookback_start,lookback_end,historical_start,historical_end,price_history_sufficient
AEFES,325,2025-10-13,2026-10-08,2025-10-13,2026-07-31,True
AGHOL,325,2025-10-13,2026-10-08,2025-10-13,2026-07-31,True
AHGAZ,325,2025-10-13,2026-10-08,2025-10-13,2026-07-31,True
AKBNK,325,2025-10-13,2026-10-08,2025-10-13,2026-07-31,True
AKCNS,325,2025-10-13,2026-10-08,2025-10-13,2026-07-31,True
AKFYE,329,2025-10-17,2026-10-08,2025-10-17,2026-07-31,True
AKSA,325,2025-10-13,2026-10-08,2025-10-13,2026-07-31,True
AKSEN,325,2025-10-13,2026-10-08,2025-10-13,2026-07-31,True
ALARK,325,2025-10-13,2026-10-08,2025-10-13,2026-07-31,True
ALBRK,325,2025-10-13,2026-10-08,2025-10-13,2026-07-31,True
ALTNY,325,2025-10-13,2026-10-08,2025-10-13,2026-07-31,True
ANHYT,325,2025-10-13,2026-10-08,2025-10-13,2026-07-31,True
ANSGR,325,2025-10-13,2026-10-08,2025-10-13,2026-07-31,True
ARCLK,325,2025-10-13,2026-10-08,2025-10-13,2026-07-31,True
ASELS,325,2025-10-13,2026-10-08,2025-10-13,2026-07-31,True
ASTOR,325,2025-10-13,2026-10-08,2025-10-13,2026-07-31,True
AYGAZ,325,2025-10-13,2026-10-08,2025-10-13,2026-07-31,True
BERA,325,2025-10-13,2026-10-08,2025-10-13,2026-07-31,True
BIMAS,327,2025-10-15,2026-10-08,2025-10-15,2026-07-31,True
BINHO,325,2025-10-13,2026-10-08,2025-10-13,2026-07-31,True
BRSAN,325,2025-10-13,2026-10-08,2025-10-13,2026-07-31,True
BRYAT,325,2025-10-13,2026-10-08,2025-10-13,2026-07-31,True
BTCIM,325,2025-10-13,2026-10-08,2025-10-13,2026-07-31,True
CANTE,325,2025-10-13,2026-10-08,2025-10-13,2026-07-31,True
CCOLA,325,2025-10-13,2026-10-08,2025-10-13,2026-07-31,True
CIMSA,325,2025-10-13,2026-10-08,2025-10-13,2026-07-31,True
CVKMD,325,2025-10-13,2026-10-08,2025-10-13,2026-07-31,True
CWENE,325,2025-10-13,2026-10-08,2025-10-13,2026-07-31,True
DOAS,325,2025-10-13,2026-10-08,2025-10-13,2026-07-31,True
DOHOL,325,2025-10-13,2026-10-08,2025-10-13,2026-07-31,True
ECILC,325,2025-10-13,2026-10-08,2025-10-13,2026-07-31,True
ECZYT,325,2025-10-13,2026-10-08,2025-10-13,2026-07-31,True
EGEEN,325,2025-10-13,2026-10-08,2025-10-13,2026-07-31,True
EGGUB,325,2025-10-13,2026-10-08,2025-10-13,2026-07-31,True
EKGYO,325,2025-10-13,2026-10-08,2025-10-13,2026-07-31,True
ENERY,325,2025-10-13,2026-10-08,2025-10-13,2026-07-31,True
ENJSA,325,2025-10-13,2026-10-08,2025-10-13,2026-07-31,True
ENKAI,325,2025-10-13,2026-10-08,2025-10-13,2026-07-31,True
ENTRA,328,2025-10-16,2026-10-08,2025-10-16,2026-07-31,True
EREGL,325,2025-10-13,2026-10-08,2025-10-13,2026-07-31,True
EUREN,325,2025-10-13,2026-10-08,2025-10-13,2026-07-31,True
FENER,325,2025-10-13,2026-10-08,2025-10-13,2026-07-31,True
FROTO,325,2025-10-13,2026-10-08,2025-10-13,2026-07-31,True
GARAN,325,2025-10-13,2026-10-08,2025-10-13,2026-07-31,True
GLRMK,325,2025-10-13,2026-10-08,2025-10-13,2026-07-31,True
GLYHO,325,2025-10-13,2026-10-08,2025-10-13,2026-07-31,True
GRSEL,325,2025-10-13,2026-10-08,2025-10-13,2026-07-31,True
GUBRF,325,2025-10-13,2026-10-08,2025-10-13,2026-07-31,True
GWIND,325,2025-10-13,2026-10-08,2025-10-13,2026-07-31,True
HALKB,325,2025-10-13,2026-10-08,2025-10-13,2026-07-31,True
HEKTS,325,2025-10-13,2026-10-08,2025-10-13,2026-07-31,True
ISCTR,325,2025-10-13,2026-10-08,2025-10-13,2026-07-31,True
ISDMR,325,2025-10-13,2026-10-08,2025-10-13,2026-07-31,True
ISMEN,325,2025-10-13,2026-10-08,2025-10-13,2026-07-31,True
KARSN,325,2025-10-13,2026-10-08,2025-10-13,2026-07-31,True
KATMR,325,2025-10-13,2026-10-08,2025-10-13,2026-07-31,True
KCAER,325,2025-10-13,2026-10-08,2025-10-13,2026-07-31,True
KCHOL,325,2025-10-13,2026-10-08,2025-10-13,2026-07-31,True
KORDS,329,2025-10-17,2026-10-08,2025-10-17,2026-07-31,True
KRDMD,325,2025-10-13,2026-10-08,2025-10-13,2026-07-31,True
LMKDC,325,2025-10-13,2026-10-08,2025-10-13,2026-07-31,True
MAVI,325,2025-10-13,2026-10-08,2025-10-13,2026-07-31,True
MGROS,325,2025-10-13,2026-10-08,2025-10-13,2026-07-31,True
MPARK,325,2025-10-13,2026-10-08,2025-10-13,2026-07-31,True
OBAMS,325,2025-10-13,2026-10-08,2025-10-13,2026-07-31,True
ODAS,325,2025-10-13,2026-10-08,2025-10-13,2026-07-31,True
OTKAR,325,2025-10-13,2026-10-08,2025-10-13,2026-07-31,True
OYAKC,325,2025-10-13,2026-10-08,2025-10-13,2026-07-31,True
PAHOL,224,,,,,False
PETKM,325,2025-10-13,2026-10-08,2025-10-13,2026-07-31,True
PGSUS,325,2025-10-13,2026-10-08,2025-10-13,2026-07-31,True
RGYAS,325,2025-10-13,2026-10-08,2025-10-13,2026-07-31,True
RYSAS,325,2025-10-13,2026-10-08,2025-10-13,2026-07-31,True
SAHOL,325,2025-10-13,2026-10-08,2025-10-13,2026-07-31,True
SASA,325,2025-10-13,2026-10-08,2025-10-13,2026-07-31,True
SISE,325,2025-10-13,2026-10-08,2025-10-13,2026-07-31,True
SNGYO,325,2025-10-13,2026-10-08,2025-10-13,2026-07-31,True
SOKM,325,2025-10-13,2026-10-08,2025-10-13,2026-07-31,True
TABGD,325,2025-10-13,2026-10-08,2025-10-13,2026-07-31,True
TAVHL,325,2025-10-13,2026-10-08,2025-10-13,2026-07-31,True
TCELL,325,2025-10-13,2026-10-08,2025-10-13,2026-07-31,True
TCKRC,325,2025-10-13,2026-10-08,2025-10-13,2026-07-31,True
THYAO,325,2025-10-13,2026-10-08,2025-10-13,2026-07-31,True
TKFEN,325,2025-10-13,2026-10-08,2025-10-13,2026-07-31,True
TOASO,325,2025-10-13,2026-10-08,2025-10-13,2026-07-31,True
TRALT,325,2025-10-13,2026-10-08,2025-10-13,2026-07-31,True
TRENJ,325,2025-10-13,2026-10-08,2025-10-13,2026-07-31,True
TRGYO,325,2025-10-13,2026-10-08,2025-10-13,2026-07-31,True
TRMET,325,2025-10-13,2026-10-08,2025-10-13,2026-07-31,True
TSKB,325,2025-10-13,2026-10-08,2025-10-13,2026-07-31,True
TTKOM,325,2025-10-13,2026-10-08,2025-10-13,2026-07-31,True
TTRAK,325,2025-10-13,2026-10-08,2025-10-13,2026-07-31,True
TUKAS,325,2025-10-13,2026-10-08,2025-10-13,2026-07-31,True
TUPRS,325,2025-10-13,2026-10-08,2025-10-13,2026-07-31,True
TURSG,328,2025-10-16,2026-10-08,2025-10-16,2026-07-31,True
ULKER,325,2025-10-13,2026-10-08,2025-10-13,2026-07-31,True
VAKBN,325,2025-10-13,2026-10-08,2025-10-13,2026-07-31,True
VESTL,325,2025-10-13,2026-10-08,2025-10-13,2026-07-31,True
YKBNK,325,2025-10-13,2026-10-08,2025-10-13,2026-07-31,True
ZOREN,325,2025-10-13,2026-10-08,2025-10-13,2026-07-31,True
