signal_date,ticker
2020-09-01,AEFES
2020-09-01,AGHOL
2020-09-01,AKBNK
2020-09-01,AKCNS
2020-09-01,AKGRT
2020-09-01,AKSA
2020-09-01,AKSEN
2020-09-01,ALARK
2020-09-01,ALBRK
2020-09-01,ALGYO
2020-09-01,ALKIM
2020-09-01,ANACM
2020-09-01,ARCLK
2020-09-01,ASELS
2020-09-01,AYGAZ
2020-09-01,BAGFS
2020-09-01,BIMAS
2020-09-01,BIZIM
2020-09-01,BRISA
2020-09-01,BRSAN
2020-09-01,BUCIM
2020-09-01,CCOLA
2020-09-01,CEMTS
2020-09-01,CIMSA
2020-09-01,CLEBI
2020-09-01,DEVA
2020-09-01,DOAS
2020-09-01,DOCO
2020-09-01,DOHOL
2020-09-01,ECILC
2020-09-01,EGEEN
2020-09-01,EKGYO
2020-09-01,ENJSA
2020-09-01,ENKAI
2020-09-01,EREGL
2020-09-01,FROTO
2020-09-01,GARAN
2020-09-01,GLYHO
2020-09-01,GOODY
2020-09-01,GOZDE
2020-09-01,GSDHO
2020-09-01,GUBRF
2020-09-01,GUSGR
2020-09-01,HALKB
2020-09-01,HEKTS
2020-09-01,HLGYO
2020-09-01,IPEKE
2020-09-01,ISCTR
2020-09-01,ISDMR
2020-09-01,ISFIN
2020-09-01,ISGYO
2020-09-01,ISMEN
2020-09-01,KAREL
2020-09-01,KARSN
2020-09-01,KARTN
2020-09-01,KCHOL
2020-09-01,KERVT
2020-09-01,KLMSN
2020-09-01,KORDS
2020-09-01,KOZAA
2020-09-01,KOZAL
2020-09-01,KRDMD
2020-09-01,LOGO
2020-09-01,MAVI
2020-09-01,MGROS
2020-09-01,MPARK
2020-09-01,NETAS
2020-09-01,NTHOL
2020-09-01,ODAS
2020-09-01,OTKAR
2020-09-01,OYAKC
2020-09-01,OZKGY
2020-09-01,PETKM
2020-09-01,PGSUS
2020-09-01,SAHOL
2020-09-01,SASA
2020-09-01,SELEC
2020-09-01,SISE
2020-09-01,SKBNK
2020-09-01,SODA
2020-09-01,SOKM
2020-09-01,TATGD
2020-09-01,TAVHL
2020-09-01,TCELL
2020-09-01,THYAO
2020-09-01,TKFEN
2020-09-01,TMSN
2020-09-01,TOASO
2020-09-01,TRGYO
2020-09-01,TRKCM
2020-09-01,TSKB
2020-09-01,TTKOM
2020-09-01,TTRAK
2020-09-01,TUPRS
2020-09-01,ULKER
2020-09-01,VAKBN
2020-09-01,VESTL
2020-09-01,YATAS
2020-09-01,YKBNK
2020-09-01,ZOREN
2020-10-01,AEFES
2020-10-01,AGHOL
2020-10-01,AKBNK
2020-10-01,AKCNS
2020-10-01,AKGRT
2020-10-01,AKSA
2020-10-01,AKSEN
2020-10-01,AKSGY
2020-10-01,ALARK
2020-10-01,ALBRK
2020-10-01,ALCTL
2020-10-01,ALGYO
2020-10-01,ALKIM
2020-10-01,ARCLK
2020-10-01,ARDYZ
2020-10-01,ASELS
2020-10-01,AYGAZ
2020-10-01,BAGFS
2020-10-01,BIMAS
2020-10-01,BIZIM
2020-10-01,BRISA
2020-10-01,BRSAN
2020-10-01,BUCIM
2020-10-01,CCOLA
2020-10-01,CEMTS
2020-10-01,CIMSA
2020-10-01,CLEBI
2020-10-01,DEVA
2020-10-01,DOAS
2020-10-01,DOCO
2020-10-01,DOHOL
2020-10-01,ECILC
2020-10-01,EGEEN
2020-10-01,EKGYO
2020-10-01,ENJSA
2020-10-01,ENKAI
2020-10-01,EREGL
2020-10-01,FROTO
2020-10-01,GARAN
2020-10-01,GOODY
2020-10-01,GOZDE
2020-10-01,GSDHO
2020-10-01,GUBRF
2020-10-01,HALKB
2020-10-01,HEKTS
2020-10-01,HLGYO
2020-10-01,INDES
2020-10-01,IPEKE
2020-10-01,ISCTR
2020-10-01,ISDMR
2020-10-01,ISFIN
2020-10-01,ISGYO
2020-10-01,ISMEN
2020-10-01,KAREL
2020-10-01,KARTN
2020-10-01,KCHOL
2020-10-01,KERVT
2020-10-01,KORDS
2020-10-01,KOZAA
2020-10-01,KOZAL
2020-10-01,KRDMD
2020-10-01,LOGO
2020-10-01,MAVI
2020-10-01,MGROS
2020-10-01,MPARK
2020-10-01,NETAS
2020-10-01,NTHOL
2020-10-01,ODAS
2020-10-01,OTKAR
2020-10-01,OYAKC
2020-10-01,OZKGY
2020-10-01,PETKM
2020-10-01,PETUN
2020-10-01,PGSUS
2020-10-01,PNSUT
2020-10-01,SAHOL
2020-10-01,SASA
2020-10-01,SELEC
2020-10-01,SISE
2020-10-01,SKBNK
2020-10-01,SOKM
2020-10-01,TATGD
2020-10-01,TAVHL
2020-10-01,TCELL
2020-10-01,THYAO
2020-10-01,TKFEN
2020-10-01,TMSN
2020-10-01,TOASO
2020-10-01,TRGYO
2020-10-01,TSKB
2020-10-01,TTKOM
2020-10-01,TTRAK
2020-10-01,TUPRS
2020-10-01,TURSG
2020-10-01,ULKER
2020-10-01,VAKBN
2020-10-01,VESTL
2020-10-01,YATAS
2020-10-01,YKBNK
2020-10-01,ZOREN
2020-11-02,AEFES
2020-11-02,AGHOL
2020-11-02,AKBNK
2020-11-02,AKCNS
2020-11-02,AKGRT
2020-11-02,AKSA
2020-11-02,AKSEN
2020-11-02,AKSGY
2020-11-02,ALARK
2020-11-02,ALBRK
2020-11-02,ALCTL
2020-11-02,ALGYO
2020-11-02,ALKIM
2020-11-02,ARCLK
2020-11-02,ARDYZ
2020-11-02,ASELS
2020-11-02,AYGAZ
2020-11-02,BAGFS
2020-11-02,BIMAS
2020-11-02,BIZIM
2020-11-02,BRISA
2020-11-02,BRSAN
2020-11-02,BUCIM
2020-11-02,CCOLA
2020-11-02,CEMTS
2020-11-02,CIMSA
2020-11-02,CLEBI
2020-11-02,DEVA
2020-11-02,DOAS
2020-11-02,DOCO
2020-11-02,DOHOL
2020-11-02,ECILC
2020-11-02,EGEEN
2020-11-02,EKGYO
2020-11-02,ENJSA
2020-11-02,ENKAI
2020-11-02,EREGL
2020-11-02,FROTO
2020-11-02,GARAN
2020-11-02,GOODY
2020-11-02,GOZDE
2020-11-02,GSDHO
2020-11-02,GUBRF
2020-11-02,HALKB
2020-11-02,HEKTS
2020-11-02,HLGYO
2020-11-02,INDES
2020-11-02,IPEKE
2020-11-02,ISCTR
2020-11-02,ISDMR
2020-11-02,ISFIN
2020-11-02,ISGYO
2020-11-02,ISMEN
2020-11-02,KAREL
2020-11-02,KARTN
2020-11-02,KCHOL
2020-11-02,KERVT
2020-11-02,KORDS
2020-11-02,KOZAA
2020-11-02,KOZAL
2020-11-02,KRDMD
2020-11-02,LOGO
2020-11-02,MAVI
2020-11-02,MGROS
2020-11-02,MPARK
2020-11-02,NETAS
2020-11-02,NTHOL
2020-11-02,ODAS
2020-11-02,OTKAR
2020-11-02,OYAKC
2020-11-02,OZKGY
2020-11-02,PETKM
2020-11-02,PETUN
2020-11-02,PGSUS
2020-11-02,PNSUT
2020-11-02,SAHOL
2020-11-02,SASA
2020-11-02,SELEC
2020-11-02,SISE
2020-11-02,SKBNK
2020-11-02,SOKM
2020-11-02,TATGD
2020-11-02,TAVHL
2020-11-02,TCELL
2020-11-02,THYAO
2020-11-02,TKFEN
2020-11-02,TMSN
2020-11-02,TOASO
2020-11-02,TRGYO
2020-11-02,TSKB
2020-11-02,TTKOM
2020-11-02,TTRAK
2020-11-02,TUPRS
2020-11-02,TURSG
2020-11-02,ULKER
2020-11-02,VAKBN
2020-11-02,VESTL
2020-11-02,YATAS
2020-11-02,YKBNK
2020-11-02,ZOREN
2020-12-01,AEFES
2020-12-01,AGHOL
2020-12-01,AKBNK
2020-12-01,AKCNS
2020-12-01,AKGRT
2020-12-01,AKSA
2020-12-01,AKSEN
2020-12-01,AKSGY
2020-12-01,ALARK
2020-12-01,ALBRK
2020-12-01,ALCTL
2020-12-01,ALGYO
2020-12-01,ALKIM
2020-12-01,ARCLK
2020-12-01,ARDYZ
2020-12-01,ASELS
2020-12-01,AYGAZ
2020-12-01,BAGFS
2020-12-01,BIMAS
2020-12-01,BIZIM
2020-12-01,BRISA
2020-12-01,BRSAN
2020-12-01,BUCIM
2020-12-01,CCOLA
2020-12-01,CEMTS
2020-12-01,CIMSA
2020-12-01,CLEBI
2020-12-01,DEVA
2020-12-01,DOAS
2020-12-01,DOCO
2020-12-01,DOHOL
2020-12-01,ECILC
2020-12-01,EGEEN
2020-12-01,EKGYO
2020-12-01,ENJSA
2020-12-01,ENKAI
2020-12-01,EREGL
2020-12-01,FROTO
2020-12-01,GARAN
2020-12-01,GOODY
2020-12-01,GOZDE
2020-12-01,GSDHO
2020-12-01,GUBRF
2020-12-01,HALKB
2020-12-01,HEKTS
2020-12-01,HLGYO
2020-12-01,INDES
2020-12-01,IPEKE
2020-12-01,ISCTR
2020-12-01,ISDMR
2020-12-01,ISFIN
2020-12-01,ISGYO
2020-12-01,ISMEN
2020-12-01,KAREL
2020-12-01,KARTN
2020-12-01,KCHOL
2020-12-01,KERVT
2020-12-01,KORDS
2020-12-01,KOZAA
2020-12-01,KOZAL
2020-12-01,KRDMD
2020-12-01,LOGO
2020-12-01,MAVI
2020-12-01,MGROS
2020-12-01,MPARK
2020-12-01,NETAS
2020-12-01,NTHOL
2020-12-01,ODAS
2020-12-01,OTKAR
2020-12-01,OYAKC
2020-12-01,OZKGY
2020-12-01,PETKM
2020-12-01,PETUN
2020-12-01,PGSUS
2020-12-01,PNSUT
2020-12-01,SAHOL
2020-12-01,SASA
2020-12-01,SELEC
2020-12-01,SISE
2020-12-01,SKBNK
2020-12-01,SOKM
2020-12-01,TATGD
2020-12-01,TAVHL
2020-12-01,TCELL
2020-12-01,THYAO
2020-12-01,TKFEN
2020-12-01,TMSN
2020-12-01,TOASO
2020-12-01,TRGYO
2020-12-01,TSKB
2020-12-01,TTKOM
2020-12-01,TTRAK
2020-12-01,TUPRS
2020-12-01,TURSG
2020-12-01,ULKER
2020-12-01,VAKBN
2020-12-01,VESTL
2020-12-01,YATAS
2020-12-01,YKBNK
2020-12-01,ZOREN
2021-01-04,AEFES
2021-01-04,AGHOL
2021-01-04,AKBNK
2021-01-04,AKCNS
2021-01-04,AKGRT
2021-01-04,AKSA
2021-01-04,AKSEN
2021-01-04,AKSGY
2021-01-04,ALARK
2021-01-04,ALBRK
2021-01-04,ALCTL
2021-01-04,ALGYO
2021-01-04,ALKIM
2021-01-04,ARCLK
2021-01-04,ASELS
2021-01-04,AYGAZ
2021-01-04,BAGFS
2021-01-04,BERA
2021-01-04,BIMAS
2021-01-04,BIZIM
2021-01-04,BRISA
2021-01-04,BRSAN
2021-01-04,BUCIM
2021-01-04,CCOLA
2021-01-04,CEMTS
2021-01-04,CIMSA
2021-01-04,DEVA
2021-01-04,DOAS
2021-01-04,DOHOL
2021-01-04,ECILC
2021-01-04,EGEEN
2021-01-04,EGGUB
2021-01-04,EKGYO
2021-01-04,ENJSA
2021-01-04,ENKAI
2021-01-04,EREGL
2021-01-04,FROTO
2021-01-04,GARAN
2021-01-04,GOODY
2021-01-04,GOZDE
2021-01-04,GSDHO
2021-01-04,GUBRF
2021-01-04,HALKB
2021-01-04,HEKTS
2021-01-04,HLGYO
2021-01-04,IHLGM
2021-01-04,INDES
2021-01-04,IPEKE
2021-01-04,ISCTR
2021-01-04,ISDMR
2021-01-04,ISFIN
2021-01-04,ISGYO
2021-01-04,ISMEN
2021-01-04,KARSN
2021-01-04,KARTN
2021-01-04,KCHOL
2021-01-04,KERVT
2021-01-04,KONYA
2021-01-04,KORDS
2021-01-04,KOZAA
2021-01-04,KOZAL
2021-01-04,KRDMD
2021-01-04,LOGO
2021-01-04,MAVI
2021-01-04,MGROS
2021-01-04,MPARK
2021-01-04,NETAS
2021-01-04,NTHOL
2021-01-04,ODAS
2021-01-04,OTKAR
2021-01-04,OYAKC
2021-01-04,OZKGY
2021-01-04,PETKM
2021-01-04,PGSUS
2021-01-04,PNSUT
2021-01-04,SAHOL
2021-01-04,SASA
2021-01-04,SELEC
2021-01-04,SISE
2021-01-04,SKBNK
2021-01-04,SOKM
2021-01-04,TATGD
2021-01-04,TAVHL
2021-01-04,TCELL
2021-01-04,THYAO
2021-01-04,TKFEN
2021-01-04,TOASO
2021-01-04,TRGYO
2021-01-04,TSKB
2021-01-04,TTKOM
2021-01-04,TTRAK
2021-01-04,TUPRS
2021-01-04,TURSG
2021-01-04,ULKER
2021-01-04,VAKBN
2021-01-04,VERUS
2021-01-04,VESTL
2021-01-04,YATAS
2021-01-04,YKBNK
2021-01-04,ZOREN
2021-02-01,AEFES
2021-02-01,AGHOL
2021-02-01,AKBNK
2021-02-01,AKCNS
2021-02-01,AKGRT
2021-02-01,AKSA
2021-02-01,AKSEN
2021-02-01,AKSGY
2021-02-01,ALARK
2021-02-01,ALBRK
2021-02-01,ALCTL
2021-02-01,ALGYO
2021-02-01,ALKIM
2021-02-01,ARCLK
2021-02-01,ASELS
2021-02-01,AYGAZ
2021-02-01,BAGFS
2021-02-01,BERA
2021-02-01,BIMAS
2021-02-01,BIZIM
2021-02-01,BRISA
2021-02-01,BRSAN
2021-02-01,BUCIM
2021-02-01,CCOLA
2021-02-01,CEMTS
2021-02-01,CIMSA
2021-02-01,DEVA
2021-02-01,DOAS
2021-02-01,DOHOL
2021-02-01,ECILC
2021-02-01,EGEEN
2021-02-01,EGGUB
2021-02-01,EKGYO
2021-02-01,ENJSA
2021-02-01,ENKAI
2021-02-01,EREGL
2021-02-01,FROTO
2021-02-01,GARAN
2021-02-01,GOODY
2021-02-01,GOZDE
2021-02-01,GSDHO
2021-02-01,GUBRF
2021-02-01,HALKB
2021-02-01,HEKTS
2021-02-01,HLGYO
2021-02-01,IHLGM
2021-02-01,INDES
2021-02-01,IPEKE
2021-02-01,ISCTR
2021-02-01,ISDMR
2021-02-01,ISFIN
2021-02-01,ISGYO
2021-02-01,ISMEN
2021-02-01,KARSN
2021-02-01,KARTN
2021-02-01,KCHOL
2021-02-01,KERVT
2021-02-01,KONYA
2021-02-01,KORDS
2021-02-01,KOZAA
2021-02-01,KOZAL
2021-02-01,KRDMD
2021-02-01,LOGO
2021-02-01,MAVI
2021-02-01,MGROS
2021-02-01,MPARK
2021-02-01,NETAS
2021-02-01,NTHOL
2021-02-01,ODAS
2021-02-01,OTKAR
2021-02-01,OYAKC
2021-02-01,OZKGY
2021-02-01,PETKM
2021-02-01,PGSUS
2021-02-01,PNSUT
2021-02-01,SAHOL
2021-02-01,SASA
2021-02-01,SELEC
2021-02-01,SISE
2021-02-01,SKBNK
2021-02-01,SOKM
2021-02-01,TATGD
2021-02-01,TAVHL
2021-02-01,TCELL
2021-02-01,THYAO
2021-02-01,TKFEN
2021-02-01,TOASO
2021-02-01,TRGYO
2021-02-01,TSKB
2021-02-01,TTKOM
2021-02-01,TTRAK
2021-02-01,TUPRS
2021-02-01,TURSG
2021-02-01,ULKER
2021-02-01,VAKBN
2021-02-01,VERUS
2021-02-01,VESTL
2021-02-01,YATAS
2021-02-01,YKBNK
2021-02-01,ZOREN
2021-03-01,AEFES
2021-03-01,AGHOL
2021-03-01,AKBNK
2021-03-01,AKCNS
2021-03-01,AKGRT
2021-03-01,AKSA
2021-03-01,AKSEN
2021-03-01,AKSGY
2021-03-01,ALARK
2021-03-01,ALBRK
2021-03-01,ALCTL
2021-03-01,ALGYO
2021-03-01,ALKIM
2021-03-01,ARCLK
2021-03-01,ASELS
2021-03-01,AYGAZ
2021-03-01,BAGFS
2021-03-01,BERA
2021-03-01,BIMAS
2021-03-01,BIZIM
2021-03-01,BRISA
2021-03-01,BRSAN
2021-03-01,BUCIM
2021-03-01,CCOLA
2021-03-01,CEMTS
2021-03-01,CIMSA
2021-03-01,DEVA
2021-03-01,DOAS
2021-03-01,DOHOL
2021-03-01,ECILC
2021-03-01,EGEEN
2021-03-01,EGGUB
2021-03-01,EKGYO
2021-03-01,ENJSA
2021-03-01,ENKAI
2021-03-01,EREGL
2021-03-01,FROTO
2021-03-01,GARAN
2021-03-01,GOODY
2021-03-01,GOZDE
2021-03-01,GSDHO
2021-03-01,GUBRF
2021-03-01,HALKB
2021-03-01,HEKTS
2021-03-01,HLGYO
2021-03-01,IHLGM
2021-03-01,INDES
2021-03-01,IPEKE
2021-03-01,ISCTR
2021-03-01,ISDMR
2021-03-01,ISFIN
2021-03-01,ISGYO
2021-03-01,ISMEN
2021-03-01,KARSN
2021-03-01,KARTN
2021-03-01,KCHOL
2021-03-01,KERVT
2021-03-01,KONYA
2021-03-01,KORDS
2021-03-01,KOZAA
2021-03-01,KOZAL
2021-03-01,KRDMD
2021-03-01,LOGO
2021-03-01,MAVI
2021-03-01,MGROS
2021-03-01,MPARK
2021-03-01,NETAS
2021-03-01,NTHOL
2021-03-01,ODAS
2021-03-01,OTKAR
2021-03-01,OYAKC
2021-03-01,OZKGY
2021-03-01,PETKM
2021-03-01,PGSUS
2021-03-01,PNSUT
2021-03-01,SAHOL
2021-03-01,SASA
2021-03-01,SELEC
2021-03-01,SISE
2021-03-01,SKBNK
2021-03-01,SOKM
2021-03-01,TATGD
2021-03-01,TAVHL
2021-03-01,TCELL
2021-03-01,THYAO
2021-03-01,TKFEN
2021-03-01,TOASO
2021-03-01,TRGYO
2021-03-01,TSKB
2021-03-01,TTKOM
2021-03-01,TTRAK
2021-03-01,TUPRS
2021-03-01,TURSG
2021-03-01,ULKER
2021-03-01,VAKBN
2021-03-01,VERUS
2021-03-01,VESTL
2021-03-01,YATAS
2021-03-01,YKBNK
2021-03-01,ZOREN
2021-04-01,AEFES
2021-04-01,AKBNK
2021-04-01,AKSA
2021-04-01,AKSEN
2021-04-01,AKSGY
2021-04-01,ALARK
2021-04-01,ALBRK
2021-04-01,ALGYO
2021-04-01,ALKIM
2021-04-01,ARCLK
2021-04-01,ASELS
2021-04-01,BAGFS
2021-04-01,BERA
2021-04-01,BIMAS
2021-04-01,BRISA
2021-04-01,BRSAN
2021-04-01,BUCIM
2021-04-01,CCOLA
2021-04-01,CEMAS
2021-04-01,CEMTS
2021-04-01,CIMSA
2021-04-01,DEVA
2021-04-01,DOAS
2021-04-01,DOHOL
2021-04-01,ECILC
2021-04-01,EGEEN
2021-04-01,EGGUB
2021-04-01,EKGYO
2021-04-01,ENJSA
2021-04-01,EREGL
2021-04-01,ESEN
2021-04-01,FENER
2021-04-01,FROTO
2021-04-01,GARAN
2021-04-01,GOODY
2021-04-01,GOZDE
2021-04-01,GSDHO
2021-04-01,GUBRF
2021-04-01,HALKB
2021-04-01,HEKTS
2021-04-01,HLGYO
2021-04-01,IHLAS
2021-04-01,IHLGM
2021-04-01,INDES
2021-04-01,IPEKE
2021-04-01,ISCTR
2021-04-01,ISFIN
2021-04-01,ISGYO
2021-04-01,ISMEN
2021-04-01,JANTS
2021-04-01,KARSN
2021-04-01,KARTN
2021-04-01,KCHOL
2021-04-01,KERVT
2021-04-01,KONYA
2021-04-01,KORDS
2021-04-01,KOZAA
2021-04-01,KOZAL
2021-04-01,KRDMD
2021-04-01,KRVGD
2021-04-01,MAVI
2021-04-01,MGROS
2021-04-01,MPARK
2021-04-01,NETAS
2021-04-01,NTHOL
2021-04-01,NUHCM
2021-04-01,ODAS
2021-04-01,OTKAR
2021-04-01,OYAKC
2021-04-01,PARSN
2021-04-01,PETKM
2021-04-01,PGSUS
2021-04-01,POLHO
2021-04-01,SAHOL
2021-04-01,SASA
2021-04-01,SELEC
2021-04-01,SISE
2021-04-01,SKBNK
2021-04-01,SOKM
2021-04-01,TATGD
2021-04-01,TAVHL
2021-04-01,TCELL
2021-04-01,THYAO
2021-04-01,TKFEN
2021-04-01,TKNSA
2021-04-01,TOASO
2021-04-01,TRGYO
2021-04-01,TSKB
2021-04-01,TTKOM
2021-04-01,TTRAK
2021-04-01,TUKAS
2021-04-01,TUPRS
2021-04-01,TURSG
2021-04-01,ULKER
2021-04-01,VAKBN
2021-04-01,VERUS
2021-04-01,VESTL
2021-04-01,YATAS
2021-04-01,YKBNK
2021-04-01,ZOREN
2021-05-03,AEFES
2021-05-03,AKBNK
2021-05-03,AKSA
2021-05-03,AKSEN
2021-05-03,AKSGY
2021-05-03,ALARK
2021-05-03,ALBRK
2021-05-03,ALGYO
2021-05-03,ALKIM
2021-05-03,ARCLK
2021-05-03,ASELS
2021-05-03,BAGFS
2021-05-03,BERA
2021-05-03,BIMAS
2021-05-03,BRISA
2021-05-03,BRSAN
2021-05-03,BUCIM
2021-05-03,CCOLA
2021-05-03,CEMAS
2021-05-03,CEMTS
2021-05-03,CIMSA
2021-05-03,DEVA
2021-05-03,DOAS
2021-05-03,DOHOL
2021-05-03,ECILC
2021-05-03,EGEEN
2021-05-03,EGGUB
2021-05-03,EKGYO
2021-05-03,ENJSA
2021-05-03,EREGL
2021-05-03,ESEN
2021-05-03,FENER
2021-05-03,FROTO
2021-05-03,GARAN
2021-05-03,GOODY
2021-05-03,GOZDE
2021-05-03,GSDHO
2021-05-03,GUBRF
2021-05-03,HALKB
2021-05-03,HEKTS
2021-05-03,HLGYO
2021-05-03,IHLAS
2021-05-03,IHLGM
2021-05-03,INDES
2021-05-03,IPEKE
2021-05-03,ISCTR
2021-05-03,ISFIN
2021-05-03,ISGYO
2021-05-03,ISMEN
2021-05-03,JANTS
2021-05-03,KARSN
2021-05-03,KARTN
2021-05-03,KCHOL
2021-05-03,KERVT
2021-05-03,KONYA
2021-05-03,KORDS
2021-05-03,KOZAA
2021-05-03,KOZAL
2021-05-03,KRDMD
2021-05-03,KRVGD
2021-05-03,MAVI
2021-05-03,MGROS
2021-05-03,MPARK
2021-05-03,NETAS
2021-05-03,NTHOL
2021-05-03,NUHCM
2021-05-03,ODAS
2021-05-03,OTKAR
2021-05-03,OYAKC
2021-05-03,PARSN
2021-05-03,PETKM
2021-05-03,PGSUS
2021-05-03,POLHO
2021-05-03,SAHOL
2021-05-03,SASA
2021-05-03,SELEC
2021-05-03,SISE
2021-05-03,SKBNK
2021-05-03,SOKM
2021-05-03,TATGD
2021-05-03,TAVHL
2021-05-03,TCELL
2021-05-03,THYAO
2021-05-03,TKFEN
2021-05-03,TKNSA
2021-05-03,TOASO
2021-05-03,TRGYO
2021-05-03,TSKB
2021-05-03,TTKOM
2021-05-03,TTRAK
2021-05-03,TUKAS
2021-05-03,TUPRS
2021-05-03,TURSG
2021-05-03,ULKER
2021-05-03,VAKBN
2021-05-03,VERUS
2021-05-03,VESTL
2021-05-03,YATAS
2021-05-03,YKBNK
2021-05-03,ZOREN
2021-06-01,AEFES
2021-06-01,AKBNK
2021-06-01,AKSA
2021-06-01,AKSEN
2021-06-01,AKSGY
2021-06-01,ALARK
2021-06-01,ALBRK
2021-06-01,ALGYO
2021-06-01,ALKIM
2021-06-01,ARCLK
2021-06-01,ASELS
2021-06-01,BAGFS
2021-06-01,BERA
2021-06-01,BIMAS
2021-06-01,BRISA
2021-06-01,BRSAN
2021-06-01,BUCIM
2021-06-01,CCOLA
2021-06-01,CEMAS
2021-06-01,CEMTS
2021-06-01,CIMSA
2021-06-01,DEVA
2021-06-01,DOAS
2021-06-01,DOHOL
2021-06-01,ECILC
2021-06-01,EGEEN
2021-06-01,EGGUB
2021-06-01,EKGYO
2021-06-01,ENJSA
2021-06-01,EREGL
2021-06-01,ESEN
2021-06-01,FENER
2021-06-01,FROTO
2021-06-01,GARAN
2021-06-01,GOODY
2021-06-01,GOZDE
2021-06-01,GSDHO
2021-06-01,GUBRF
2021-06-01,HALKB
2021-06-01,HEKTS
2021-06-01,HLGYO
2021-06-01,IHLAS
2021-06-01,IHLGM
2021-06-01,INDES
2021-06-01,IPEKE
2021-06-01,ISCTR
2021-06-01,ISFIN
2021-06-01,ISGYO
2021-06-01,ISMEN
2021-06-01,JANTS
2021-06-01,KARSN
2021-06-01,KARTN
2021-06-01,KCHOL
2021-06-01,KERVT
2021-06-01,KONYA
2021-06-01,KORDS
2021-06-01,KOZAA
2021-06-01,KOZAL
2021-06-01,KRDMD
2021-06-01,KRVGD
2021-06-01,MAVI
2021-06-01,MGROS
2021-06-01,MPARK
2021-06-01,NETAS
2021-06-01,NTHOL
2021-06-01,NUHCM
2021-06-01,ODAS
2021-06-01,OTKAR
2021-06-01,OYAKC
2021-06-01,PARSN
2021-06-01,PETKM
2021-06-01,PGSUS
2021-06-01,POLHO
2021-06-01,SAHOL
2021-06-01,SASA
2021-06-01,SELEC
2021-06-01,SISE
2021-06-01,SKBNK
2021-06-01,SOKM
2021-06-01,TATGD
2021-06-01,TAVHL
2021-06-01,TCELL
2021-06-01,THYAO
2021-06-01,TKFEN
2021-06-01,TKNSA
2021-06-01,TOASO
2021-06-01,TRGYO
2021-06-01,TSKB
2021-06-01,TTKOM
2021-06-01,TTRAK
2021-06-01,TUKAS
2021-06-01,TUPRS
2021-06-01,TURSG
2021-06-01,ULKER
2021-06-01,VAKBN
2021-06-01,VERUS
2021-06-01,VESTL
2021-06-01,YATAS
2021-06-01,YKBNK
2021-06-01,ZOREN
2021-07-01,AEFES
2021-07-01,AFYON
2021-07-01,AKBNK
2021-07-01,AKSA
2021-07-01,AKSEN
2021-07-01,ALARK
2021-07-01,ALBRK
2021-07-01,ALGYO
2021-07-01,ALKIM
2021-07-01,ARCLK
2021-07-01,ASELS
2021-07-01,BERA
2021-07-01,BIMAS
2021-07-01,BRISA
2021-07-01,BRSAN
2021-07-01,BRYAT
2021-07-01,CCOLA
2021-07-01,CEMAS
2021-07-01,CEMTS
2021-07-01,CIMSA
2021-07-01,DEVA
2021-07-01,DOAS
2021-07-01,DOHOL
2021-07-01,ECILC
2021-07-01,ECZYT
2021-07-01,EGEEN
2021-07-01,EGGUB
2021-07-01,EKGYO
2021-07-01,ENJSA
2021-07-01,ENKAI
2021-07-01,ERBOS
2021-07-01,EREGL
2021-07-01,ESEN
2021-07-01,FENER
2021-07-01,FROTO
2021-07-01,GARAN
2021-07-01,GLYHO
2021-07-01,GOZDE
2021-07-01,GSRAY
2021-07-01,GUBRF
2021-07-01,HALKB
2021-07-01,HDFGS
2021-07-01,HEKTS
2021-07-01,IHLAS
2021-07-01,IHLGM
2021-07-01,INDES
2021-07-01,IPEKE
2021-07-01,ISCTR
2021-07-01,ISFIN
2021-07-01,ISGYO
2021-07-01,ISMEN
2021-07-01,JANTS
2021-07-01,KARSN
2021-07-01,KARTN
2021-07-01,KCHOL
2021-07-01,KERVT
2021-07-01,KONYA
2021-07-01,KORDS
2021-07-01,KOZAA
2021-07-01,KOZAL
2021-07-01,KRDMD
2021-07-01,KRVGD
2021-07-01,LOGO
2021-07-01,MGROS
2021-07-01,MPARK
2021-07-01,NETAS
2021-07-01,NTHOL
2021-07-01,NUHCM
2021-07-01,ODAS
2021-07-01,OTKAR
2021-07-01,OYAKC
2021-07-01,PARSN
2021-07-01,PETKM
2021-07-01,PGSUS
2021-07-01,RTALB
2021-07-01,SAHOL
2021-07-01,SASA
2021-07-01,SELEC
2021-07-01,SISE
2021-07-01,SKBNK
2021-07-01,SOKM
2021-07-01,TAVHL
2021-07-01,TCELL
2021-07-01,THYAO
2021-07-01,TKFEN
2021-07-01,TKNSA
2021-07-01,TOASO
2021-07-01,TRGYO
2021-07-01,TSKB
2021-07-01,TTKOM
2021-07-01,TTRAK
2021-07-01,TUPRS
2021-07-01,TURSG
2021-07-01,ULKER
2021-07-01,VAKBN
2021-07-01,VERUS
2021-07-01,VESBE
2021-07-01,VESTL
2021-07-01,YKBNK
2021-07-01,ZOREN
