event_id,event_type,official_detail_present,stage,reason_code,risk_released
1503897,MERGER,True,UNKNOWN,OFFICIAL_DETAIL_STAGE_NOT_YET_CONTRACTED,False
1504820,CAPITAL_INCREASE,True,UNKNOWN,OFFICIAL_DETAIL_STAGE_NOT_YET_CONTRACTED,False
1505186,CAPITAL_INCREASE,True,UNKNOWN,OFFICIAL_DETAIL_STAGE_NOT_YET_CONTRACTED,False
1507412,RIGHTS_ISSUE_DISCLOSURE,True,UNKNOWN,OFFICIAL_DETAIL_STAGE_NOT_YET_CONTRACTED,False
1507463,CAPITAL_INCREASE,True,UNKNOWN,OFFICIAL_DETAIL_STAGE_NOT_YET_CONTRACTED,False
1507550,DIVIDEND_PROCESS_DISCLOSURE,True,UNKNOWN,OFFICIAL_DETAIL_STAGE_NOT_YET_CONTRACTED,False
1507559,DIVIDEND_PROCESS_DISCLOSURE,True,UNKNOWN,OFFICIAL_DETAIL_STAGE_NOT_YET_CONTRACTED,False
1507659,MERGER,True,UNKNOWN,OFFICIAL_DETAIL_STAGE_NOT_YET_CONTRACTED,False
1507942,DIVIDEND_PROCESS_DISCLOSURE,True,UNKNOWN,OFFICIAL_DETAIL_STAGE_NOT_YET_CONTRACTED,False
1507950,CAPITAL_INCREASE,True,UNKNOWN,OFFICIAL_DETAIL_STAGE_NOT_YET_CONTRACTED,False
1507966,CAPITAL_INCREASE,True,UNKNOWN,OFFICIAL_DETAIL_STAGE_NOT_YET_CONTRACTED,False
1507969,CAPITAL_INCREASE,True,UNKNOWN,OFFICIAL_DETAIL_STAGE_NOT_YET_CONTRACTED,False
1508282,MERGER,True,UNKNOWN,OFFICIAL_DETAIL_STAGE_NOT_YET_CONTRACTED,False
1508478,MERGER,True,UNKNOWN,OFFICIAL_DETAIL_STAGE_NOT_YET_CONTRACTED,False
1509356,DIVIDEND_PROCESS_DISCLOSURE,True,UNKNOWN,OFFICIAL_DETAIL_STAGE_NOT_YET_CONTRACTED,False
1509847,CAPITAL_INCREASE,True,UNKNOWN,OFFICIAL_DETAIL_STAGE_NOT_YET_CONTRACTED,False
1510035,BONUS_ISSUE_DISCLOSURE,True,UNKNOWN,OFFICIAL_DETAIL_STAGE_NOT_YET_CONTRACTED,False
1510036,BONUS_ISSUE_DISCLOSURE,True,PROCESS_ONLY,OFFICIAL_PROCESS_DOCUMENT_NOT_ECONOMIC_ACTION_DETAIL,False
1510037,CAPITAL_INCREASE,True,UNKNOWN,OFFICIAL_DETAIL_STAGE_NOT_YET_CONTRACTED,False
1510177,MERGER,True,UNKNOWN,OFFICIAL_DETAIL_STAGE_NOT_YET_CONTRACTED,False
1510232,BONUS_ISSUE_DISCLOSURE,True,UNKNOWN,OFFICIAL_DETAIL_STAGE_NOT_YET_CONTRACTED,False
1510385,BONUS_ISSUE_DISCLOSURE,True,UNKNOWN,OFFICIAL_DETAIL_STAGE_NOT_YET_CONTRACTED,False
1510761,BONUS_ISSUE_DISCLOSURE,True,UNKNOWN,OFFICIAL_DETAIL_STAGE_NOT_YET_CONTRACTED,False
1511318,MERGER,True,UNKNOWN,OFFICIAL_DETAIL_STAGE_NOT_YET_CONTRACTED,False
1511588,CAPITAL_INCREASE,True,UNKNOWN,OFFICIAL_DETAIL_STAGE_NOT_YET_CONTRACTED,False
1514402,BONUS_ISSUE_DISCLOSURE,True,UNKNOWN,OFFICIAL_DETAIL_STAGE_NOT_YET_CONTRACTED,False
1515682,DIVIDEND_PROCESS_DISCLOSURE,True,UNKNOWN,OFFICIAL_DETAIL_STAGE_NOT_YET_CONTRACTED,False
1516306,BONUS_ISSUE_DISCLOSURE,True,UNKNOWN,OFFICIAL_DETAIL_STAGE_NOT_YET_CONTRACTED,False
1516497,DIVIDEND_PROCESS_DISCLOSURE,True,UNKNOWN,OFFICIAL_DETAIL_STAGE_NOT_YET_CONTRACTED,False
1516521,RIGHTS_ISSUE_DISCLOSURE,True,UNKNOWN,OFFICIAL_DETAIL_STAGE_NOT_YET_CONTRACTED,False
1516522,RIGHTS_ISSUE_DISCLOSURE,True,UNKNOWN,OFFICIAL_DETAIL_STAGE_NOT_YET_CONTRACTED,False
1516676,CAPITAL_INCREASE,True,UNKNOWN,OFFICIAL_DETAIL_STAGE_NOT_YET_CONTRACTED,False
1517737,MERGER,True,UNKNOWN,OFFICIAL_DETAIL_STAGE_NOT_YET_CONTRACTED,False
1517877,DIVIDEND_PROCESS_DISCLOSURE,True,UNKNOWN,OFFICIAL_DETAIL_STAGE_NOT_YET_CONTRACTED,False
1517969,MERGER,True,UNKNOWN,OFFICIAL_DETAIL_STAGE_NOT_YET_CONTRACTED,False
1518300,DIVIDEND_PROCESS_DISCLOSURE,True,UNKNOWN,OFFICIAL_DETAIL_STAGE_NOT_YET_CONTRACTED,False
1519666,DIVIDEND_PROCESS_DISCLOSURE,True,UNKNOWN,OFFICIAL_DETAIL_STAGE_NOT_YET_CONTRACTED,False
1520267,RIGHTS_ISSUE_DISCLOSURE,True,UNKNOWN,OFFICIAL_DETAIL_STAGE_NOT_YET_CONTRACTED,False
1520268,CAPITAL_INCREASE,True,UNKNOWN,OFFICIAL_DETAIL_STAGE_NOT_YET_CONTRACTED,False
1520373,BONUS_ISSUE_DISCLOSURE,True,UNKNOWN,OFFICIAL_DETAIL_STAGE_NOT_YET_CONTRACTED,False
1520603,CAPITAL_INCREASE,True,UNKNOWN,OFFICIAL_DETAIL_STAGE_NOT_YET_CONTRACTED,False
1520652,MERGER,True,UNKNOWN,OFFICIAL_DETAIL_STAGE_NOT_YET_CONTRACTED,False
1520745,BONUS_ISSUE_DISCLOSURE,True,UNKNOWN,OFFICIAL_DETAIL_STAGE_NOT_YET_CONTRACTED,False
1520751,CAPITAL_INCREASE,True,UNKNOWN,OFFICIAL_DETAIL_STAGE_NOT_YET_CONTRACTED,False
1520922,CAPITAL_INCREASE,True,UNKNOWN,OFFICIAL_DETAIL_STAGE_NOT_YET_CONTRACTED,False
1521070,DIVIDEND_PROCESS_DISCLOSURE,True,UNKNOWN,OFFICIAL_DETAIL_STAGE_NOT_YET_CONTRACTED,False
1522293,DIVIDEND_PROCESS_DISCLOSURE,True,UNKNOWN,OFFICIAL_DETAIL_STAGE_NOT_YET_CONTRACTED,False
1523166,DIVIDEND_PROCESS_DISCLOSURE,True,UNKNOWN,OFFICIAL_DETAIL_STAGE_NOT_YET_CONTRACTED,False
1524012,CAPITAL_INCREASE,True,UNKNOWN,OFFICIAL_DETAIL_STAGE_NOT_YET_CONTRACTED,False
1524834,MERGER,True,UNKNOWN,OFFICIAL_DETAIL_STAGE_NOT_YET_CONTRACTED,False
1525363,CAPITAL_INCREASE,True,UNKNOWN,OFFICIAL_DETAIL_STAGE_NOT_YET_CONTRACTED,False
1526086,CAPITAL_INCREASE,True,UNKNOWN,OFFICIAL_DETAIL_STAGE_NOT_YET_CONTRACTED,False
1526421,RIGHTS_ISSUE_DISCLOSURE,True,UNKNOWN,OFFICIAL_DETAIL_STAGE_NOT_YET_CONTRACTED,False
1526422,RIGHTS_ISSUE_DISCLOSURE,True,UNKNOWN,OFFICIAL_DETAIL_STAGE_NOT_YET_CONTRACTED,False
1526423,RIGHTS_ISSUE_DISCLOSURE,True,UNKNOWN,OFFICIAL_DETAIL_STAGE_NOT_YET_CONTRACTED,False
1526424,RIGHTS_ISSUE_DISCLOSURE,True,PROCESS_ONLY,OFFICIAL_PROCESS_DOCUMENT_NOT_ECONOMIC_ACTION_DETAIL,False
1526531,DIVIDEND_PROCESS_DISCLOSURE,True,UNKNOWN,OFFICIAL_DETAIL_STAGE_NOT_YET_CONTRACTED,False
1526923,DEMERGER,True,UNKNOWN,OFFICIAL_DETAIL_STAGE_NOT_YET_CONTRACTED,False
1527351,DIVIDEND_PROCESS_DISCLOSURE,True,UNKNOWN,OFFICIAL_DETAIL_STAGE_NOT_YET_CONTRACTED,False
1527434,DIVIDEND_PROCESS_DISCLOSURE,True,UNKNOWN,OFFICIAL_DETAIL_STAGE_NOT_YET_CONTRACTED,False
1527530,CAPITAL_INCREASE,True,UNKNOWN,OFFICIAL_DETAIL_STAGE_NOT_YET_CONTRACTED,False
1527959,BONUS_ISSUE_DISCLOSURE,True,UNKNOWN,OFFICIAL_DETAIL_STAGE_NOT_YET_CONTRACTED,False
1527986,DEMERGER,True,UNKNOWN,OFFICIAL_DETAIL_STAGE_NOT_YET_CONTRACTED,False
1528725,CAPITAL_INCREASE,True,UNKNOWN,OFFICIAL_DETAIL_STAGE_NOT_YET_CONTRACTED,False
1529740,BONUS_ISSUE_DISCLOSURE,True,UNKNOWN,OFFICIAL_DETAIL_STAGE_NOT_YET_CONTRACTED,False
1529741,BONUS_ISSUE_DISCLOSURE,True,UNKNOWN,OFFICIAL_DETAIL_STAGE_NOT_YET_CONTRACTED,False
1529797,MERGER,True,UNKNOWN,OFFICIAL_DETAIL_STAGE_NOT_YET_CONTRACTED,False
1530265,DEMERGER,True,UNKNOWN,OFFICIAL_DETAIL_STAGE_NOT_YET_CONTRACTED,False
1531470,RIGHTS_ISSUE_DISCLOSURE,True,UNKNOWN,OFFICIAL_DETAIL_STAGE_NOT_YET_CONTRACTED,False
1531701,MERGER,True,UNKNOWN,OFFICIAL_DETAIL_STAGE_NOT_YET_CONTRACTED,False
1531710,BONUS_ISSUE_DISCLOSURE,True,UNKNOWN,OFFICIAL_DETAIL_STAGE_NOT_YET_CONTRACTED,False
1532142,RIGHTS_ISSUE_DISCLOSURE,True,UNKNOWN,OFFICIAL_DETAIL_STAGE_NOT_YET_CONTRACTED,False
1532323,RIGHTS_ISSUE_DISCLOSURE,True,UNKNOWN,OFFICIAL_DETAIL_STAGE_NOT_YET_CONTRACTED,False
1533919,CAPITAL_INCREASE,True,UNKNOWN,OFFICIAL_DETAIL_STAGE_NOT_YET_CONTRACTED,False
1541073,MERGER,True,UNKNOWN,OFFICIAL_DETAIL_STAGE_NOT_YET_CONTRACTED,False
1544330,MERGER,True,UNKNOWN,OFFICIAL_DETAIL_STAGE_NOT_YET_CONTRACTED,False
1544891,CAPITAL_INCREASE,True,UNKNOWN,OFFICIAL_DETAIL_STAGE_NOT_YET_CONTRACTED,False
1545371,CAPITAL_INCREASE,True,UNKNOWN,OFFICIAL_DETAIL_STAGE_NOT_YET_CONTRACTED,False
1546944,CAPITAL_INCREASE,True,UNKNOWN,OFFICIAL_DETAIL_STAGE_NOT_YET_CONTRACTED,False
1548136,CAPITAL_INCREASE,True,UNKNOWN,OFFICIAL_DETAIL_STAGE_NOT_YET_CONTRACTED,False
1549136,RIGHTS_ISSUE_DISCLOSURE,True,UNKNOWN,OFFICIAL_DETAIL_STAGE_NOT_YET_CONTRACTED,False
1551326,CAPITAL_INCREASE,True,UNKNOWN,OFFICIAL_DETAIL_STAGE_NOT_YET_CONTRACTED,False
1552604,CAPITAL_INCREASE,True,UNKNOWN,OFFICIAL_DETAIL_STAGE_NOT_YET_CONTRACTED,False
1554108,DIVIDEND_PROCESS_DISCLOSURE,True,UNKNOWN,OFFICIAL_DETAIL_STAGE_NOT_YET_CONTRACTED,False
1555157,DIVIDEND_PROCESS_DISCLOSURE,True,UNKNOWN,OFFICIAL_DETAIL_STAGE_NOT_YET_CONTRACTED,False
1555960,DIVIDEND_PROCESS_DISCLOSURE,True,UNKNOWN,OFFICIAL_DETAIL_STAGE_NOT_YET_CONTRACTED,False
1556573,CAPITAL_INCREASE,True,UNKNOWN,OFFICIAL_DETAIL_STAGE_NOT_YET_CONTRACTED,False
1556628,CAPITAL_INCREASE,True,UNKNOWN,OFFICIAL_DETAIL_STAGE_NOT_YET_CONTRACTED,False
1556665,DIVIDEND_PROCESS_DISCLOSURE,True,UNKNOWN,OFFICIAL_DETAIL_STAGE_NOT_YET_CONTRACTED,False
1556705,DIVIDEND_PROCESS_DISCLOSURE,True,UNKNOWN,OFFICIAL_DETAIL_STAGE_NOT_YET_CONTRACTED,False
1557060,DIVIDEND_PROCESS_DISCLOSURE,True,UNKNOWN,OFFICIAL_DETAIL_STAGE_NOT_YET_CONTRACTED,False
1557935,DIVIDEND_PROCESS_DISCLOSURE,True,UNKNOWN,OFFICIAL_DETAIL_STAGE_NOT_YET_CONTRACTED,False
1558033,DIVIDEND_PROCESS_DISCLOSURE,True,UNKNOWN,OFFICIAL_DETAIL_STAGE_NOT_YET_CONTRACTED,False
1558207,RIGHTS_ISSUE_DISCLOSURE,True,UNKNOWN,OFFICIAL_DETAIL_STAGE_NOT_YET_CONTRACTED,False
1558674,DIVIDEND_PROCESS_DISCLOSURE,True,UNKNOWN,OFFICIAL_DETAIL_STAGE_NOT_YET_CONTRACTED,False
1559061,CAPITAL_INCREASE,True,UNKNOWN,OFFICIAL_DETAIL_STAGE_NOT_YET_CONTRACTED,False
1559307,DIVIDEND_PROCESS_DISCLOSURE,True,UNKNOWN,OFFICIAL_DETAIL_STAGE_NOT_YET_CONTRACTED,False
1559426,DIVIDEND_PROCESS_DISCLOSURE,True,UNKNOWN,OFFICIAL_DETAIL_STAGE_NOT_YET_CONTRACTED,False
1560075,BONUS_ISSUE_DISCLOSURE,True,UNKNOWN,OFFICIAL_DETAIL_STAGE_NOT_YET_CONTRACTED,False
1560076,BONUS_ISSUE_DISCLOSURE,True,UNKNOWN,OFFICIAL_DETAIL_STAGE_NOT_YET_CONTRACTED,False
1561151,BONUS_ISSUE_DISCLOSURE,True,UNKNOWN,OFFICIAL_DETAIL_STAGE_NOT_YET_CONTRACTED,False
1561178,DIVIDEND_PROCESS_DISCLOSURE,True,UNKNOWN,OFFICIAL_DETAIL_STAGE_NOT_YET_CONTRACTED,False
1561582,DIVIDEND_PROCESS_DISCLOSURE,True,UNKNOWN,OFFICIAL_DETAIL_STAGE_NOT_YET_CONTRACTED,False
1561880,CAPITAL_INCREASE,True,UNKNOWN,OFFICIAL_DETAIL_STAGE_NOT_YET_CONTRACTED,False
1562103,DIVIDEND_PROCESS_DISCLOSURE,True,UNKNOWN,OFFICIAL_DETAIL_STAGE_NOT_YET_CONTRACTED,False
1562167,DIVIDEND_PROCESS_DISCLOSURE,True,UNKNOWN,OFFICIAL_DETAIL_STAGE_NOT_YET_CONTRACTED,False
1562305,DIVIDEND_PROCESS_DISCLOSURE,True,UNKNOWN,OFFICIAL_DETAIL_STAGE_NOT_YET_CONTRACTED,False
1562476,DEMERGER,True,UNKNOWN,OFFICIAL_DETAIL_STAGE_NOT_YET_CONTRACTED,False
1562892,DIVIDEND_PROCESS_DISCLOSURE,True,UNKNOWN,OFFICIAL_DETAIL_STAGE_NOT_YET_CONTRACTED,False
1563114,DIVIDEND_PROCESS_DISCLOSURE,True,UNKNOWN,OFFICIAL_DETAIL_STAGE_NOT_YET_CONTRACTED,False
1563131,DIVIDEND_PROCESS_DISCLOSURE,True,UNKNOWN,OFFICIAL_DETAIL_STAGE_NOT_YET_CONTRACTED,False
1563204,MERGER,True,UNKNOWN,OFFICIAL_DETAIL_STAGE_NOT_YET_CONTRACTED,False
1563267,MERGER,True,UNKNOWN,OFFICIAL_DETAIL_STAGE_NOT_YET_CONTRACTED,False
1564412,DIVIDEND_PROCESS_DISCLOSURE,True,UNKNOWN,OFFICIAL_DETAIL_STAGE_NOT_YET_CONTRACTED,False
1564604,DIVIDEND_PROCESS_DISCLOSURE,True,UNKNOWN,OFFICIAL_DETAIL_STAGE_NOT_YET_CONTRACTED,False
1565148,DIVIDEND_PROCESS_DISCLOSURE,True,UNKNOWN,OFFICIAL_DETAIL_STAGE_NOT_YET_CONTRACTED,False
1565152,DIVIDEND_PROCESS_DISCLOSURE,True,UNKNOWN,OFFICIAL_DETAIL_STAGE_NOT_YET_CONTRACTED,False
1565239,DIVIDEND_PROCESS_DISCLOSURE,True,UNKNOWN,OFFICIAL_DETAIL_STAGE_NOT_YET_CONTRACTED,False
1566022,DIVIDEND_PROCESS_DISCLOSURE,True,UNKNOWN,OFFICIAL_DETAIL_STAGE_NOT_YET_CONTRACTED,False
1566043,DIVIDEND_PROCESS_DISCLOSURE,True,UNKNOWN,OFFICIAL_DETAIL_STAGE_NOT_YET_CONTRACTED,False
1566045,DIVIDEND_PROCESS_DISCLOSURE,True,UNKNOWN,OFFICIAL_DETAIL_STAGE_NOT_YET_CONTRACTED,False
1566093,DIVIDEND_PROCESS_DISCLOSURE,True,UNKNOWN,OFFICIAL_DETAIL_STAGE_NOT_YET_CONTRACTED,False
1566290,CAPITAL_INCREASE,True,UNKNOWN,OFFICIAL_DETAIL_STAGE_NOT_YET_CONTRACTED,False
1566493,DIVIDEND_PROCESS_DISCLOSURE,True,UNKNOWN,OFFICIAL_DETAIL_STAGE_NOT_YET_CONTRACTED,False
1566638,DIVIDEND_PROCESS_DISCLOSURE,True,UNKNOWN,OFFICIAL_DETAIL_STAGE_NOT_YET_CONTRACTED,False
1566774,DIVIDEND_PROCESS_DISCLOSURE,True,UNKNOWN,OFFICIAL_DETAIL_STAGE_NOT_YET_CONTRACTED,False
1566784,DIVIDEND_PROCESS_DISCLOSURE,True,UNKNOWN,OFFICIAL_DETAIL_STAGE_NOT_YET_CONTRACTED,False
1566788,DIVIDEND_PROCESS_DISCLOSURE,True,UNKNOWN,OFFICIAL_DETAIL_STAGE_NOT_YET_CONTRACTED,False
1566863,MERGER,True,UNKNOWN,OFFICIAL_DETAIL_STAGE_NOT_YET_CONTRACTED,False
1567718,DIVIDEND_PROCESS_DISCLOSURE,True,UNKNOWN,OFFICIAL_DETAIL_STAGE_NOT_YET_CONTRACTED,False
1567861,DIVIDEND_PROCESS_DISCLOSURE,True,UNKNOWN,OFFICIAL_DETAIL_STAGE_NOT_YET_CONTRACTED,False
1569063,DIVIDEND_PROCESS_DISCLOSURE,True,UNKNOWN,OFFICIAL_DETAIL_STAGE_NOT_YET_CONTRACTED,False
1569214,DIVIDEND_PROCESS_DISCLOSURE,True,UNKNOWN,OFFICIAL_DETAIL_STAGE_NOT_YET_CONTRACTED,False
1569957,DIVIDEND_PROCESS_DISCLOSURE,True,UNKNOWN,OFFICIAL_DETAIL_STAGE_NOT_YET_CONTRACTED,False
1570111,DIVIDEND_PROCESS_DISCLOSURE,True,UNKNOWN,OFFICIAL_DETAIL_STAGE_NOT_YET_CONTRACTED,False
1570775,DIVIDEND_PROCESS_DISCLOSURE,True,UNKNOWN,OFFICIAL_DETAIL_STAGE_NOT_YET_CONTRACTED,False
1570793,DIVIDEND_PROCESS_DISCLOSURE,True,UNKNOWN,OFFICIAL_DETAIL_STAGE_NOT_YET_CONTRACTED,False
1571600,DIVIDEND_PROCESS_DISCLOSURE,True,UNKNOWN,OFFICIAL_DETAIL_STAGE_NOT_YET_CONTRACTED,False
1571924,DIVIDEND_PROCESS_DISCLOSURE,True,UNKNOWN,OFFICIAL_DETAIL_STAGE_NOT_YET_CONTRACTED,False
1571936,DIVIDEND_PROCESS_DISCLOSURE,True,UNKNOWN,OFFICIAL_DETAIL_STAGE_NOT_YET_CONTRACTED,False
1571946,DIVIDEND_PROCESS_DISCLOSURE,True,UNKNOWN,OFFICIAL_DETAIL_STAGE_NOT_YET_CONTRACTED,False
1572009,DIVIDEND_PROCESS_DISCLOSURE,True,UNKNOWN,OFFICIAL_DETAIL_STAGE_NOT_YET_CONTRACTED,False
1572520,DIVIDEND_PROCESS_DISCLOSURE,True,UNKNOWN,OFFICIAL_DETAIL_STAGE_NOT_YET_CONTRACTED,False
1572522,DIVIDEND_PROCESS_DISCLOSURE,True,UNKNOWN,OFFICIAL_DETAIL_STAGE_NOT_YET_CONTRACTED,False
1572527,BONUS_ISSUE_DISCLOSURE,True,UNKNOWN,OFFICIAL_DETAIL_STAGE_NOT_YET_CONTRACTED,False
1572603,DIVIDEND_PROCESS_DISCLOSURE,True,UNKNOWN,OFFICIAL_DETAIL_STAGE_NOT_YET_CONTRACTED,False
1573180,DIVIDEND_PROCESS_DISCLOSURE,True,UNKNOWN,OFFICIAL_DETAIL_STAGE_NOT_YET_CONTRACTED,False
1573202,DIVIDEND_PROCESS_DISCLOSURE,True,UNKNOWN,OFFICIAL_DETAIL_STAGE_NOT_YET_CONTRACTED,False
1573219,DIVIDEND_PROCESS_DISCLOSURE,True,UNKNOWN,OFFICIAL_DETAIL_STAGE_NOT_YET_CONTRACTED,False
1573590,DIVIDEND_PROCESS_DISCLOSURE,True,UNKNOWN,OFFICIAL_DETAIL_STAGE_NOT_YET_CONTRACTED,False
1573612,DIVIDEND_PROCESS_DISCLOSURE,True,UNKNOWN,OFFICIAL_DETAIL_STAGE_NOT_YET_CONTRACTED,False
1573684,DIVIDEND_PROCESS_DISCLOSURE,True,UNKNOWN,OFFICIAL_DETAIL_STAGE_NOT_YET_CONTRACTED,False
1574205,DIVIDEND_PROCESS_DISCLOSURE,True,UNKNOWN,OFFICIAL_DETAIL_STAGE_NOT_YET_CONTRACTED,False
1574285,DIVIDEND_PROCESS_DISCLOSURE,True,UNKNOWN,OFFICIAL_DETAIL_STAGE_NOT_YET_CONTRACTED,False
1575126,RIGHTS_ISSUE_DISCLOSURE,True,UNKNOWN,OFFICIAL_DETAIL_STAGE_NOT_YET_CONTRACTED,False
1575220,DIVIDEND_PROCESS_DISCLOSURE,True,UNKNOWN,OFFICIAL_DETAIL_STAGE_NOT_YET_CONTRACTED,False
1575270,DIVIDEND_PROCESS_DISCLOSURE,True,UNKNOWN,OFFICIAL_DETAIL_STAGE_NOT_YET_CONTRACTED,False
1575308,DIVIDEND_PROCESS_DISCLOSURE,True,UNKNOWN,OFFICIAL_DETAIL_STAGE_NOT_YET_CONTRACTED,False
1575358,DIVIDEND_PROCESS_DISCLOSURE,True,UNKNOWN,OFFICIAL_DETAIL_STAGE_NOT_YET_CONTRACTED,False
1575612,DIVIDEND_PROCESS_DISCLOSURE,True,UNKNOWN,OFFICIAL_DETAIL_STAGE_NOT_YET_CONTRACTED,False
1576165,DIVIDEND_PROCESS_DISCLOSURE,True,UNKNOWN,OFFICIAL_DETAIL_STAGE_NOT_YET_CONTRACTED,False
1576279,DIVIDEND_PROCESS_DISCLOSURE,True,UNKNOWN,OFFICIAL_DETAIL_STAGE_NOT_YET_CONTRACTED,False
1576340,DIVIDEND_PROCESS_DISCLOSURE,True,UNKNOWN,OFFICIAL_DETAIL_STAGE_NOT_YET_CONTRACTED,False
1576629,DIVIDEND_PROCESS_DISCLOSURE,True,UNKNOWN,OFFICIAL_DETAIL_STAGE_NOT_YET_CONTRACTED,False
1576673,DIVIDEND_PROCESS_DISCLOSURE,True,UNKNOWN,OFFICIAL_DETAIL_STAGE_NOT_YET_CONTRACTED,False
1576725,DIVIDEND_PROCESS_DISCLOSURE,True,UNKNOWN,OFFICIAL_DETAIL_STAGE_NOT_YET_CONTRACTED,False
1576833,DIVIDEND_PROCESS_DISCLOSURE,True,UNKNOWN,OFFICIAL_DETAIL_STAGE_NOT_YET_CONTRACTED,False
1577389,DIVIDEND_PROCESS_DISCLOSURE,True,UNKNOWN,OFFICIAL_DETAIL_STAGE_NOT_YET_CONTRACTED,False
1577520,CAPITAL_INCREASE,True,UNKNOWN,OFFICIAL_DETAIL_STAGE_NOT_YET_CONTRACTED,False
1577628,DIVIDEND_PROCESS_DISCLOSURE,True,UNKNOWN,OFFICIAL_DETAIL_STAGE_NOT_YET_CONTRACTED,False
1577707,DIVIDEND_PROCESS_DISCLOSURE,True,UNKNOWN,OFFICIAL_DETAIL_STAGE_NOT_YET_CONTRACTED,False
1577755,DIVIDEND_PROCESS_DISCLOSURE,True,UNKNOWN,OFFICIAL_DETAIL_STAGE_NOT_YET_CONTRACTED,False
1577756,DIVIDEND_PROCESS_DISCLOSURE,True,UNKNOWN,OFFICIAL_DETAIL_STAGE_NOT_YET_CONTRACTED,False
1577806,DIVIDEND_PROCESS_DISCLOSURE,True,UNKNOWN,OFFICIAL_DETAIL_STAGE_NOT_YET_CONTRACTED,False
1577845,DIVIDEND_PROCESS_DISCLOSURE,True,UNKNOWN,OFFICIAL_DETAIL_STAGE_NOT_YET_CONTRACTED,False
1578853,DIVIDEND_PROCESS_DISCLOSURE,True,UNKNOWN,OFFICIAL_DETAIL_STAGE_NOT_YET_CONTRACTED,False
1578858,DIVIDEND_PROCESS_DISCLOSURE,True,UNKNOWN,OFFICIAL_DETAIL_STAGE_NOT_YET_CONTRACTED,False
1579304,DIVIDEND_PROCESS_DISCLOSURE,True,UNKNOWN,OFFICIAL_DETAIL_STAGE_NOT_YET_CONTRACTED,False
1579442,DIVIDEND_PROCESS_DISCLOSURE,True,UNKNOWN,OFFICIAL_DETAIL_STAGE_NOT_YET_CONTRACTED,False
1579549,DIVIDEND_PROCESS_DISCLOSURE,True,UNKNOWN,OFFICIAL_DETAIL_STAGE_NOT_YET_CONTRACTED,False
1579839,DIVIDEND_PROCESS_DISCLOSURE,True,UNKNOWN,OFFICIAL_DETAIL_STAGE_NOT_YET_CONTRACTED,False
1580260,DIVIDEND_PROCESS_DISCLOSURE,True,UNKNOWN,OFFICIAL_DETAIL_STAGE_NOT_YET_CONTRACTED,False
1580370,DIVIDEND_PROCESS_DISCLOSURE,True,UNKNOWN,OFFICIAL_DETAIL_STAGE_NOT_YET_CONTRACTED,False
1580562,DIVIDEND_PROCESS_DISCLOSURE,True,UNKNOWN,OFFICIAL_DETAIL_STAGE_NOT_YET_CONTRACTED,False
1580837,DIVIDEND_PROCESS_DISCLOSURE,True,UNKNOWN,OFFICIAL_DETAIL_STAGE_NOT_YET_CONTRACTED,False
1581038,DIVIDEND_PROCESS_DISCLOSURE,True,UNKNOWN,OFFICIAL_DETAIL_STAGE_NOT_YET_CONTRACTED,False
1581049,DIVIDEND_PROCESS_DISCLOSURE,True,UNKNOWN,OFFICIAL_DETAIL_STAGE_NOT_YET_CONTRACTED,False
1581260,DIVIDEND_PROCESS_DISCLOSURE,True,UNKNOWN,OFFICIAL_DETAIL_STAGE_NOT_YET_CONTRACTED,False
1582237,DEMERGER,True,UNKNOWN,OFFICIAL_DETAIL_STAGE_NOT_YET_CONTRACTED,False
1582408,CAPITAL_INCREASE,True,UNKNOWN,OFFICIAL_DETAIL_STAGE_NOT_YET_CONTRACTED,False
1582812,DIVIDEND_PROCESS_DISCLOSURE,True,UNKNOWN,OFFICIAL_DETAIL_STAGE_NOT_YET_CONTRACTED,False
1582981,CAPITAL_INCREASE,True,UNKNOWN,OFFICIAL_DETAIL_STAGE_NOT_YET_CONTRACTED,False
1582983,CAPITAL_INCREASE,True,UNKNOWN,OFFICIAL_DETAIL_STAGE_NOT_YET_CONTRACTED,False
1582991,DIVIDEND_PROCESS_DISCLOSURE,True,UNKNOWN,OFFICIAL_DETAIL_STAGE_NOT_YET_CONTRACTED,False
1582995,DIVIDEND_PROCESS_DISCLOSURE,True,UNKNOWN,OFFICIAL_DETAIL_STAGE_NOT_YET_CONTRACTED,False
1583016,DIVIDEND_PROCESS_DISCLOSURE,True,UNKNOWN,OFFICIAL_DETAIL_STAGE_NOT_YET_CONTRACTED,False
1583162,DIVIDEND_PROCESS_DISCLOSURE,True,UNKNOWN,OFFICIAL_DETAIL_STAGE_NOT_YET_CONTRACTED,False
1585800,DIVIDEND_PROCESS_DISCLOSURE,True,UNKNOWN,OFFICIAL_DETAIL_STAGE_NOT_YET_CONTRACTED,False
1587022,MERGER,True,UNKNOWN,OFFICIAL_DETAIL_STAGE_NOT_YET_CONTRACTED,False
1587323,DIVIDEND_PROCESS_DISCLOSURE,True,UNKNOWN,OFFICIAL_DETAIL_STAGE_NOT_YET_CONTRACTED,False
1589325,DIVIDEND_PROCESS_DISCLOSURE,False,DETAIL_MISSING,OFFICIAL_DETAIL_NOT_CAPTURED,False
1589406,DIVIDEND_PROCESS_DISCLOSURE,False,DETAIL_MISSING,OFFICIAL_DETAIL_NOT_CAPTURED,False
1589851,DIVIDEND_PROCESS_DISCLOSURE,False,DETAIL_MISSING,OFFICIAL_DETAIL_NOT_CAPTURED,False
1590051,DIVIDEND_PROCESS_DISCLOSURE,False,DETAIL_MISSING,OFFICIAL_DETAIL_NOT_CAPTURED,False
1590325,DIVIDEND_PROCESS_DISCLOSURE,False,DETAIL_MISSING,OFFICIAL_DETAIL_NOT_CAPTURED,False
1590331,DIVIDEND_PROCESS_DISCLOSURE,False,DETAIL_MISSING,OFFICIAL_DETAIL_NOT_CAPTURED,False
1590365,DIVIDEND_PROCESS_DISCLOSURE,False,DETAIL_MISSING,OFFICIAL_DETAIL_NOT_CAPTURED,False
1590368,DIVIDEND_PROCESS_DISCLOSURE,False,DETAIL_MISSING,OFFICIAL_DETAIL_NOT_CAPTURED,False
1590591,DIVIDEND_PROCESS_DISCLOSURE,False,DETAIL_MISSING,OFFICIAL_DETAIL_NOT_CAPTURED,False
1590967,DIVIDEND_PROCESS_DISCLOSURE,False,DETAIL_MISSING,OFFICIAL_DETAIL_NOT_CAPTURED,False
1591013,DIVIDEND_PROCESS_DISCLOSURE,False,DETAIL_MISSING,OFFICIAL_DETAIL_NOT_CAPTURED,False
1591430,DIVIDEND_PROCESS_DISCLOSURE,False,DETAIL_MISSING,OFFICIAL_DETAIL_NOT_CAPTURED,False
1592286,DIVIDEND_PROCESS_DISCLOSURE,False,DETAIL_MISSING,OFFICIAL_DETAIL_NOT_CAPTURED,False
1592462,DIVIDEND_PROCESS_DISCLOSURE,False,DETAIL_MISSING,OFFICIAL_DETAIL_NOT_CAPTURED,False
1592592,DIVIDEND_PROCESS_DISCLOSURE,False,DETAIL_MISSING,OFFICIAL_DETAIL_NOT_CAPTURED,False
1592676,DIVIDEND_PROCESS_DISCLOSURE,False,DETAIL_MISSING,OFFICIAL_DETAIL_NOT_CAPTURED,False
1593096,BONUS_ISSUE_DISCLOSURE,False,DETAIL_MISSING,OFFICIAL_DETAIL_NOT_CAPTURED,False
1594433,DIVIDEND_PROCESS_DISCLOSURE,False,DETAIL_MISSING,OFFICIAL_DETAIL_NOT_CAPTURED,False
1594450,DIVIDEND_PROCESS_DISCLOSURE,False,DETAIL_MISSING,OFFICIAL_DETAIL_NOT_CAPTURED,False
1594456,DIVIDEND_PROCESS_DISCLOSURE,False,DETAIL_MISSING,OFFICIAL_DETAIL_NOT_CAPTURED,False
1594469,DIVIDEND_PROCESS_DISCLOSURE,False,DETAIL_MISSING,OFFICIAL_DETAIL_NOT_CAPTURED,False
1594693,DIVIDEND_PROCESS_DISCLOSURE,False,DETAIL_MISSING,OFFICIAL_DETAIL_NOT_CAPTURED,False
1594798,DIVIDEND_PROCESS_DISCLOSURE,False,DETAIL_MISSING,OFFICIAL_DETAIL_NOT_CAPTURED,False
1594963,DIVIDEND_PROCESS_DISCLOSURE,False,DETAIL_MISSING,OFFICIAL_DETAIL_NOT_CAPTURED,False
1595406,BONUS_ISSUE_DISCLOSURE,False,DETAIL_MISSING,OFFICIAL_DETAIL_NOT_CAPTURED,False
1595752,DIVIDEND_PROCESS_DISCLOSURE,False,DETAIL_MISSING,OFFICIAL_DETAIL_NOT_CAPTURED,False
1595777,RIGHTS_ISSUE_DISCLOSURE,False,DETAIL_MISSING,OFFICIAL_DETAIL_NOT_CAPTURED,False
1595805,DIVIDEND_PROCESS_DISCLOSURE,False,DETAIL_MISSING,OFFICIAL_DETAIL_NOT_CAPTURED,False
1595809,DIVIDEND_PROCESS_DISCLOSURE,False,DETAIL_MISSING,OFFICIAL_DETAIL_NOT_CAPTURED,False
1596316,DIVIDEND_PROCESS_DISCLOSURE,False,DETAIL_MISSING,OFFICIAL_DETAIL_NOT_CAPTURED,False
1596355,DIVIDEND_PROCESS_DISCLOSURE,False,DETAIL_MISSING,OFFICIAL_DETAIL_NOT_CAPTURED,False
1596568,CAPITAL_INCREASE,False,DETAIL_MISSING,OFFICIAL_DETAIL_NOT_CAPTURED,False
1596687,DIVIDEND_PROCESS_DISCLOSURE,False,DETAIL_MISSING,OFFICIAL_DETAIL_NOT_CAPTURED,False
1596939,DIVIDEND_PROCESS_DISCLOSURE,False,DETAIL_MISSING,OFFICIAL_DETAIL_NOT_CAPTURED,False
1596958,DIVIDEND_PROCESS_DISCLOSURE,False,DETAIL_MISSING,OFFICIAL_DETAIL_NOT_CAPTURED,False
1596963,CAPITAL_INCREASE,False,DETAIL_MISSING,OFFICIAL_DETAIL_NOT_CAPTURED,False
1597282,CAPITAL_INCREASE,False,DETAIL_MISSING,OFFICIAL_DETAIL_NOT_CAPTURED,False
1597820,CAPITAL_INCREASE,False,DETAIL_MISSING,OFFICIAL_DETAIL_NOT_CAPTURED,False
1598023,DIVIDEND_PROCESS_DISCLOSURE,False,DETAIL_MISSING,OFFICIAL_DETAIL_NOT_CAPTURED,False
1598053,DIVIDEND_PROCESS_DISCLOSURE,False,DETAIL_MISSING,OFFICIAL_DETAIL_NOT_CAPTURED,False
1598185,DIVIDEND_PROCESS_DISCLOSURE,False,DETAIL_MISSING,OFFICIAL_DETAIL_NOT_CAPTURED,False
1598380,DIVIDEND_PROCESS_DISCLOSURE,False,DETAIL_MISSING,OFFICIAL_DETAIL_NOT_CAPTURED,False
1598404,DIVIDEND_PROCESS_DISCLOSURE,False,DETAIL_MISSING,OFFICIAL_DETAIL_NOT_CAPTURED,False
1598409,DIVIDEND_PROCESS_DISCLOSURE,False,DETAIL_MISSING,OFFICIAL_DETAIL_NOT_CAPTURED,False
1598581,DIVIDEND_PROCESS_DISCLOSURE,False,DETAIL_MISSING,OFFICIAL_DETAIL_NOT_CAPTURED,False
1598692,DIVIDEND_PROCESS_DISCLOSURE,False,DETAIL_MISSING,OFFICIAL_DETAIL_NOT_CAPTURED,False
1598761,DIVIDEND_PROCESS_DISCLOSURE,False,DETAIL_MISSING,OFFICIAL_DETAIL_NOT_CAPTURED,False
1598915,DIVIDEND_PROCESS_DISCLOSURE,False,DETAIL_MISSING,OFFICIAL_DETAIL_NOT_CAPTURED,False
1599016,DIVIDEND_PROCESS_DISCLOSURE,False,DETAIL_MISSING,OFFICIAL_DETAIL_NOT_CAPTURED,False
1599833,DIVIDEND_PROCESS_DISCLOSURE,False,DETAIL_MISSING,OFFICIAL_DETAIL_NOT_CAPTURED,False
1600040,DIVIDEND_PROCESS_DISCLOSURE,False,DETAIL_MISSING,OFFICIAL_DETAIL_NOT_CAPTURED,False
1600041,DIVIDEND_PROCESS_DISCLOSURE,False,DETAIL_MISSING,OFFICIAL_DETAIL_NOT_CAPTURED,False
1600774,DIVIDEND_PROCESS_DISCLOSURE,False,DETAIL_MISSING,OFFICIAL_DETAIL_NOT_CAPTURED,False
1600847,DIVIDEND_PROCESS_DISCLOSURE,False,DETAIL_MISSING,OFFICIAL_DETAIL_NOT_CAPTURED,False
1600862,DIVIDEND_PROCESS_DISCLOSURE,False,DETAIL_MISSING,OFFICIAL_DETAIL_NOT_CAPTURED,False
1601205,DIVIDEND_PROCESS_DISCLOSURE,False,DETAIL_MISSING,OFFICIAL_DETAIL_NOT_CAPTURED,False
1601357,DIVIDEND_PROCESS_DISCLOSURE,False,DETAIL_MISSING,OFFICIAL_DETAIL_NOT_CAPTURED,False
1601407,DIVIDEND_PROCESS_DISCLOSURE,False,DETAIL_MISSING,OFFICIAL_DETAIL_NOT_CAPTURED,False
1601470,DIVIDEND_PROCESS_DISCLOSURE,False,DETAIL_MISSING,OFFICIAL_DETAIL_NOT_CAPTURED,False
1602139,DIVIDEND_PROCESS_DISCLOSURE,False,DETAIL_MISSING,OFFICIAL_DETAIL_NOT_CAPTURED,False
1602349,DIVIDEND_PROCESS_DISCLOSURE,False,DETAIL_MISSING,OFFICIAL_DETAIL_NOT_CAPTURED,False
1602781,MERGER,False,DETAIL_MISSING,OFFICIAL_DETAIL_NOT_CAPTURED,False
1602814,DIVIDEND_PROCESS_DISCLOSURE,False,DETAIL_MISSING,OFFICIAL_DETAIL_NOT_CAPTURED,False
1602822,DIVIDEND_PROCESS_DISCLOSURE,False,DETAIL_MISSING,OFFICIAL_DETAIL_NOT_CAPTURED,False
1602857,DIVIDEND_PROCESS_DISCLOSURE,False,DETAIL_MISSING,OFFICIAL_DETAIL_NOT_CAPTURED,False
1603021,CAPITAL_INCREASE,False,DETAIL_MISSING,OFFICIAL_DETAIL_NOT_CAPTURED,False
1603068,DIVIDEND_PROCESS_DISCLOSURE,False,DETAIL_MISSING,OFFICIAL_DETAIL_NOT_CAPTURED,False
1603304,DIVIDEND_PROCESS_DISCLOSURE,False,DETAIL_MISSING,OFFICIAL_DETAIL_NOT_CAPTURED,False
1603872,DIVIDEND_PROCESS_DISCLOSURE,False,DETAIL_MISSING,OFFICIAL_DETAIL_NOT_CAPTURED,False
1604089,CAPITAL_INCREASE,False,DETAIL_MISSING,OFFICIAL_DETAIL_NOT_CAPTURED,False
1604404,DIVIDEND_PROCESS_DISCLOSURE,False,DETAIL_MISSING,OFFICIAL_DETAIL_NOT_CAPTURED,False
1605088,DIVIDEND_PROCESS_DISCLOSURE,False,DETAIL_MISSING,OFFICIAL_DETAIL_NOT_CAPTURED,False
1605654,MERGER,False,DETAIL_MISSING,OFFICIAL_DETAIL_NOT_CAPTURED,False
1606141,CAPITAL_INCREASE,False,DETAIL_MISSING,OFFICIAL_DETAIL_NOT_CAPTURED,False
1606436,BONUS_ISSUE_DISCLOSURE,False,DETAIL_MISSING,OFFICIAL_DETAIL_NOT_CAPTURED,False
1606642,CAPITAL_INCREASE,False,DETAIL_MISSING,OFFICIAL_DETAIL_NOT_CAPTURED,False
1606779,RIGHTS_ISSUE_DISCLOSURE,False,DETAIL_MISSING,OFFICIAL_DETAIL_NOT_CAPTURED,False
1607014,DIVIDEND_PROCESS_DISCLOSURE,False,DETAIL_MISSING,OFFICIAL_DETAIL_NOT_CAPTURED,False
1607023,DIVIDEND_PROCESS_DISCLOSURE,False,DETAIL_MISSING,OFFICIAL_DETAIL_NOT_CAPTURED,False
1607067,DIVIDEND_PROCESS_DISCLOSURE,False,DETAIL_MISSING,OFFICIAL_DETAIL_NOT_CAPTURED,False
1607068,DIVIDEND_PROCESS_DISCLOSURE,False,DETAIL_MISSING,OFFICIAL_DETAIL_NOT_CAPTURED,False
1607530,DIVIDEND_PROCESS_DISCLOSURE,False,DETAIL_MISSING,OFFICIAL_DETAIL_NOT_CAPTURED,False
1607569,DIVIDEND_PROCESS_DISCLOSURE,False,DETAIL_MISSING,OFFICIAL_DETAIL_NOT_CAPTURED,False
1607691,DIVIDEND_PROCESS_DISCLOSURE,False,DETAIL_MISSING,OFFICIAL_DETAIL_NOT_CAPTURED,False
1607865,DIVIDEND_PROCESS_DISCLOSURE,False,DETAIL_MISSING,OFFICIAL_DETAIL_NOT_CAPTURED,False
1607901,DIVIDEND_PROCESS_DISCLOSURE,False,DETAIL_MISSING,OFFICIAL_DETAIL_NOT_CAPTURED,False
1608016,DIVIDEND_PROCESS_DISCLOSURE,False,DETAIL_MISSING,OFFICIAL_DETAIL_NOT_CAPTURED,False
1608216,DIVIDEND_PROCESS_DISCLOSURE,False,DETAIL_MISSING,OFFICIAL_DETAIL_NOT_CAPTURED,False
1608261,DIVIDEND_PROCESS_DISCLOSURE,False,DETAIL_MISSING,OFFICIAL_DETAIL_NOT_CAPTURED,False
1608272,DIVIDEND_PROCESS_DISCLOSURE,False,DETAIL_MISSING,OFFICIAL_DETAIL_NOT_CAPTURED,False
1608719,DIVIDEND_PROCESS_DISCLOSURE,False,DETAIL_MISSING,OFFICIAL_DETAIL_NOT_CAPTURED,False
1609227,DIVIDEND_PROCESS_DISCLOSURE,False,DETAIL_MISSING,OFFICIAL_DETAIL_NOT_CAPTURED,False
1610042,CAPITAL_INCREASE,False,DETAIL_MISSING,OFFICIAL_DETAIL_NOT_CAPTURED,False
1610169,DIVIDEND_PROCESS_DISCLOSURE,False,DETAIL_MISSING,OFFICIAL_DETAIL_NOT_CAPTURED,False
1610171,DIVIDEND_PROCESS_DISCLOSURE,False,DETAIL_MISSING,OFFICIAL_DETAIL_NOT_CAPTURED,False
1610850,BONUS_ISSUE_DISCLOSURE,False,DETAIL_MISSING,OFFICIAL_DETAIL_NOT_CAPTURED,False
1610874,CAPITAL_INCREASE,False,DETAIL_MISSING,OFFICIAL_DETAIL_NOT_CAPTURED,False
1612055,DIVIDEND_PROCESS_DISCLOSURE,False,DETAIL_MISSING,OFFICIAL_DETAIL_NOT_CAPTURED,False
1612219,DIVIDEND_PROCESS_DISCLOSURE,False,DETAIL_MISSING,OFFICIAL_DETAIL_NOT_CAPTURED,False
1612739,CAPITAL_INCREASE,False,DETAIL_MISSING,OFFICIAL_DETAIL_NOT_CAPTURED,False
1612805,DIVIDEND_PROCESS_DISCLOSURE,False,DETAIL_MISSING,OFFICIAL_DETAIL_NOT_CAPTURED,False
1613110,DIVIDEND_PROCESS_DISCLOSURE,False,DETAIL_MISSING,OFFICIAL_DETAIL_NOT_CAPTURED,False
1613299,CAPITAL_INCREASE,False,DETAIL_MISSING,OFFICIAL_DETAIL_NOT_CAPTURED,False
1613469,CAPITAL_INCREASE,False,DETAIL_MISSING,OFFICIAL_DETAIL_NOT_CAPTURED,False
1613885,DIVIDEND_PROCESS_DISCLOSURE,False,DETAIL_MISSING,OFFICIAL_DETAIL_NOT_CAPTURED,False
1614941,DIVIDEND_PROCESS_DISCLOSURE,False,DETAIL_MISSING,OFFICIAL_DETAIL_NOT_CAPTURED,False
1615088,DIVIDEND_PROCESS_DISCLOSURE,False,DETAIL_MISSING,OFFICIAL_DETAIL_NOT_CAPTURED,False
1615396,DIVIDEND_PROCESS_DISCLOSURE,False,DETAIL_MISSING,OFFICIAL_DETAIL_NOT_CAPTURED,False
1615928,CAPITAL_INCREASE,False,DETAIL_MISSING,OFFICIAL_DETAIL_NOT_CAPTURED,False
1616101,BONUS_ISSUE_DISCLOSURE,False,DETAIL_MISSING,OFFICIAL_DETAIL_NOT_CAPTURED,False
1616567,CAPITAL_INCREASE,False,DETAIL_MISSING,OFFICIAL_DETAIL_NOT_CAPTURED,False
1617170,BONUS_ISSUE_DISCLOSURE,False,DETAIL_MISSING,OFFICIAL_DETAIL_NOT_CAPTURED,False
1617424,DIVIDEND_PROCESS_DISCLOSURE,False,DETAIL_MISSING,OFFICIAL_DETAIL_NOT_CAPTURED,False
1617530,CAPITAL_INCREASE,False,DETAIL_MISSING,OFFICIAL_DETAIL_NOT_CAPTURED,False
1617778,DIVIDEND_PROCESS_DISCLOSURE,False,DETAIL_MISSING,OFFICIAL_DETAIL_NOT_CAPTURED,False
1617819,DIVIDEND_PROCESS_DISCLOSURE,False,DETAIL_MISSING,OFFICIAL_DETAIL_NOT_CAPTURED,False
1618075,CAPITAL_INCREASE,False,DETAIL_MISSING,OFFICIAL_DETAIL_NOT_CAPTURED,False
1618146,DIVIDEND_PROCESS_DISCLOSURE,False,DETAIL_MISSING,OFFICIAL_DETAIL_NOT_CAPTURED,False
1618575,DIVIDEND_PROCESS_DISCLOSURE,False,DETAIL_MISSING,OFFICIAL_DETAIL_NOT_CAPTURED,False
1618737,DIVIDEND_PROCESS_DISCLOSURE,False,DETAIL_MISSING,OFFICIAL_DETAIL_NOT_CAPTURED,False
1619526,DIVIDEND_PROCESS_DISCLOSURE,False,DETAIL_MISSING,OFFICIAL_DETAIL_NOT_CAPTURED,False
1619643,CAPITAL_INCREASE,False,DETAIL_MISSING,OFFICIAL_DETAIL_NOT_CAPTURED,False
1619813,BONUS_ISSUE_DISCLOSURE,False,DETAIL_MISSING,OFFICIAL_DETAIL_NOT_CAPTURED,False
1619896,CAPITAL_INCREASE,False,DETAIL_MISSING,OFFICIAL_DETAIL_NOT_CAPTURED,False
1621120,CAPITAL_INCREASE,False,DETAIL_MISSING,OFFICIAL_DETAIL_NOT_CAPTURED,False
1622148,DIVIDEND_PROCESS_DISCLOSURE,False,DETAIL_MISSING,OFFICIAL_DETAIL_NOT_CAPTURED,False
1622679,DIVIDEND_PROCESS_DISCLOSURE,False,DETAIL_MISSING,OFFICIAL_DETAIL_NOT_CAPTURED,False
1622735,DIVIDEND_PROCESS_DISCLOSURE,False,DETAIL_MISSING,OFFICIAL_DETAIL_NOT_CAPTURED,False
1622784,CAPITAL_INCREASE,False,DETAIL_MISSING,OFFICIAL_DETAIL_NOT_CAPTURED,False
1623302,DIVIDEND_PROCESS_DISCLOSURE,False,DETAIL_MISSING,OFFICIAL_DETAIL_NOT_CAPTURED,False
1623304,DIVIDEND_PROCESS_DISCLOSURE,False,DETAIL_MISSING,OFFICIAL_DETAIL_NOT_CAPTURED,False
1623404,CAPITAL_INCREASE,False,DETAIL_MISSING,OFFICIAL_DETAIL_NOT_CAPTURED,False
1624132,MERGER,False,DETAIL_MISSING,OFFICIAL_DETAIL_NOT_CAPTURED,False
1624193,CAPITAL_INCREASE,False,DETAIL_MISSING,OFFICIAL_DETAIL_NOT_CAPTURED,False
1627416,DIVIDEND_PROCESS_DISCLOSURE,False,DETAIL_MISSING,OFFICIAL_DETAIL_NOT_CAPTURED,False
1628718,CAPITAL_INCREASE,False,DETAIL_MISSING,OFFICIAL_DETAIL_NOT_CAPTURED,False
1632790,BONUS_ISSUE_DISCLOSURE,False,DETAIL_MISSING,OFFICIAL_DETAIL_NOT_CAPTURED,False
1633371,MERGER,False,DETAIL_MISSING,OFFICIAL_DETAIL_NOT_CAPTURED,False
1633768,DIVIDEND_PROCESS_DISCLOSURE,False,DETAIL_MISSING,OFFICIAL_DETAIL_NOT_CAPTURED,False
1634271,DIVIDEND_PROCESS_DISCLOSURE,False,DETAIL_MISSING,OFFICIAL_DETAIL_NOT_CAPTURED,False
1634985,BONUS_ISSUE_DISCLOSURE,False,DETAIL_MISSING,OFFICIAL_DETAIL_NOT_CAPTURED,False
1635133,MERGER,False,DETAIL_MISSING,OFFICIAL_DETAIL_NOT_CAPTURED,False
1635210,MERGER,False,DETAIL_MISSING,OFFICIAL_DETAIL_NOT_CAPTURED,False
1635523,MERGER,False,DETAIL_MISSING,OFFICIAL_DETAIL_NOT_CAPTURED,False
1635844,DIVIDEND_PROCESS_DISCLOSURE,False,DETAIL_MISSING,OFFICIAL_DETAIL_NOT_CAPTURED,False
1636752,BONUS_ISSUE_DISCLOSURE,False,DETAIL_MISSING,OFFICIAL_DETAIL_NOT_CAPTURED,False
1636766,MERGER,False,DETAIL_MISSING,OFFICIAL_DETAIL_NOT_CAPTURED,False
1638000,DIVIDEND_PROCESS_DISCLOSURE,False,DETAIL_MISSING,OFFICIAL_DETAIL_NOT_CAPTURED,False
1638001,CAPITAL_INCREASE,False,DETAIL_MISSING,OFFICIAL_DETAIL_NOT_CAPTURED,False
1638970,CAPITAL_INCREASE,False,DETAIL_MISSING,OFFICIAL_DETAIL_NOT_CAPTURED,False
1639071,RIGHTS_ISSUE_DISCLOSURE,False,DETAIL_MISSING,OFFICIAL_DETAIL_NOT_CAPTURED,False
1639734,CAPITAL_INCREASE,False,DETAIL_MISSING,OFFICIAL_DETAIL_NOT_CAPTURED,False
1639740,CAPITAL_INCREASE,False,DETAIL_MISSING,OFFICIAL_DETAIL_NOT_CAPTURED,False
1639871,DIVIDEND_PROCESS_DISCLOSURE,False,DETAIL_MISSING,OFFICIAL_DETAIL_NOT_CAPTURED,False
1639872,DIVIDEND_PROCESS_DISCLOSURE,False,DETAIL_MISSING,OFFICIAL_DETAIL_NOT_CAPTURED,False
1639873,DIVIDEND_PROCESS_DISCLOSURE,False,DETAIL_MISSING,OFFICIAL_DETAIL_NOT_CAPTURED,False
1641660,DIVIDEND_PROCESS_DISCLOSURE,False,DETAIL_MISSING,OFFICIAL_DETAIL_NOT_CAPTURED,False
1642637,CAPITAL_INCREASE,False,DETAIL_MISSING,OFFICIAL_DETAIL_NOT_CAPTURED,False
1642697,RIGHTS_ISSUE_DISCLOSURE,False,DETAIL_MISSING,OFFICIAL_DETAIL_NOT_CAPTURED,False
1643702,DIVIDEND_PROCESS_DISCLOSURE,False,DETAIL_MISSING,OFFICIAL_DETAIL_NOT_CAPTURED,False
1643990,CAPITAL_INCREASE,False,DETAIL_MISSING,OFFICIAL_DETAIL_NOT_CAPTURED,False
1644470,CAPITAL_INCREASE,False,DETAIL_MISSING,OFFICIAL_DETAIL_NOT_CAPTURED,False
1645607,CAPITAL_INCREASE,False,DETAIL_MISSING,OFFICIAL_DETAIL_NOT_CAPTURED,False
1645625,DIVIDEND_PROCESS_DISCLOSURE,False,DETAIL_MISSING,OFFICIAL_DETAIL_NOT_CAPTURED,False
1646542,DIVIDEND_PROCESS_DISCLOSURE,False,DETAIL_MISSING,OFFICIAL_DETAIL_NOT_CAPTURED,False
1648213,MERGER,False,DETAIL_MISSING,OFFICIAL_DETAIL_NOT_CAPTURED,False
1650604,BONUS_ISSUE_DISCLOSURE,False,DETAIL_MISSING,OFFICIAL_DETAIL_NOT_CAPTURED,False
1651300,CAPITAL_INCREASE,False,DETAIL_MISSING,OFFICIAL_DETAIL_NOT_CAPTURED,False
1653504,RIGHTS_ISSUE_DISCLOSURE,False,DETAIL_MISSING,OFFICIAL_DETAIL_NOT_CAPTURED,False
1653656,DIVIDEND_PROCESS_DISCLOSURE,False,DETAIL_MISSING,OFFICIAL_DETAIL_NOT_CAPTURED,False
1654175,CAPITAL_INCREASE,False,DETAIL_MISSING,OFFICIAL_DETAIL_NOT_CAPTURED,False
1654560,RIGHTS_ISSUE_DISCLOSURE,False,DETAIL_MISSING,OFFICIAL_DETAIL_NOT_CAPTURED,False
1654680,CAPITAL_INCREASE,False,DETAIL_MISSING,OFFICIAL_DETAIL_NOT_CAPTURED,False
1655191,CAPITAL_INCREASE,False,DETAIL_MISSING,OFFICIAL_DETAIL_NOT_CAPTURED,False
1655506,CAPITAL_INCREASE,False,DETAIL_MISSING,OFFICIAL_DETAIL_NOT_CAPTURED,False
1655601,CAPITAL_INCREASE,False,DETAIL_MISSING,OFFICIAL_DETAIL_NOT_CAPTURED,False
1656455,RIGHTS_ISSUE_DISCLOSURE,False,DETAIL_MISSING,OFFICIAL_DETAIL_NOT_CAPTURED,False
1656680,BONUS_ISSUE_DISCLOSURE,False,DETAIL_MISSING,OFFICIAL_DETAIL_NOT_CAPTURED,False
1657500,DIVIDEND_PROCESS_DISCLOSURE,False,DETAIL_MISSING,OFFICIAL_DETAIL_NOT_CAPTURED,False
1658176,DIVIDEND_PROCESS_DISCLOSURE,False,DETAIL_MISSING,OFFICIAL_DETAIL_NOT_CAPTURED,False
1658689,DIVIDEND_PROCESS_DISCLOSURE,False,DETAIL_MISSING,OFFICIAL_DETAIL_NOT_CAPTURED,False
1661245,DIVIDEND_PROCESS_DISCLOSURE,False,DETAIL_MISSING,OFFICIAL_DETAIL_NOT_CAPTURED,False
1661783,BONUS_ISSUE_DISCLOSURE,False,DETAIL_MISSING,OFFICIAL_DETAIL_NOT_CAPTURED,False
1663784,BONUS_ISSUE_DISCLOSURE,False,DETAIL_MISSING,OFFICIAL_DETAIL_NOT_CAPTURED,False
1664212,MERGER,False,DETAIL_MISSING,OFFICIAL_DETAIL_NOT_CAPTURED,False
1664867,RIGHTS_ISSUE_DISCLOSURE,False,DETAIL_MISSING,OFFICIAL_DETAIL_NOT_CAPTURED,False
1664976,BONUS_ISSUE_DISCLOSURE,False,DETAIL_MISSING,OFFICIAL_DETAIL_NOT_CAPTURED,False
1666699,BONUS_ISSUE_DISCLOSURE,False,DETAIL_MISSING,OFFICIAL_DETAIL_NOT_CAPTURED,False
1667913,MERGER,False,DETAIL_MISSING,OFFICIAL_DETAIL_NOT_CAPTURED,False
1667943,CAPITAL_INCREASE,False,DETAIL_MISSING,OFFICIAL_DETAIL_NOT_CAPTURED,False
1668262,RIGHTS_ISSUE_DISCLOSURE,False,DETAIL_MISSING,OFFICIAL_DETAIL_NOT_CAPTURED,False
1668305,MERGER,False,DETAIL_MISSING,OFFICIAL_DETAIL_NOT_CAPTURED,False
1669662,MERGER,False,DETAIL_MISSING,OFFICIAL_DETAIL_NOT_CAPTURED,False
1670023,DIVIDEND_PROCESS_DISCLOSURE,False,DETAIL_MISSING,OFFICIAL_DETAIL_NOT_CAPTURED,False
1670550,MERGER,False,DETAIL_MISSING,OFFICIAL_DETAIL_NOT_CAPTURED,False
1670572,CAPITAL_INCREASE,False,DETAIL_MISSING,OFFICIAL_DETAIL_NOT_CAPTURED,False
1671678,DIVIDEND_PROCESS_DISCLOSURE,False,DETAIL_MISSING,OFFICIAL_DETAIL_NOT_CAPTURED,False
1672585,CAPITAL_INCREASE,False,DETAIL_MISSING,OFFICIAL_DETAIL_NOT_CAPTURED,False
1672991,DIVIDEND_PROCESS_DISCLOSURE,False,DETAIL_MISSING,OFFICIAL_DETAIL_NOT_CAPTURED,False
1674751,DIVIDEND_PROCESS_DISCLOSURE,False,DETAIL_MISSING,OFFICIAL_DETAIL_NOT_CAPTURED,False
