event_id,captured,error,raw_sha256,raw_gzip_sha256,parsed_sha256,field_count,basic_title,basic_publish_date,capture_source
1503897,True,,04fd9bc12a026dcce35c8e89b45c9c5653e515180bc62570717c7bdde81b0054,2ff28d968ff8cff060312a824cf073c5b12409b9032b1cfc9f967d24c38d205f,c77c4baf3b9ee2014f6db1b7bd3a5f4856831f8a4a53e4865257b9449e5958f3,0.0,Birleşme İşlemlerine İlişkin Bildirim,2025.10.14 13:27:54,REUSED_FROZEN_HTML
1504820,True,,fb392867f1de7ea658e3952213db5070aed86b8db26c72185486d62fc7f7fc08,f4cca9d2b7ebeaa5347a34aaee2f4797cc1d2120cdc94bbbf6632207ab1ebe51,c000f598d485a8bb2bb92a135529f23e65a2dba432a5972dacfa6240cfab871b,0.0,Sermaye Artırımı - Azaltımı İşlemlerine İlişkin Bildirim,2025.10.15 18:19:05,REUSED_FROZEN_HTML
1505186,True,,40552cd0fb2ba4943cd15f2676b28dd2d66ebcbf29cb1051ba40b5bb72432171,32ade2def1e0f97eac5c42ab5f1fe2eedeca0f58912d6c55c82335cf328502d3,aaeaf0225f7bf5de36b770b77555ab209cf591fa1edaf25eccfd5e00d07778dd,0.0,Sermaye Artırımı - Azaltımı İşlemlerine İlişkin Bildirim,2025.10.17 09:32:23,REUSED_FROZEN_HTML
1507412,True,,cdc4f7028945c5ccf9f16f3efc796d87b1bff80059bb9b678087ef52d7db2601,a51e05d665b55042871a763becd5a10ac0cd517f4037309e0cc027b798a78806,b132ff7f8a55fc9aa3acdc0d2c0276ad8ba7fc50ac35c590a1a346884fdc4ec8,7.0,Sermaye Artırımından Elde Edilecek - Edilen Fonun Kullanımına İlişkin Rapor,2025.10.23 18:16:40,REUSED_FROZEN_HTML
1507463,True,,5df35da9258d8066627a9c0d3f35c42174ff1c1400836bae601b4ffcd6e177b4,15e0284aa0857ee20a96e4adfe51dd6000126e2931f983734d0f63bd26ee1c19,c613f7867959262094d03ca38eff2af6dddbbcf57d72a3831efd8dfe86ae2daa,0.0,Sermaye Artırımı - Azaltımı İşlemlerine İlişkin Bildirim,2025.10.23 18:53:50,REUSED_FROZEN_HTML
1507550,True,,1d879148d9258395b51719c9590db453abd82ed2258f9afc32ecc7577342a2b9,b4048d8343ff977077f52202b3acd8ce2e91fb0dc4b6640721d6fb7ecf2ce2c0,8aabc1974f8ca3b226a0a367bd2a17281ceb0358456993bfd83613271ba0b486,0.0,Kar Payı Dağıtım İşlemlerine İlişkin Bildirim,2025.10.23 20:42:23,REUSED_FROZEN_HTML
1507559,True,,7f377f44081112e636aa1de26b3666241543cf0df4b9273b2b2caa5cc3b2c3b4,0fcfa3c2f8d327fc64c1caf700bc6a65528e7376abd95611872312015a895b7a,445f66f3e32185d9509e5924b358fe7db0e485be67715ca3c2ae99a9f1d93748,0.0,Kar Payı Dağıtım İşlemlerine İlişkin Bildirim,2025.10.23 21:01:08,REUSED_FROZEN_HTML
1507659,True,,f33a7c86c3403d894d063e461b081c245f261c8f35f8ae1aee9145dbd342d0d8,01bf5518daaddf9bef594a4fc1fdd4f09f7588d464cabf59ef91fc0589fba8da,966b4b78f92b859522d0547fe9522ee0c02e20b472ce037019eafba50d491220,0.0,Birleşme İşlemlerine İlişkin Bildirim,2025.10.24 11:04:47,REUSED_FROZEN_HTML
1507942,True,,3f9504b9334de0a1da36354ae014476dad2770dbcd85fdd7f769932767586984,d1737c14ac7731a70d26c8c04c8c22755deb7e68ff2669ba1bf5411f2396ca46,a18e2c9ef76cb4e7bb479b6f3a6d69ff2f538a0b98722b9ba613612a9fcd5762,0.0,Kar Payı Dağıtım İşlemlerine İlişkin Bildirim,2025.10.24 18:17:04,REUSED_FROZEN_HTML
1507950,True,,d8e6dec46fefd0c6ece673436ac510b741bbed19dedf2941b7e463cae1c35e39,d70c8eaa3cf6101b4f04f8de6f23075296e29a1bd6c5f16ad57435810f184312,e1a8ecee011f6a54c9b622712f7d460997c15c49c2959390e07a366a944626fe,0.0,Sermaye Artırımı - Azaltımı İşlemlerine İlişkin Bildirim,2025.10.24 18:18:49,REUSED_FROZEN_HTML
1507966,True,,2d86bc9ac9cf0cb39eae63b233c382c98baea88afa7db112bfcda64fef3065b2,1ea8f69ad56e41311614985dbf9ae6ee93f0c462a9d4fd238c7fbba3433eae34,0c71a3f9b413d14f140f53040580f7217013a02ad6306d3a6347d7d49ccc66f4,7.0,Sermaye Artırımından Elde Edilecek - Edilen Fonun Kullanımına İlişkin Rapor,2025.10.24 18:23:28,REUSED_FROZEN_HTML
1507969,True,,1462f7d50fdcd6c4e5e454920b362fdf1009e4b8944c0080155246426e569b4e,189d449fbdd928452382165691dc0200dfbd8ac57bce36a1b7e4cd71fa98fdad,084b12835df4f009ae0baea5a613d11d2da9c9e5c112ed5ddd6204ee1a0fd330,0.0,Sermaye Artırımı - Azaltımı İşlemlerine İlişkin Bildirim,2025.10.24 18:24:43,REUSED_FROZEN_HTML
1508282,True,,fd1aa0560799813dfebe3e9357e97b7cb9ca9485310a8db6f3a92c197529a864,c548a2956152aae1b94b3a252e85d9fa99972bde66a8ca98e5907a9e2bd823eb,8b3c8703e76a16de86ee0b186b2bbbee9330c0562c95130a1fe9b8b331d899e9,0.0,Birleşme İşlemlerine İlişkin Bildirim,2025.10.27 16:08:09,REUSED_FROZEN_HTML
1508478,True,,f53a32873ffcb022ed7defc5b1480320d519b939c94138b9cbbbf8e116899d55,e63c1ff006254a9fca17292be77775d6d723f4723239a5a54ea91450dabb6688,cf469f78445daf07e451c5c05b177ddddac2dbc7360f75811d8926c48a63a20c,0.0,Birleşme İşlemlerine İlişkin Bildirim,2025.10.27 18:38:53,REUSED_FROZEN_HTML
1509356,True,,bfc0d3a4bf3be5a3fce635919962506d3d1f9d5f7209821bc692985f1335e18e,502d966b793f7e5e4e806bceee5cfc5265801d4a79d8df2034c1841dc57299d7,d79f1d875d0faf7980cf3839ef2f330896b7eb2445c45b454f0f47bb93551e2d,0.0,Kar Payı Dağıtım İşlemlerine İlişkin Bildirim,2025.10.30 18:38:20,REUSED_FROZEN_HTML
1509847,True,,d38781e59adee7a4865218634f0cec7adb5577f245d27a3a577876e6d5e87aa7,e824e646cd41924e57f10abe540b16d882d585ed884a95346e48c1da2df10888,9d4e47331876c035bf57045c1d4355a2f0f2d212ed1f97eea8cfaab8f342dc1f,0.0,Sermaye Artırımı - Azaltımı İşlemlerine İlişkin Bildirim,2025.10.31 14:32:05,REUSED_FROZEN_HTML
1510035,True,,b84233ed93221c560d5104825f614ab0234ad59a510b4314ca6191c747f9defd,8bf4c30f6ba747fd3ce988a0856c639f4193de94a35b1e9d1fece3de1e36982c,536acdc6ad8f91529869d09ffce3644db99591e73a2a1cca18d97e30c5740d08,0.0,Sermaye Artırımı - Azaltımı İşlemlerine İlişkin Bildirim,2025.10.31 17:40:40,REUSED_FROZEN_HTML
1510036,True,,a23cfaeae5675612d8b2eeed837d742f4dd8d05d983e90ce65021ed5493436d8,bc38513a236e3e779905ad24fc85363f70af750835039c445f36bbcdec5a2dd5,e8985f080539a1223060c72df92afc6f9e06dbf549b2dde95fbc36dfdd9ec059,7.0,İzahname (SPK Onayına Sunulan),2025.10.31 17:40:59,REUSED_FROZEN_HTML
1510037,True,,5e19d8f2917f2b2ab9aa7d21f950d09276f4e4ea0bf575234794695afee562ff,9f826495c00780e9ff03475f158f720a1e9e3d25315d26ee038690961a7454de,19b20b4fa727fe4d9867eff46d0a3831d4402c20c619106e72b2de026f440708,7.0,Sermaye Artırımından Elde Edilecek - Edilen Fonun Kullanımına İlişkin Rapor,2025.10.31 17:41:17,REUSED_FROZEN_HTML
1510177,True,,92d72ee70fdd1fbe8bc48100ac4bf58c8b1e2e4481b63ada8c9aa9da47ffdd35,6a466a22bc22bf1f5480347aa9056688f26057edeeea3341aae2ac45d6379318,dd052140f65640074386fd6ca7b0eb9b211f4015b7218b4a3e0c90747858fe2e,0.0,Birleşme İşlemlerine İlişkin Bildirim,2025.10.31 18:26:11,REUSED_FROZEN_HTML
1510232,True,,640bac576be7f89b969b895762c3b771ac4f25c6e53e969e80b4f787cc39bac0,20f51f638e2d9bbbdf35c3284b9ae19d13acba722f6c71bfad5a4d1d923914b4,1f4e1c9a35134980b2e775f963c9edda04e8ac4d551ac33038de30bfb78cc17f,0.0,Sermaye Artırımı - Azaltımı İşlemlerine İlişkin Bildirim,2025.10.31 18:53:22,REUSED_FROZEN_HTML
1510385,True,,8445a5d97b0aca3cf8b900b079b8285d0f5fc797a9c4e514db34e6d291e64b7d,817c2c2ac67219a3fb53f724bd2fd5b228598874015fd69916e34ae77afc1818,f1b1bdbcc617e9cede59e63e1a933cb028170295d7bf6e2070b826edb21b49c4,0.0,Sermaye Artırımı - Azaltımı İşlemlerine İlişkin Bildirim,2025.11.03 10:49:06,REUSED_FROZEN_HTML
1510761,True,,0ebec2987d855933b58434ace3182afcb93e95fd7ea11882b3ba74df7ab6c797,05eaa4cd12501ffc0cbcc828f1dfd9ded110d659f0e353007ea43d530e60c911,64bdcd832f7744f2afcc70d3fd632967c1c36f9790bec1f1bc0837a274a1af88,0.0,Sermaye Artırımı - Azaltımı İşlemlerine İlişkin Bildirim,2025.11.03 18:33:54,REUSED_FROZEN_HTML
1511318,True,,25023032f3838b39ef7516ee4a8830a8b1763681385e32f5061196a738ab57ce,918974d4b51edd655ced6d939e929039c8562a3ec88bfc1106b019ce0652b385,03e9df005d0dfce26a46aab363657882883bb4f1ac6f44caabd714d65c60ec4a,0.0,Birleşme İşlemlerine İlişkin Bildirim,2025.11.04 18:41:03,REUSED_FROZEN_HTML
1511588,True,,4c5a964424cace529a279798e1f07c26ab725194e73e660ccf992175cca3bbed,612ea84ff15cf855f009c6b727fa40018f941bcf8c121bd199b2bb7c15063010,6ed67a2a198e5f622cec281832a2e7db7b925731fc1e00663b92c774ff7c0916,7.0,Sermaye Artırımından Elde Edilecek - Edilen Fonun Kullanımına İlişkin Rapor,2025.11.05 15:21:31,REUSED_FROZEN_HTML
1514402,True,,97702901249817057d1eb0724984b46b5b1768fe30ce79ae5c50eee15bcc471f,a065532a9d3a8c5a25efbb1c02a0fdfd6b30a8514a89165bb14816708e801783,019bcf78e5b05792ba71df5185e02a09f6a38a72ba32f47797814624ded2de4a,0.0,Sermaye Artırımı - Azaltımı İşlemlerine İlişkin Bildirim,2025.11.10 18:14:35,REUSED_FROZEN_HTML
1515682,True,,5a3e5160edc42d63cef7756287d1f6d8039f19d35cb2ac46a9dda451e341324c,b898caa286738ae311a3637788d18cfb826c60d529cc82dc5a8eb31bfa1ccb32,382bb0de40a91328069e3a8dd60bba73dc0313883591e6b303f8eaaef0d13602,0.0,Kar Payı Dağıtım İşlemlerine İlişkin Bildirim,2025.11.11 16:20:33,REUSED_FROZEN_HTML
1516306,True,,2f16ada8b70b088b3ec8a8af96fd06d60b5781eb564786c43c526f25b749c385,0bf35ee67fcdc4c51ba27e6f0c94a8f8bbca18f47bea13311a09886eb8806de7,cc4c7c4dec23c6a21752508201e9f24c52534c779d3f7af0e28780a240fb1a1b,0.0,Sermaye Artırımı - Azaltımı İşlemlerine İlişkin Bildirim,2025.11.12 21:27:11,REUSED_FROZEN_HTML
1516497,True,,6b12e73c31023501969c9bbcb41b945c7e2c5dfec204e2e2a6f7903f3b703942,b241c614449932817c367f2c2a9275ad51525641be943d5bdc27e2c6bd9504f3,2cfeed4c3bb6e8e48c49425e605865678689a1f37c274c8756c3551db1d0f55c,0.0,Kar Payı Dağıtım İşlemlerine İlişkin Bildirim,2025.11.13 16:29:01,REUSED_FROZEN_HTML
1516521,True,,6ea6fde5495d4e26d9671d62d56fd8cd63c0ac1289bf1047ecd046073aad9417,4132b8ee32d2ba51b811a9f2c937ddca91c817abd974744bb7da842ccb9403eb,36efa9615e7517f3fd5d5e18d24970ef34331a5cf8b3ef1ef382c916e52d0db2,0.0,Sermaye Artırımı - Azaltımı İşlemlerine İlişkin Bildirim,2025.11.13 16:42:03,REUSED_FROZEN_HTML
1516522,True,,533cb85ba15c3998235eee48afd37d2aeb6f06ae3f2f05c8f041ccc9fedbf3ea,d1ecba20845d84611faf13ac226ca5ee9e569e5c645e085c864166f817e105f6,d5d1a81f8d8ef2414f1293024437da55b43e92de969af1eb593c94c5718255fc,7.0,Sermaye Artırımından Elde Edilecek - Edilen Fonun Kullanımına İlişkin Rapor,2025.11.13 16:44:25,REUSED_FROZEN_HTML
1516676,True,,8060a062094aeae0d744ea656e729740fce1b9843695f590bb5cc3b0428c2c0e,2a144aaddb9eb94d7d841f97600a78e940fa5d803119c0e2a55ba7db342b5735,ac806507fa496f496901c8da80992d6901cee96f048fb3b777ebcd9ce081700e,7.0,Sermaye Artırımından Elde Edilecek - Edilen Fonun Kullanımına İlişkin Rapor,2025.11.13 19:26:09,REUSED_FROZEN_HTML
1517737,True,,d6d52b9cb024a8eb571f88291be686323c4998f0253ccf57ff6cc77b4441f8e2,8e274c0228c8589f5875554614984a336ac91551e9a00bb5db1c34f41ada33c8,6ae06dfab394770b188eeca1cda594fa6e29c4529a9a25b50d91a4680c74c035,0.0,Birleşme İşlemlerine İlişkin Bildirim,2025.11.18 17:00:31,REUSED_FROZEN_HTML
1517877,True,,1d4697ae23824df054a873ae81e9dda3063c7511cbc3e5c2decb8b2ae298e667,b8bc37fbaf50d7736e3454c73ac9cf279adfd76e803a1846be343b9001618c9d,588fd967506af13c2485ea1c762af606bed5ea309a26fff0ab47fd334b7b50be,0.0,Kar Payı Dağıtım İşlemlerine İlişkin Bildirim,2025.11.18 18:58:36,REUSED_FROZEN_HTML
1517969,True,,a7774a9b512da73b9a6ef0767c9694e05b09b59198a8722c061a6c0186ed6085,c1316df323da3c468bff74c9f42e2a925802bdc16b3fe8427cb9a112809fbb85,93e5bf1d1c84d3b7e2c5ba904c282d304f2bd145a79cd1b6cf439261edc82ab3,0.0,Birleşme İşlemlerine İlişkin Bildirim,2025.11.19 11:39:17,REUSED_FROZEN_HTML
1518300,True,,9d803ba7b926ad9251b0021c3d832bf92e7e4038234592a22b1f90c426c1888f,4dcc3efcdcbc82fa51473738e35efe178c20b04ad59fc7bb7a18c2fcb510efc1,eb31932c3322b2f7b3252671ae205e44261764030682341fab5d914b7717d7d0,0.0,Kar Payı Dağıtım İşlemlerine İlişkin Bildirim,2025.11.19 19:56:55,REUSED_FROZEN_HTML
1519666,True,,098667a52b0846e470c36cd9d6df6b681f8a549daa24fa8a28c208eafdee09c3,78b055c41c1c0ca897171092d1ab4293ec0d52c0e345a5e94600a6d8e0bcb677,76280ac53fcc12f576e9551783b6b60565282b47b56592fc29ebab826c45140a,0.0,Kar Payı Dağıtım İşlemlerine İlişkin Bildirim,2025.11.25 08:31:23,REUSED_FROZEN_HTML
1520267,True,,a39f761b5365f70da1b3aedc19daa70bbec46d866b247815be319b0537461e9a,e03951669f353502afb53a0f3de1f6c06e3b29bffefcedb575112b09df584800,72e273e79f09ce599835b4efe01109b15afdb5686af13ed51fa167a7ae4197e9,0.0,Sermaye Artırımı - Azaltımı İşlemlerine İlişkin Bildirim,2025.11.26 09:30:02,REUSED_FROZEN_HTML
1520268,True,,75b07d1f920be84c2139a70e6e8103dd66bcd985a4c130da5c7f11c4f3fda725,9c994abfd460e5ee1415a7f2f6ca3951f52a0176bd42dd594f43e7ed910d07f8,ccb26f184c64dd311a7c8b2ea69cb6e4e5968b1fe0bdd75211562c466e17cb19,7.0,Sermaye Artırımından Elde Edilecek - Edilen Fonun Kullanımına İlişkin Rapor,2025.11.26 09:30:13,REUSED_FROZEN_HTML
1520373,True,,8f727d2d6605521f4c06cd13d02b4357f5e23e435559f4880a03c76071392747,7d582528013a4b789b79f82478d3f5e1cae5c9e68032ef25b0cfaec2f6dcf258,3be42d499d98631822df8d15e9f883738a899f80d89b2f34c81754db532b4cd3,0.0,Sermaye Artırımı - Azaltımı İşlemlerine İlişkin Bildirim,2025.11.26 13:41:48,REUSED_FROZEN_HTML
1520603,True,,c04725e2e54fd2d1a295aae21558ffa4ac2ff43434f2a4f7a2f6f33573f853e4,6b290fd3f686f238532020632849e276fa04aee7929bc593c0783a9194ed6f83,544629ca40659fa7c41fb8ce214e7441544e7eeccb052dac339f563954726749,0.0,Sermaye Artırımı - Azaltımı İşlemlerine İlişkin Bildirim,2025.11.26 20:38:01,REUSED_FROZEN_HTML
1520652,True,,4945293035fdeb84ee573c17533d5b554180e923ef15162ed07046271ba6da24,3c70ae22856e7bbab7b700ac35494a260a020b8e6b6b88e75825596bc0e6e6cf,25612775890b5468f24f234e419313f0e0a315ec02a7d3c860514ef4f0b94fb9,0.0,Birleşme İşlemlerine İlişkin Bildirim,2025.11.27 09:56:44,REUSED_FROZEN_HTML
1520745,True,,aaaad31ea8148e168daa4a646485779dc041d87dcb713fba23a2bad7a1cc2205,f4554a1538f60aafb7da5351261afc25f3710cb820de929ac3d0684336488077,c5a5eb4a247c9d1cd3659ff23cb343f09b5aae997a651e872304eacf35d47b1b,0.0,Sermaye Artırımı - Azaltımı İşlemlerine İlişkin Bildirim,2025.11.27 13:56:55,REUSED_FROZEN_HTML
1520751,True,,ba203650e125c9f3b4211fc9c8276416d5bb398cdde7358c33a5591cd932509b,176793c92fe256fa7992a8e3bbd55cff1e8286390d89ef7357014e0aecb499ae,07a5908ad722ebcbfaf01fc87eee9a82522fb707ff9e4c68a4c3f8187d073a4a,0.0,Sermaye Artırımı - Azaltımı İşlemlerine İlişkin Bildirim,2025.11.27 14:16:36,REUSED_FROZEN_HTML
1520922,True,,10c6e725937cd2a57d9f787033a84c023ac11086f9e8d0b0f690ab515df7d7d8,2a8c75a670950014ad42c5c582de6a1194782e1083d59f1a3765ed109bbc295d,123a9034ddcc8670636451bc59c7c1fa8545f5cc138272139c85496409dd2a16,7.0,Sermaye Artırımından Elde Edilecek - Edilen Fonun Kullanımına İlişkin Rapor,2025.11.27 18:43:11,REUSED_FROZEN_HTML
1521070,True,,44fda828e86036eeeef5f3367e48b7fb2a3e2d6ff3f60ea15a01a0d2a2e0af72,7903152f8e3c5d19dc69c4c52c4ef0cc01f004511ec3188cd2e03c4581cce71d,5d6a7cf90bff2be1b3e481ece81aae2c4ed393b0b7cca09bf1a5cb5e05d4787a,0.0,Kar Payı Dağıtım İşlemlerine İlişkin Bildirim,2025.11.28 13:13:10,REUSED_FROZEN_HTML
1522293,True,,cac718c37a963bb22bde2a14677a08a1d34e7802e51d522288889f68e8547c36,b224bd16ef8713b2c772b852264f8e5fb080ba4fc0bb4d84abc4d9dce0338e48,04cfcf62cffd83cdce6943949ce1764ede56df5f9ad9a3f795b5ae2be3f0a2d6,0.0,Kar Payı Dağıtım İşlemlerine İlişkin Bildirim,2025.12.02 18:11:15,REUSED_FROZEN_HTML
1523166,True,,75acf5158f599940391730fb309261734e6eaea681539d117bb0f7cd6d473e0e,28cd214ec20215948143ea8743642ed1db7ef2e745be9433780bb39073d99223,a1cdb1a531e613a9451c0fd6356729c6d7953e0b5532ac7d4f37f0ca6b29a11a,0.0,Kar Payı Dağıtım İşlemlerine İlişkin Bildirim,2025.12.04 16:57:16,REUSED_FROZEN_HTML
1524012,True,,c3f5ded83c73e8740d98e7e73e53c51b86c5794b74367ccb7bd897de05283f48,783860a98c18a3526944ef13ccf347b9c52f2bd92750806d5cb12ed5bc5ab177,06b71ea1ba3738b11b8023f30bc90f8f17e9657a9a8fba125010856608218c64,0.0,Sermaye Artırımı - Azaltımı İşlemlerine İlişkin Bildirim,2025.12.05 22:00:24,REUSED_FROZEN_HTML
1524834,True,,d434af06d6383dbd1b9de9e8437c4e50459a2238157a2e4eabde91d0ccd7a8b7,bb149e81bb3273b1e88b33f34e3a773b0b23a1f921776bcdad0b29039b0b8f3a,71a6b3e108cd1fe3054079580ae530bc8fcd8c79137615e86b76188acdc40feb,0.0,Birleşme İşlemlerine İlişkin Bildirim,2025.12.08 18:12:44,REUSED_FROZEN_HTML
1525363,True,,110e4ded2a74afe3efb9092f758ee476f2583d9186098c2bfd357076ee329b02,f74c827f7d4bbaef8a8ec0f59318acf66d5a928e9c4989e65ccbfe19489757ef,3cd9297788de206dfa166ac68ac8cde4cec8b373b4800b2b5a3c238ff0021df0,0.0,Sermaye Artırımı - Azaltımı İşlemlerine İlişkin Bildirim,2025.12.09 19:40:29,REUSED_FROZEN_HTML
1526086,True,,fdae6bf2ac7ab23d46a164ad2baddcff1f07449210a762c01b8ec77cd2cdd0a0,1db563f8e26e117d329ff816855f2a412a2f23f076037db8b05f8a57645f5b7a,7f6b54d91c23a72bed2cbb276919d24379405b9a49744a23893693cb3af32361,0.0,Sermaye Artırımı - Azaltımı İşlemlerine İlişkin Bildirim,2025.12.11 22:14:54,REUSED_FROZEN_HTML
1526421,True,,2ab1147db8886bd7a76cc1d490dd8ea2360a3b5aff96fca6df16d01118f3c435,540b5fccc9e1d0c09fac4765750a1d430d7fceb778ebf002d9568a23caf7632a,24190217c3554b75f899fd41eb14d41d74934efe28a38630bb793c169066fa68,0.0,Sermaye Artırımı - Azaltımı İşlemlerine İlişkin Bildirim,2025.12.13 21:32:15,REUSED_FROZEN_HTML
1526422,True,,9c02f19268f39369c26ddf50806b9ef20d7566cc0bf84d175ca2b09fababd541,f5e92ed5b7b16fb959830cfc2b92c5b420cc6bf25d7d54b9aa866d1d67b6fa24,c139d542c29c8feaccdcfd83c6055ff6f9ef2e10b925eaf4bed91a94692801ea,7.0,Sermaye Artırımından Elde Edilecek - Edilen Fonun Kullanımına İlişkin Rapor,2025.12.13 21:32:43,REUSED_FROZEN_HTML
1526423,True,,fa15ee16f453b762a9628e63e028b1d46380f3dba5878cfb71f52468f0b2231d,3475e7774ab4a52225e468d021f1e29b98764a9883f127d785b975af343562df,ed9ab7fb5b18e268645057702087a88aca37fc10823b1c537af17acab7150257,0.0,Sermaye Artırımı - Azaltımı İşlemlerine İlişkin Bildirim,2025.12.14 13:37:28,REUSED_FROZEN_HTML
1526424,True,,afc000ab030fcd4ed4f5a2ab0322da7b9a6cafe0976661b4dc8cb738478ea6b0,0e0054db4057a2d1dc6ff7e640a326caac1475a1f9f59466ba0a3759ae31bd02,c0689310d91d19e23201b6f407225acf95d42e96a7d0354713619470721a24ec,7.0,İzahname (SPK Onayına Sunulan),2025.12.14 13:37:45,REUSED_FROZEN_HTML
1526531,True,,814f50aaee420fe7afd7d3ebdb823aa90b9b066015e8db6dc62d997bf5b6a6c4,500297579550d6e7b4f59935532870def8651d7fc1dd335359989b6aa726836a,0e97343921d7e3c98c203c212da0d79563973b5944cef693fcd75d7f9022285e,0.0,Kar Payı Dağıtım İşlemlerine İlişkin Bildirim,2025.12.15 12:23:22,REUSED_FROZEN_HTML
1526923,True,,c9c9db02c241cf21392c08b22233e8b569404a876b7f6bd9d91b2bc4ba1004d8,2306dbe44a4c9d4010d4839dd066f0a9e35b30b3f0d220102097c7fc319ad81a,c74450aadc962fb7ed92a5c69584d00653192163a5fafd2d002bfb47728c76dc,0.0,Bölünme İşlemlerine İlişkin Bildirim,2025.12.16 13:58:16,REUSED_FROZEN_HTML
1527351,True,,5da897472db14c848b8cc0d8547c2873f8e17da6e92f3029fb3afc913f1467ba,85887e777e4c79b6adc44bcdeeb3ad2c7fc055564fe11d86a2e7117eb6d72707,965d4ef8a80c13b05f34f8e63f2eed006d490a6d81ae7c2778dd6acd93ad63b4,0.0,Kar Payı Dağıtım İşlemlerine İlişkin Bildirim,2025.12.17 14:15:12,REUSED_FROZEN_HTML
1527434,True,,a5cea694d2ea07f08bdfa0c8a563340c05fed38fe57fdc45b9bd4cd46416f237,e7ab79ba7ac7131a3a1288853ec67663cd86b831dca038b669889ee31b02c7da,639130d9a231b1fe02fc534685cda395a7e2bc4e7d9412f8bff2a6d7b5ef7a06,0.0,Kar Payı Dağıtım İşlemlerine İlişkin Bildirim,2025.12.17 17:06:57,REUSED_FROZEN_HTML
1527530,True,,73d19694c5c9e416c69116e86716b217216e8ffe189735b22a6f9787f134b657,c24e1636cac0c7bf9e7020f6e79d94fbd087753dcdf11d3f8a58c4240352fe10,bb080b1900a15aa021af501b18ee246b4e457f716c97dc17ec76d2485e02ef0e,0.0,Sermaye Artırımı - Azaltımı İşlemlerine İlişkin Bildirim,2025.12.17 18:54:07,REUSED_FROZEN_HTML
1527959,True,,95b3d5ec6d97c6052f938ccdf18947e6be511d6c15c99a6885b4e870466a66f5,d55aa024f144877abcd1f64e0ac2fb0868082d2d5ce3b05aa6c241d4adc99044,1eca76b8fda95dc2aab6d9c22fbe277968f501e0db2a07149d8aa303696c10e3,0.0,Sermaye Artırımı - Azaltımı İşlemlerine İlişkin Bildirim,2025.12.19 10:53:45,REUSED_FROZEN_HTML
1527986,True,,2e33f3aad7dd3361dcd3a5ecc400f62f070862bc730d54fa58871f3287a7f08e,4a689094c424d7cb91e850361161ab2ffc911b8d019eb027cb30b184337d2a11,359e52b18b56c0f8e1cb23dfa693f2755b26d8d2c9330af6e7849f5a4b89a7ee,0.0,Bölünme İşlemlerine İlişkin Bildirim,2025.12.19 11:45:36,REUSED_FROZEN_HTML
1528725,True,,3ae3157a07ec5bae5432ad67cec635d1bdf1a3340a6a6175f87e85785f9718dc,2435831cd25c79087f91082e5b3f10b6649e2c66a02b0b6747222b257c100b74,7ebea8b04d1099e52879b11bcee8256508634c09bae90ae3f2b9c3309683748e,0.0,Sermaye Artırımı - Azaltımı İşlemlerine İlişkin Bildirim,2025.12.22 19:03:12,REUSED_FROZEN_HTML
1529740,True,,c735490e6b904c2d630e440501d30aa92d7f8a145fd3f1914f33ed65049bb89d,377812c8403058b5f89c690343a5feaad66fc5aebff584121ff7a311781c89bb,ae104969ab18892fa52c744c9cbf28638cf049552c2b503739bf8ce697b5a692,7.0,İhraç Belgesi,2025.12.25 16:26:06,REUSED_FROZEN_HTML
1529741,True,,2ca5908a09fc42f57cdd67febfd97666768fb8b0576cd2722ac76d1c09389591,0916dfcea46bc6a771e588a292d481ec88db4eab29ea9f244791dcfe87655259,5c3846b0b7ef8b1937b1ffd210f7ee52544077aa56af61b413524d0d0babfe09,0.0,Sermaye Artırımı - Azaltımı İşlemlerine İlişkin Bildirim,2025.12.25 16:27:41,REUSED_FROZEN_HTML
1529797,True,,731541f6b608e59f86c416bf7e9d058aa81328bfa552495c9b136cfe019aa2e0,dc18bba22620f9c03f34cb871b087adf3259148b237e1ce38f72c0979c14d7f4,5e66a1038857afba6b6981b95f2a9cb7507836e65a22574c126cfe7088d8d967,0.0,Birleşme İşlemlerine İlişkin Bildirim,2025.12.25 17:26:31,REUSED_FROZEN_HTML
1530265,True,,da3b85ec05c83120077e6340a62e8b38796d8dd105d836181190a70a6f4b9207,2c3f967e9ea7ec1bb7dfb6b2d267c22b34946f6465b6ae753e5740d0b554e428,1db7897595f2e6a498763113f5ca8a1cf16f9b035c34c9f08034de5b995c667f,0.0,Bölünme İşlemlerine İlişkin Bildirim,2025.12.26 17:02:26,REUSED_FROZEN_HTML
1531470,True,,e328d63a9635dcdb65443cae300309423581d3acbc0cdae95b50311a778d2d64,95a0948bfd68ef957053fae39b2e73f99058fdc9a7db350d61f1a38823f3b7e7,df9910c911a5ca62d6de2e53d4038f62b72ccc0cdb62c50cdd5c06c8bb4a8e15,0.0,Sermaye Artırımı - Azaltımı İşlemlerine İlişkin Bildirim,2025.12.31 09:44:58,REUSED_FROZEN_HTML
1531701,True,,7f603dacdaecd4f71cb00c1659b7b9c10f203374c4c38d423bcccab326b44907,80f1f81d49fd44de6d11eda10ac9024b27fd22bc602f1af2e4bdf928d793028d,1cdf2b7d5372d2092a63a05cd6da8aa17bfc2e8d5ba2a2ed93583fea88da04c6,0.0,Birleşme İşlemlerine İlişkin Bildirim,2025.12.31 15:30:49,REUSED_FROZEN_HTML
1531710,True,,bda42b5c41e52e1cb959889ef56c1888d5914e6ba992b7ea764054e0f77d28ea,fd13e87139004ddddaaca4ae0c037526fe8bb52992016f7db514435cdae315e6,c278027112ba0bae1a3951db621662f6150656c048016de2e657386664df7b3f,0.0,Sermaye Artırımı - Azaltımı İşlemlerine İlişkin Bildirim,2025.12.31 15:47:51,REUSED_FROZEN_HTML
1532142,True,,24ef5f34e7cdbd89c05bacfbb715988276101103545fed84eeb53c9f57ffa4b2,fe273e327dfc1919955ed9a06619e683614225f371f7fb4e46132cc817081260,c616e0e68cbd815dd8b0f187ce767cbe20ab05330dddb8c5a0019a011afdfe65,7.0,İzahname (SPK Tarafından Onaylanan),2026.01.02 11:57:35,REUSED_FROZEN_HTML
1532323,True,,6b309446a392e01425b2dfe2d4b1490c5f576ddbfed855d7b39ef1aca936c5db,7f3232700e7f6ddd1362badb4c4efa972c357db2eeec378c097bb04c3ba935d0,fa9092cb95382baa023f0b6fd5fd968f882031d3bcca027c8576fa90fa612cb2,0.0,Sermaye Artırımı - Azaltımı İşlemlerine İlişkin Bildirim,2026.01.02 16:25:49,REUSED_FROZEN_HTML
1533919,True,,b100ca6f11efc1e124c4e4b8f3d3c892fcbcae9f2f90a61cf430128ee8544ea9,e2ea6dc6a73ca58c8397ec1977c2b295bec10c4ae4e7f0dcabc0e9440a546e5f,96d436191608ef5e58d7a9bef8d91885c9b8fa7c2717c5c7b17becb7ff08a601,0.0,Sermaye Artırımı - Azaltımı İşlemlerine İlişkin Bildirim,2026.01.06 18:29:04,REUSED_FROZEN_HTML
1541073,True,,373c71d3ae216cf6e1bac23f15cf9c4efe41c2b0a2892422cd818a54f53443cb,8f62946836abdec2fa412e5e07f8267866904798c3866d596f4c0c6cbe57c48c,6a05bfa07ad165e2294d9d2b78c225100a28e93797df7a8a32f33cb2b8ff008b,0.0,Birleşme İşlemlerine İlişkin Bildirim,2026.01.12 19:00:12,REUSED_FROZEN_HTML
1544330,True,,a161bc1eba5ece89994d0dfd9762a9fd2acf6f1766d24d2ab8d40785d724d4c5,fd75b8a76e9e7422cd633bac9c006b749c3758135a93dfd98639f763fc349651,4ee90b03d09e33237a2f3962a7475b237ac93cac74f5eea8468efe6bc98b4056,0.0,Birleşme İşlemlerine İlişkin Bildirim,2026.01.16 18:27:57,REUSED_FROZEN_HTML
1544891,True,,d61066c1fd292357721c82d64c57f4946d6240c441b17055d88109ea90c842cc,bcd33a95a686a91f264b2ffcb41073483b45dacc70274201ca48d457ef64ab94,0e74205b4514f61f9ce5880c0f75884d1d5988245ab738bc606c04336e83d0c8,0.0,Sermaye Artırımı - Azaltımı İşlemlerine İlişkin Bildirim,2026.01.20 10:29:35,REUSED_FROZEN_HTML
1545371,True,,f8a4627fd7477112c975bcfe3d040edf43b4e1b1618f781b2227bc0f271a74ac,bd0d9eac333f5057509aa4b39677816d09b797d6b8120d3f07ebddfa8bb402ae,2456af64be5085a15369bbcad3f1f95aed361d2761db8b1bbac5d34062989d67,0.0,Sermaye Artırımı - Azaltımı İşlemlerine İlişkin Bildirim,2026.01.21 13:23:51,REUSED_FROZEN_HTML
1546944,True,,f5b381f90215d7eacaa5ca262edf0f146bfde31fda2e28eb713316e95768ee97,503c6e7f462bbd1f53068f4dd6eb6ff7117058f884ceef0e813dcad68b8ad66d,64c6bb9aaa40dfaccc1aadb9fbf181578188285a205dad079002386267385614,0.0,Sermaye Artırımı - Azaltımı İşlemlerine İlişkin Bildirim,2026.01.26 19:21:32,REUSED_FROZEN_HTML
1548136,True,,7bdf55286d39f7a37c026896be7fec4cb9eb9f0c7015815ba3271ac729db2d8c,b3f3c42fda838c816ed00a9a18bc505f8b7d431401b894eb1bd37e5894ccf4f5,1c99b8a4e5e6820d661a7fd877563193303e091f67a12d0192fe1e4ff4b16a31,0.0,Sermaye Artırımı - Azaltımı İşlemlerine İlişkin Bildirim,2026.01.29 09:39:33,REUSED_FROZEN_HTML
1549136,True,,85c06f161f772de342a8ec56534a12987185d50133943714b9142ce917b41bc3,28f1b704a1e60650cf80f7747cb53194ad47768fc4585134f30bbce2d30bf9f8,c6accd740220b09b2565bea0c204a3e848ca31be0e54417dfbbe50133e5faf54,0.0,Sermaye Artırımı - Azaltımı İşlemlerine İlişkin Bildirim,2026.01.30 09:47:51,REUSED_FROZEN_HTML
1551326,True,,f375f381e956a447a28a9ec66152ca2e30eb691e49266ceb5a7aad09b9ec5f4f,7d19386cec86cd670214b41cafe2911af3050f0481833e2a730f4647c5064c0b,4e2b1eac81bc60c7e0591a0fa90233cb16e00519e610bdfcea6577c64afc56b4,0.0,Sermaye Artırımı - Azaltımı İşlemlerine İlişkin Bildirim,2026.02.02 16:08:10,REUSED_FROZEN_HTML
1552604,True,,3910d2ffcc2946e70a63eaf1bb7ee84d932149125925131f4ed1538754713e82,0c4947d41fdceb6c5e2119ae50e65be9509e89765d5b36ccc738980873787df7,da028d402aad1e4de5bd32d36946dffc1b3a6c2483f8e5e4320872542f8c03f6,0.0,Sermaye Artırımı - Azaltımı İşlemlerine İlişkin Bildirim,2026.02.04 18:24:35,REUSED_FROZEN_HTML
1554108,True,,feafc79129121a70127cc84d4fd9a588864cf2f206f4bc69ee59d1d30edefa35,9f090686c9e0eed149211527b1c65b7336f04a36a1a076bce8b43c6c7c8df874,5af1fc61fd5740467669bbaa999bb0d1476de23dd9c082f213253f8a5e6af630,0.0,Kar Payı Dağıtım İşlemlerine İlişkin Bildirim,2026.02.06 18:34:41,REUSED_FROZEN_HTML
1555157,True,,4e341d5baf73c30fab5b80371921768949a36ab4a090028f7ed7ab385564c3f6,0af649e08d3280c03b42baf4acfaadbb74b0af530b7d1aedb1f4aba90d67f7b2,e1f93a3532fc2a08a2575eeeb608ed5285c168ea5ae6cd1f7e5bb5bf9bce3210,0.0,Kar Payı Dağıtım İşlemlerine İlişkin Bildirim,2026.02.10 08:23:26,REUSED_FROZEN_HTML
1555960,True,,37ab99172400e47299f945a9b60cd9c9e6c6c4b89bd164f09f2599d2049fa932,1fa62f69dbb4807bfb7cd573f021ce340f05e8f7d641646700677772880047de,7d62bf264509362e81b62478ee31d98684589f276d672d46db29e885d829a2b8,0.0,Kar Payı Dağıtım İşlemlerine İlişkin Bildirim,2026.02.11 19:59:20,REUSED_FROZEN_HTML
1556573,True,,888db676c33ca62f93bff25edd3400d6185466d6a6b3cca9b6d3857b43e89e87,e8655831ccd66422dd43d6c44227766e1295405c28b248a13a0aff4b8f2cad5e,fd6740446caea3850a6cb5a751a3063d8f4539f7bac87c9fa978b7de5ac48367,0.0,Sermaye Artırımı - Azaltımı İşlemlerine İlişkin Bildirim,2026.02.13 17:41:11,REUSED_FROZEN_HTML
1556628,True,,b86dad02f8b902ca80bd8570530752f81a1371d6dbc1cb62ac6ac46edebe49f3,a6298c72ee414fc7cd476bbd07477b4f553faaf1c1e0eb3ea41337bfbbf4dab4,b071ec67e746d022551cd943511ad3a8cec0eb7f522ac8bb1de2eca26ef7a1d7,0.0,Sermaye Artırımı - Azaltımı İşlemlerine İlişkin Bildirim,2026.02.13 18:18:04,REUSED_FROZEN_HTML
1556665,True,,2fb0a10f6d678e05c53be74241bef31aa34a5b5903cc4e9646e41814f1e03fbd,be099785bb099ee97ad45ea9ef6ebbe13cbb0375eae48d4b8cae2539de0a1fcd,58ee2eb641220066cbd5c971641caf80e44aa3dc681faabc46076202a390ed64,0.0,Kar Payı Dağıtım İşlemlerine İlişkin Bildirim,2026.02.13 18:51:47,REUSED_FROZEN_HTML
1556705,True,,601a7fdcbccea0d017f60aa171c1ee59f458335510300e20fc554652dd529f0b,bd3f81fc26d2a1437a3d297c53c4676ff33e491723f94cffb1e089acbc342244,17e6d0fc856f742818aec9a41c1d4334a11b359a2602014092659b35b1d46c96,0.0,Kar Payı Dağıtım İşlemlerine İlişkin Bildirim,2026.02.13 19:34:50,REUSED_FROZEN_HTML
1557060,True,,c9978bd0e8c9ebe500bd35baa9f7899a0d7bbdaade948641b6f988110277d95c,75e65ede5084f6cdca5b9c5698e8914831e74edb7d2827e6680f5ba3a424f484,002c56da13caff592a6c2a659e18864c4261ecc29c999dd727bd902daf9fe324,0.0,Kar Payı Dağıtım İşlemlerine İlişkin Bildirim,2026.02.16 18:42:08,REUSED_FROZEN_HTML
1557935,True,,d3d1c5569b39f2e99c8a40cec16e21bb302985762a091694e3afeef84936b52e,e78d53f66d31560e0f21451bdf4b6d0ae1a902b4e329832b0ea692f2ba49f116,298c1e18a00b6ee77c2e36229030dc31531263dfe0e6ed87e0112c944829cb03,0.0,Kar Payı Dağıtım İşlemlerine İlişkin Bildirim,2026.02.17 20:51:57,REUSED_FROZEN_HTML
1558033,True,,8349655d965807edbab9162fe4f8da32235b1985ee7ca19b753696802bfb9605,bfe462639b0e600f906397d49081e6dfda6af16e0e080a0d3bcd9414696bd4fe,4f51767cdc25d9910d11dde5f3d1bca7774389b246257e23cd4f1b19183c9de3,0.0,Kar Payı Dağıtım İşlemlerine İlişkin Bildirim,2026.02.18 00:30:16,REUSED_FROZEN_HTML
1558207,True,,9a4f8df02b7d383a86507ce7bce14d07a13d1a9e2ee6690d17d8b216ffbe84d4,c830147958715f6e2da01b13f84d8e512cbd796c7eef1b7c2cca45db6f149b00,f397103d2f26aebe98883b554546740bdf5c6f1d7e52e1a7d9325588904347ec,0.0,Sermaye Artırımı - Azaltımı İşlemlerine İlişkin Bildirim,2026.02.18 15:29:52,REUSED_FROZEN_HTML
1558674,True,,126a274e639cc5f0e96187ec42e8694ab8d3317d28081e12038b74f54781d02e,3378b527a8b2817afd83c2165ff2915c3a76e72b9ba1fc6d11102039647397a1,7c953d3e32e08be1eac94c864486a9710c24a5f9ee3e47d0a5abe9235b55017b,0.0,Kar Payı Dağıtım İşlemlerine İlişkin Bildirim,2026.02.19 07:59:06,REUSED_FROZEN_HTML
1559061,True,,993df0d40ab267ce39d4cb51af5ab7578ad197c16a935f429068bd35c1887fab,1472aa74522cb6ec7f210697c41dc1b5d931ded9a3331aa5a6d044ec594c7173,c7f59e4d49d794837fea94bbfa779df6f0de60c8e1bed2599493cae7838b48d7,0.0,Sermaye Artırımı - Azaltımı İşlemlerine İlişkin Bildirim,2026.02.19 15:08:57,REUSED_FROZEN_HTML
1559307,True,,768367daaec64c5cb78727d627e456ad40c4361a804824b8bc6b5153283ee322,bc62cdcf29d1a1e92fbe3cee22fe1e842fb19b2b59ed5e958ee5f4c2399983cf,8cb14b189859c601f3811a1f5bb9cee6d3e2e80a2b85f98d96231e3ed6ed3148,0.0,Kar Payı Dağıtım İşlemlerine İlişkin Bildirim,2026.02.19 18:15:12,REUSED_FROZEN_HTML
1559426,True,,f2322eae96c16ddb6e3ed8158da94858dbb9dbaa83bc41d5d5cb442da807e23d,231fcee2f239618b402dbbb582fb9584d6571b8152d488541ced0521ec0bce98,c465e7e4fb76818592aeb46c308877e4e1f726725d0e86fa70a56b9854718fd0,0.0,Kar Payı Dağıtım İşlemlerine İlişkin Bildirim,2026.02.19 21:56:14,REUSED_FROZEN_HTML
1560075,True,,ab612d0eae44a7b96de4050a54af93b0be539928474a1312544f64ab3b45bef0,c700db06b9849ba2bc08f91fe3464ad46038c2c722e3eac2c74485591cea541c,6b55a41a7bf1668713aa1509e3ae9c53f89dd0871c13ca3038e3c7a32733ddbe,0.0,Sermaye Artırımı - Azaltımı İşlemlerine İlişkin Bildirim,2026.02.20 23:20:24,REUSED_FROZEN_HTML
1560076,True,,9a4f7cc1eb2d962d06f212902c5ff8bbdae24c3a25dc75b9c53060ab2557f250,c973ef212bf597c5d26744124bdaff73c48fbae288002e79ce0620f080698622,529dd331748be9aea7c52533c3df1ccbf4574d736ff797314a6a2f45d4895979,8.0,Esas Sözleşme Tadili,2026.02.20 23:20:36,REUSED_FROZEN_HTML
1561151,True,,541d932fc3495cb5c9cc9e3eb14880e4aaf052c3ace56e7544ada3bafb7f4f5a,927930479db6b79aa7222abcffd86f5cccf21b75a63723cbbdc9bdecb222d402,059fb992d70b958dca457bdda9b39d114bbc34a07a5cbec40b4804ca3427bf17,0.0,Sermaye Artırımı - Azaltımı İşlemlerine İlişkin Bildirim,2026.02.25 00:15:08,REUSED_FROZEN_HTML
1561178,True,,7194be3d83447ce9456a043ddd3220ce74c6529fbfdc1244ae2da8f7d8dcb0a6,731fa1661512dd5e8deb83d65ee7039f656eac31ece196ce0b0761633d060a9c,4475e2f7ccff4c832d67ad9317d65ca3ce379b070efd4cbc48181b22cd88a978,0.0,Kar Payı Dağıtım İşlemlerine İlişkin Bildirim,2026.02.25 09:21:47,REUSED_FROZEN_HTML
1561582,True,,01cb666585be41eb58f0631345a7b4d4761af0b65b93604f7e7dbe5de08eb9cd,73c8fc7feee65c895dfb6f5d1d30141340f29353fc026b198b7e336670429750,fcbae98cebfe4001fec24399d4d44bd24952a9effc6f73d33f3d9b0f2eda6f4d,0.0,Kar Payı Dağıtım İşlemlerine İlişkin Bildirim,2026.02.25 18:54:09,REUSED_FROZEN_HTML
1561880,True,,4486f77917bfb7cf2752ea4c8369635fa64b68c37bddac258b43c35ab4685114,35e8ef778ced05f9449a5112fc8f56e38fcfc8a409119528a637740f55bbc87e,dc6fe8c387bf4b4605d23081980625617178cb64540c39dfd548fbec9219f6fa,0.0,Sermaye Artırımı - Azaltımı İşlemlerine İlişkin Bildirim,2026.02.26 16:29:32,REUSED_FROZEN_HTML
1562103,True,,3bbe924a86b497a82d7b032c2011d06c8e3f4e184374ad9e41fe424d7a4632f3,6dc0666565cd57b55835f5b69f0dbbc580d98ca0add7428aa21a0e25d3d547ff,9828949cc0835045403cab01f49bd69e5700e83197074791c0f70c9fa3bb9699,0.0,Kar Payı Dağıtım İşlemlerine İlişkin Bildirim,2026.02.26 18:39:46,REUSED_FROZEN_HTML
1562167,True,,a8e4ad38638d83819fe01bf13d79fe4daee2e6385c832f11e1e9b3cca9a3d943,c4984b12cf86c6ee2136989f4e837eeda2b17631b349f14ab2f992d8bcd19824,a6db0aab76ad8f6bb15f7f10f5195424b1a60ebf32d0183721c01107f87c6c7d,0.0,Kar Payı Dağıtım İşlemlerine İlişkin Bildirim,2026.02.26 19:22:51,REUSED_FROZEN_HTML
1562305,True,,5b4dc50ca8f88fdbcb81755d0ccdcda48717da042bcc2dd7312fe5b40d4db349,1fd4c694103db107cf46bac26bf200424ecd22ca03b37ac43836f3a2e28a7575,3dd9bb9c7f2adbe6c5d1fa1c9f0b9558df22b0a47b0870c197518d5de4c7d52b,0.0,Kar Payı Dağıtım İşlemlerine İlişkin Bildirim,2026.02.26 22:32:55,REUSED_FROZEN_HTML
1562476,True,,d3f82b65c40a71d1808b43d7cac1c38c4c57077fd3f7ee2d1b4634733406a164,1cb4847bdcba98434848e799492b0fb90d5a9aadcb8fad456e6811c7e87bdd5e,548343e298639f1ea22b887a7611896d776b721b231c9fdd322704412853a140,0.0,Bölünme İşlemlerine İlişkin Bildirim,2026.02.27 14:31:40,REUSED_FROZEN_HTML
1562892,True,,eeee51a2845b5351c5f93ac8c6a859f1d499fb93ef46371d1ee9d833bb2a2ced,0d3d15179a89b7e23554a8b9b34e1db64dda62dfb10f365efaf11f4d02e93567,8a0650fcdbdb1ea33ce89da3528fbf5fb84d73998b98b22d2bdc37ff5a0bebf8,0.0,Kar Payı Dağıtım İşlemlerine İlişkin Bildirim,2026.02.27 18:21:35,REUSED_FROZEN_HTML
1563114,True,,d42649a6fa6a5f82d7c310f7ca8b8c798aa5a9ca2dd108029dc45a953a4fd76a,0eff364d75bd3cc57dab3efbac4a5ebaf17a1c81bee67412f64f3aeaae283a9d,58e441e99d4df1cd4914395e83964493c215f8f24311fc293474b2f24e97c611,0.0,Kar Payı Dağıtım İşlemlerine İlişkin Bildirim,2026.02.27 20:08:56,REUSED_FROZEN_HTML
1563131,True,,73fe1c0a93b3a83787627024ef64f7e7bb2d66cb62e628824c0c07c354965a79,ce66b97deb66704ae0cfae5eb1a896a01cfb293ffca1da22940cc612981ff7b8,af88770d8bf628248747648a988dc0ba4620f44047445b5433acb4b27360efe3,0.0,Kar Payı Dağıtım İşlemlerine İlişkin Bildirim,2026.02.27 20:30:20,REUSED_FROZEN_HTML
1563204,True,,e792c6ce0aafee12f1353e94fc7e68a9d925f413ac1932325617f86c0041a1bb,31d80b9c844ee8e1f9743d063637de084f4150cb0afb622539bfb980957faedc,f4c83fb5dc1e4e9c04088625953faa9e3f472a8fc1ec1f458e8efb4b202cc986,0.0,Birleşme İşlemlerine İlişkin Bildirim,2026.02.27 22:14:25,REUSED_FROZEN_HTML
1563267,True,,9f8c981770d1963f311ba751055e9185107c5f9b186824788b64a96d49fa9d25,3d6b6218566b8a9314b2c12028f7d2be76ed2ba437c155e3e8e579e2613d8437,373c866c55e456515cdb53613acc6111fa5efd65048b889d4b275c8491396dc7,0.0,Birleşme İşlemlerine İlişkin Bildirim,2026.02.28 02:32:49,REUSED_FROZEN_HTML
1564412,True,,eff7d00d2654bf911ffaa8c3192483397a4419a856db4321a89dfa964fb80b41,2322ca9b444932b2f92b325c8fec44631399378e92714b63949239a884738b07,98f335f60626d4d13a6bcc19e3c4546e0a20db7917402110c54ce6cbcf06c40d,0.0,Kar Payı Dağıtım İşlemlerine İlişkin Bildirim,2026.03.02 21:41:17,REUSED_FROZEN_HTML
1564604,True,,49c745f758d205a474079ed4a1503b007708eeff4447455af8292a801eb3c446,f6bad44d143096f64dad53317f179a57f36b4d7fb9528da79f76e827b96a5af2,452dd6354102f39862d884d9f73b37ea783be3305286f4fae96e8a6936c3ec88,0.0,Kar Payı Dağıtım İşlemlerine İlişkin Bildirim,2026.03.02 22:50:23,REUSED_FROZEN_HTML
1565148,True,,c019d2316136846e04adce0ba573bdb8982b82282a0257a34bf2bc581b95ba9d,ac2b9464a83102005137b28988e570d14279ca1d28ec649f05b5a1e3aca623b8,82b52daac7f7f6fc261ec78291d4593007a4db8dc5eb660156817f9d52c57f7e,0.0,Kar Payı Dağıtım İşlemlerine İlişkin Bildirim,2026.03.03 18:14:17,REUSED_FROZEN_HTML
1565152,True,,b81e02149961e6508d7f4241719e1e818e175d50e99141fa679123bf7ea68f8e,b90f09299917b9c77026fb5a0fc3699390a687efeeaa26dd340ab0d4c2681987,ae330b4262a0d0b9f88f3b4de79d3c3f8956ddda53d6b9a75258d43a277b813a,0.0,Kar Payı Dağıtım İşlemlerine İlişkin Bildirim,2026.03.03 18:14:54,REUSED_FROZEN_HTML
1565239,True,,779e976d38f165ba6468e0c9a3e68dd070881aba922a66ea120a77851afc1dfe,1ca3db0b7cc3ed26d65e03ca973b19afa506b4fd32bffd24ac9ed21afcf53391,6e52f30a8398a8b4520cd7691c5ce34a330058b444b5f56df47995bdc8ab3911,0.0,Kar Payı Dağıtım İşlemlerine İlişkin Bildirim,2026.03.03 19:29:21,REUSED_FROZEN_HTML
1566022,True,,d2c4e113cae481e53aed7b54a659d47f5f60d06cd7f3bfbe9d31e8664d685094,b74631d8dfc7f508b8a4ea24d6d9152f6cc5ae22f630827190a803f0c054d2ce,e777bc2549010fa505de362dcfcec7f0f768a738be5d58620c68137b70c59288,0.0,Kar Payı Dağıtım İşlemlerine İlişkin Bildirim,2026.03.04 19:31:14,REUSED_FROZEN_HTML
1566043,True,,8b8e6ffe8c9bfb0447db0822f4fd7b2e9620b15b5a1a14084edd199341a276c1,50ac1cfd2f6d52f1525f13dcb0fbaa368cb251492ceddc5fe1f84a3d07ee8ea1,fe0c11e88e6baa03c5404c1b1fded6ad36f5a577bb32ecb0cc249bbeccd8bae5,0.0,Kar Payı Dağıtım İşlemlerine İlişkin Bildirim,2026.03.04 19:40:26,REUSED_FROZEN_HTML
1566045,True,,f7260339e9ecc1584533a2c6e8c1f482935d4f1c4adb33a5cfbce3e4d49ce325,840747c999c75104657d55f6f72c388caee7bb18a2626aaf3e1a45181e5bc966,c65479aa146b97148cada9a0a86c361fccb4188b2e3c9141bc678f5894c41525,0.0,Kar Payı Dağıtım İşlemlerine İlişkin Bildirim,2026.03.04 19:46:00,REUSED_FROZEN_HTML
1566093,True,,7a0a97cbd66e05c4e2b174bdcf388b1553f24ac9f5c91f6051c16c57776d45e0,ba4ac4ff31efcf7d0e739eae691154558013938605ccf12e9dfd160326345779,6b582e0c4eee6c875984821db780520daa5541c60e127a5efaaf511ace95f673,0.0,Kar Payı Dağıtım İşlemlerine İlişkin Bildirim,2026.03.04 21:18:17,REUSED_FROZEN_HTML
1566290,True,,8a5df60ec75de184f20d4feedd558c87aef9ccfca4a14d0ed062591b57969404,8030502ce6ea7976bafb2596b9712d60bc66705e1d991771d2621ecd4ee53b7b,63cd67acbf5c017d4eeba762a876f4c6e59dc08e96c2928410a2eb8b4249968e,0.0,Sermaye Artırımı - Azaltımı İşlemlerine İlişkin Bildirim,2026.03.05 14:24:18,REUSED_FROZEN_HTML
1566493,True,,d84ac3693a86c94f896cc68fe7748f92b4df29c99bc4c54aa20f2a6122c3d887,78fa730f827e64d9ba975b6ef14da6e7820608d7fd7db07d89b1b0a8fc51324e,dbbdfeb3b6df3ebd539506e8e5e807ff171b7f92fa68a39863a7bd7c0e9d23e2,0.0,Kar Payı Dağıtım İşlemlerine İlişkin Bildirim,2026.03.05 18:15:02,REUSED_FROZEN_HTML
1566638,True,,aaf8fc4c33f2a5db8f618e5240970257fd7bf20514eefd4f4fa50f5bda70804c,7c3af29428ae2720fe135571ab23d7e822b6ab7b7267c6d8c5cb0e8ba6cd0d9a,10480f76aa741d7d666f12428b3be0d04c29fb1d08f64a5a289894841118967d,0.0,Kar Payı Dağıtım İşlemlerine İlişkin Bildirim,2026.03.05 18:50:01,REUSED_FROZEN_HTML
1566774,True,,c5a87e3d092336ec49678b06aeaeaa44e293c46183a5f8cac6327845bb725f4e,ccfe159f266d54d9e1720652f4404fcf72728e4ac754057ceaa212b08e3802d2,dae3d587fa5f21d662dd07707241990c71fb7db3d3984989911d547ff792fd2c,0.0,Kar Payı Dağıtım İşlemlerine İlişkin Bildirim,2026.03.05 23:44:40,REUSED_FROZEN_HTML
1566784,True,,c631912846585b97477a94c488dca01ff5df3fac0557daad0ed0514f9a3bd662,bd139127a9fb1f1502d4b1d7ec3629a1130ffabb5cbb64125c960dfadbf8e19d,6ec9c7829f83c3a729ecae445d2f72a1e641f324b3c601988bfa17ebb550b0bc,0.0,Kar Payı Dağıtım İşlemlerine İlişkin Bildirim,2026.03.05 23:59:42,REUSED_FROZEN_HTML
1566788,True,,37e51c15ab3206c70f8410b83aedd43514aef606b1fcfafdbef7e50f39cb3ee7,42d9608d672e4278c3c94683bd75e3cb00d2a86dee291dd22db60beb8ed0c945,ec4f7f0c47a3cb07c594ffbfc1508a3e6fd9474e8ef700b0370b53c97f3b5004,0.0,Kar Payı Dağıtım İşlemlerine İlişkin Bildirim,2026.03.06 00:00:53,REUSED_FROZEN_HTML
1566863,True,,13c8e5d5bfb8a6a74896d53982e1442593fb9b09d0bfac2a7f2e3574d63570fb,a080d98dc6106b502fcc99bff6704fb1a6702dcc90aad67cb064d9e576049441,41e3eb422cfe7c4f4ca35403615b664a513e4d4441b1569051f1d4e4a8cc2b32,0.0,Birleşme İşlemlerine İlişkin Bildirim,2026.03.06 09:01:33,REUSED_FROZEN_HTML
1567718,True,,d42671de07fb295102a2f287e7de811fc36ef5e7e91e4b0ba6ba30a45d3e2025,7d34ff9cbf0ada6f6678c4ad29bcf7943cc37b287003642b7d6899c43aa50189,121988289348ede5aa6dfb78eac5f15abd6a669efae1d20ff7271d9520eb034b,0.0,Kar Payı Dağıtım İşlemlerine İlişkin Bildirim,2026.03.06 19:22:10,REUSED_FROZEN_HTML
1567861,True,,4971d6fa42ca0c72a9416a32498c70365eaeb579e512ac5758b31fa028d09bbf,1207bfeb9fee346e9036083f912c2edd54c75c4d26c2dc646f2292318ea80ab8,739b55228afd6facdb4537f0f2fa5cea347d99dea95c08d66e46c89f309addc4,0.0,Kar Payı Dağıtım İşlemlerine İlişkin Bildirim,2026.03.07 00:32:32,REUSED_FROZEN_HTML
1569063,True,,f95b1c1bfdae451679aa7ae576eb9e364206f8088c6f604d32663f1671174d52,b90beec2ba337ad223d311fd8258583cb9a45777308a9a3176713bbeac9ef521,bd273d17435a8aa86023d3d59ccf2af2ed7af6f663513f0de7fbf0a3db406515,0.0,Kar Payı Dağıtım İşlemlerine İlişkin Bildirim,2026.03.09 19:47:45,REUSED_FROZEN_HTML
1569214,True,,dee42bc4f3cf39bda57f2fc6ff77739da8585b693d7860cdcc00d656b60c6afb,ae1b1f6e8470cc9ffdd1ce5a6f6124f8136642107a2572b6e961f29ddbc89a7a,c61425ceac2d7e2f9ee2216d4f0cfb909af596dd5c13d9e5377faf5ca4e7ea42,0.0,Kar Payı Dağıtım İşlemlerine İlişkin Bildirim,2026.03.09 22:39:47,REUSED_FROZEN_HTML
1569957,True,,c854cea8a67b4aa1f3ab578fa2a62f273df6ed7d89faa32f6c2a71e3df5c9915,c221410b1e43f70f8924ab1eb8841fc16c161eb1bc227fcecc2afce43b5f1fde,2db8c9ff68d3557b5ee606f0d160e667ed2150c9a72aa98d91c8f41482d78712,0.0,Kar Payı Dağıtım İşlemlerine İlişkin Bildirim,2026.03.10 19:06:53,REUSED_FROZEN_HTML
1570111,True,,5c5cc5e424fa291db8aa9ac1ef8e46c5b19a5b5ba2063a5aa1a606e7c6b0099a,c043209e931da8d0e3f2f8bfb5d8362584643291e1c707c93472e76a2869ff8a,482f51582bb8a0274aaf223e26f0b8da42520316bb3a520ce8f4533950547cca,0.0,Kar Payı Dağıtım İşlemlerine İlişkin Bildirim,2026.03.10 23:21:25,REUSED_FROZEN_HTML
1570775,True,,007faa73d7647067ad3eed15f1c9a5f270ece11c7cd1f4c2137c8ec3bf7f9787,73883d42e0c5a233a2c51a58ebaf5d0f625f8779b424b8d0242d486be043f4a3,e2856aff5c486170d9485111b47a2c58fc78d32ef59fdf1f100da2fab5a51fd0,0.0,Kar Payı Dağıtım İşlemlerine İlişkin Bildirim,2026.03.11 18:52:54,REUSED_FROZEN_HTML
1570793,True,,f45940240855891ed42cd8e1aab80128ae0fa15ba178168ed1121d8aab98a855,c7800d0da66b02644147cc316f5ed90abb61c3c3c49941b1b00ff9e2354e5738,1f717b02d79d8664ccfb3b1151144c58f0b052252b804f1264584d84a535ebc5,0.0,Kar Payı Dağıtım İşlemlerine İlişkin Bildirim,2026.03.11 18:58:50,REUSED_FROZEN_HTML
1571600,True,,8ae53798bf3a43eeeac0cd5fdec8c55de9f22581b1ae238bb627c4137d2f75e5,4bb551a4e8bc4d096d371fbc3b7f2082b53e51320843a1ab5c95fe005d6e4a9d,92268e4b0bd8b8dea27a382024fc2a2079cb89ff6c353518f62e491c43129a01,0.0,Kar Payı Dağıtım İşlemlerine İlişkin Bildirim,2026.03.12 13:36:14,REUSED_FROZEN_HTML
1571924,True,,c2d71b00c9bbd310f34411bad1c5fe5615cf46a0fa386ab6edb049fd495e3642,d0615a1816167edb17a2adccfc2efac9cd1158a0d118d3b6ca9220c7c4a11149,32617849f58c09a49b6387e31d8928969bbb994cc58138b86c15a6ed29f63e23,0.0,Kar Payı Dağıtım İşlemlerine İlişkin Bildirim,2026.03.12 18:11:57,REUSED_FROZEN_HTML
1571936,True,,d8555c38766c565986b88b1616615992c80804c3d65b7835898b3c7885e783a6,8637ca45a5b383dd96206e1ef358acc438c28a758b43b4c616a86f490f7b5b34,9c16b85581a467bdcbd87d4e1e5908fe4bd1b6c624881b21ed96fdc36c8c695d,0.0,Kar Payı Dağıtım İşlemlerine İlişkin Bildirim,2026.03.12 18:15:50,REUSED_FROZEN_HTML
1571946,True,,27b29247ddcb7ae628de4101da5f3d4b44f636f8385bdde434b987fe80eecf1f,abbc2db8db921939983e30a748643c4a8cf3de836595ccb2bb00f2fc898ae7da,4efa1b143255e3d9fe3101bb3b8cae0e6ae42f30455ed9a7714c6df872a9ed54,0.0,Kar Payı Dağıtım İşlemlerine İlişkin Bildirim,2026.03.12 18:21:31,REUSED_FROZEN_HTML
1572009,True,,2e52d8748939f2310119a49cc71eba96ce3e3f82809cb6244e3a835f10bed586,ee78255832833595121df6e31d32cdf34c3c1c6efed7642cbfa6bd33c8f0640d,4962591b1d1f635a5d286c71bcd3051a5232191fb176d59bb9f3bb31c4073047,0.0,Kar Payı Dağıtım İşlemlerine İlişkin Bildirim,2026.03.12 19:16:36,REUSED_FROZEN_HTML
1572520,True,,027d8cac69bb97d8f690c218b33a04dc72e16e0c26ea49d5507ee53594d20c04,750c72f060e6634189ddb22247cd4bbbe960b9e5cd4cdbb1bd2e9039c7d28edf,af3ad1e65e5a381a340fec39ca0be03245420fea4ce1c3e4ae8195abcf26e321,0.0,Kar Payı Dağıtım İşlemlerine İlişkin Bildirim,2026.03.13 18:13:30,REUSED_FROZEN_HTML
1572522,True,,df38c597410f2ba6befa3892a41dc047a22057e8a2519263b348736ac2ba3be7,88ccfc863906a83d8f0bebc01aee8fefc265d4479f152cdf19b8ee13c1488e97,b683aeef6ccb406e65bf535deca8a2f8060204395e6008ab98f388e073ecd55d,0.0,Kar Payı Dağıtım İşlemlerine İlişkin Bildirim,2026.03.13 18:15:19,REUSED_FROZEN_HTML
1572527,True,,631c15afa889c6f74ca26fbc1898b6e16d10316854252cce4243dd60f5cd56d5,b367d698b8df27401185f93f3f5b6748e2b5efa87ad35b110df8724754d211ad,5dc79d631126338366b3c05313640eb88bab8bbf4719ba38d449e5b9da0eee4f,0.0,Sermaye Artırımı - Azaltımı İşlemlerine İlişkin Bildirim,2026.03.13 18:16:07,REUSED_FROZEN_HTML
1572603,True,,e6fe526f2247a2696d618a4e6f987df2af883f89dd53478d5a31e22006915993,da1516a14580c26b766b84cec952c0a3a4863718c436dc8fff2cbb43b2a62111,f63a417aa2e48f9ec19ba3860b2ed07cd0867875d711cbdd498e98a3e969ca43,0.0,Kar Payı Dağıtım İşlemlerine İlişkin Bildirim,2026.03.13 19:21:17,REUSED_FROZEN_HTML
1573180,True,,1648f7ea4b2bfe2a4dc0c238a01421ff6bc2e6be082c4b20913fa29a8c05b011,ff76045f4ee95953704b7cc8d20ae566b3112812a03663f893f7314027a7e030,c4772a97bcf2e155e108f2885f14797b007342807998b01c882ada9d75331722,0.0,Kar Payı Dağıtım İşlemlerine İlişkin Bildirim,2026.03.16 18:27:42,REUSED_FROZEN_HTML
1573202,True,,f61f149aac15af10a880cdae3c2caf95c797ea58892dc302ad9e2470d6c94904,dd4a26edcfd4875080b7fabd75a4cbd5523b291949803ea61c9f227f3f905271,c608c5591e176d7d41654b4e6a5bcae4781616944c536b9279d8440c1d9b4cbb,0.0,Kar Payı Dağıtım İşlemlerine İlişkin Bildirim,2026.03.16 19:02:25,REUSED_FROZEN_HTML
1573219,True,,553feb45149036851cba6b9c73d0c898fdb887e51d016781b9b402d4738b1c38,cb1d74307339b1404cfb9fcb435564136b62124c9a277f82589449ec700487b7,a9df9b9d8c90b719165777ac302d538f4afa74b013beff339e73d5047716bebf,0.0,Kar Payı Dağıtım İşlemlerine İlişkin Bildirim,2026.03.16 19:36:25,REUSED_FROZEN_HTML
1573590,True,,d6b545c278105384da5343d464b91a852d50bbe60dea22a53696ae15c30fa96c,af8c12c7614d6bf5bbdde41e72b402045214f12ac34f910126ffa7cfec0fbfcd,e1c4cdb5a79ded288d28da1ae0226186fba90b8faf6b82677e129db36f19b9c1,0.0,Kar Payı Dağıtım İşlemlerine İlişkin Bildirim,2026.03.17 18:11:59,REUSED_FROZEN_HTML
1573612,True,,da01e9ae005bb4902dd4145630ddbd8b14258199a4283a80af610afeb6fb138b,fb0b08bfd9267a97ef41e701335ea763491d9416658281bc8db3fbe39bf2ab75,1aa6000f43d8cc30cd689c87bc29de211f7a7bc4020f48785c89cd1aea7d7fef,0.0,Kar Payı Dağıtım İşlemlerine İlişkin Bildirim,2026.03.17 18:19:24,REUSED_FROZEN_HTML
1573684,True,,8a3ac9ee62ca5045efb59e094a58a6e0c3f271d52c7293eca932ff6bdf1f56b8,371d09a0723aeb2f1d6dbd6b3bbdee17cf645bde2ea4c5d6475fe18b6a34e221,a856e985af9612c5f0b8a0eeddc58101e72381f0c8c9c482358d6a8ffe28cd5a,0.0,Kar Payı Dağıtım İşlemlerine İlişkin Bildirim,2026.03.17 23:33:14,REUSED_FROZEN_HTML
1574205,True,,cf8ad68dcf1ffa351f8b52d583b8b36c9db03e9c82e936cd5ad6eb415e7ff7a1,a6798b867cea761f61de52c2fbcfa9c1d7bfc1ec1aa996928df17c5a7bbdce42,43126fcf582f80598f32224fffb2976339481dc9b164d65b3c32ed4cfb4d893e,0.0,Kar Payı Dağıtım İşlemlerine İlişkin Bildirim,2026.03.18 19:17:13,REUSED_FROZEN_HTML
1574285,True,,77037cfbafa4c3fa9b779f9587df3340761c8bf7e3fa6bdede45472b7b160431,a83d47940d5268955e8a5f0017f956ee41f0fd21ca4cccd1a857aa4344679239,b33a5819c7d03b735a31a9213d2336e644959104a56ce12394185ccd1e472c18,0.0,Kar Payı Dağıtım İşlemlerine İlişkin Bildirim,2026.03.18 22:38:35,REUSED_FROZEN_HTML
1575126,True,,2d2e3f68f487535fa4b0a814f81da76000e515129c1ac574ce01e142157b1d34,a6d17dc62ea58d2af8ff27071a705b22b2851dd6ba5786364c6ce9d3c9702906,36d6df9c358d763237e0d6344a0cadfba7cb86b3ce7b028df82c5cbdebe9a0bc,7.0,Sermaye Artırımından Elde Edilecek - Edilen Fonun Kullanımına İlişkin Rapor,2026.03.24 16:58:12,REUSED_FROZEN_HTML
1575220,True,,107e51eabd823a8b45f92dd3cd9ac7d01e30fc0b0f6c3f00cd71b3b743010826,8cde19853756a9d35dc8c212b88705147b31ace604e5eecc062774884902883f,5fc805fe8bc3e070b96804f0747d338d4df4419d05b97c7156df3fa2dfd7aedc,0.0,Kar Payı Dağıtım İşlemlerine İlişkin Bildirim,2026.03.24 18:15:23,REUSED_FROZEN_HTML
1575270,True,,cbf6d177c167e9f52256f0bec02cc428670a93260b325bc4a9e41be36dc7d8fd,758d9602cfd469605b783aed25ac693303f2f5974afa6c0c1b7ecade5d68eb37,abee34465ead0832f80f68187e0c406cf73dfe56f330c34f953ba3f8330263c5,0.0,Kar Payı Dağıtım İşlemlerine İlişkin Bildirim,2026.03.24 18:53:50,REUSED_FROZEN_HTML
1575308,True,,bdcbe122de794c425afe1a56a9de2f453188400f411d4025e33bb35792ac9a79,51d48599de542830165da9b4cf97bf22e5f271af5f5772f1fc189bd7d7616163,5d09ab5f8dd84c666afa69d4cec526932aede2c03b5923d47857e65bdd1b2b42,0.0,Kar Payı Dağıtım İşlemlerine İlişkin Bildirim,2026.03.24 21:38:13,REUSED_FROZEN_HTML
1575358,True,,a5da372a3dd2a55368fa615e3e729cd1299b0fed693adde013b841f92d0dc724,20101f4041bc9f42ea41f2337bccbbff59f1e9b13ed5b06a287e10b831a6a0bb,0d8a58c982e8b8c457bf96896e06c773d41092deb208462b4798136a8fe31577,0.0,Kar Payı Dağıtım İşlemlerine İlişkin Bildirim,2026.03.25 09:44:33,REUSED_FROZEN_HTML
1575612,True,,df01bee5dcb9562f2ab6363dc3c5cbfcf484c1fb8ef55420bdb1415ec965b9a8,445a20da264e9ed95f7ad560157e01752bba38828f0e31bea215df515b4e8fbd,069491bb4347e01b95ce4b30f1a0c3026eb2bd5f643cab47d9bb51fbaf72b855,0.0,Kar Payı Dağıtım İşlemlerine İlişkin Bildirim,2026.03.25 16:36:27,REUSED_FROZEN_HTML
1576165,True,,2339501e1071d65bed997f069aea3474e0c1b97b6dca1300d2f64f9ed5b07c0e,1a5c5c14a7a515eb39bf43f9032da0cb279e5a2cd0c87c1b5019b7ad61876ebd,7b54f172992baaec3a7f06bf55813915cab2734be16ed7c37a57a5666412daed,0.0,Kar Payı Dağıtım İşlemlerine İlişkin Bildirim,2026.03.26 14:00:05,REUSED_FROZEN_HTML
1576279,True,,d87c9638ebe14502612885ce011684f8ea98ac8e73133a68dfc9f939ced95e63,c156df11a10b2d3b946a2387b9234bd3aede18f2fb1ffca7a5041e7776d168ad,81b274b91843677bbb793b5f021c8fc11b49d5d301c01bc412e410b69df34b53,0.0,Kar Payı Dağıtım İşlemlerine İlişkin Bildirim,2026.03.26 15:27:36,REUSED_FROZEN_HTML
1576340,True,,5551f8420fee3434f45a2027c255acde052f11ae1526898b7e1820f1ddf7c024,53878859c3cc027b50f7a484637a2be82b1a2b5f0e0b898c0aea857d84eb3b95,36fa296702baf92f4f33592cf294a01a2d60c89e9718145c2cccc365c9cf2c33,0.0,Kar Payı Dağıtım İşlemlerine İlişkin Bildirim,2026.03.26 16:06:34,REUSED_FROZEN_HTML
1576629,True,,15ee45a9bd74b9a838515a40fab847b739de5f9e0c789d0bf08f5410677e8032,5473a07eacdf4bfc3db9ac7b4d93255e755b90bb74f8a205d75324a14ceb1293,b991c488713ebff302b0a5d7faf8e7af90cbda7b61a60d15945ea212aacfff6b,0.0,Kar Payı Dağıtım İşlemlerine İlişkin Bildirim,2026.03.26 18:23:50,REUSED_FROZEN_HTML
1576673,True,,61b8769e6411c1bab29236bed2889aa32e37e6147361e07d4092c1ffd18479aa,2d021610a33c88b86e453d7ea0d2b89fccf420308772d44d0e4d2dcdc05f2ceb,0bb2dbbe0f179a6667589de2fb4da6d9f18e195173aca3eac851f403c540ba25,0.0,Kar Payı Dağıtım İşlemlerine İlişkin Bildirim,2026.03.26 18:38:23,REUSED_FROZEN_HTML
1576725,True,,525ee6e9a0c9835b667e36a720ec51f107d88c2713179338b5ff30c1499b06ce,e5d3200bf3c0c83678b5513df54471931390e2ede451368384bee038f0d74183,7b7590942e96449ca7ddcc52a9d49fc610f161529bb3760333adfdc25de9ef21,0.0,Kar Payı Dağıtım İşlemlerine İlişkin Bildirim,2026.03.26 18:46:45,REUSED_FROZEN_HTML
1576833,True,,ddf7fec3cbc8f155ad0e9cc709f6fd4d64d9cf1e3985812f68110b9743a7b049,53769dbf85b9d2de3fc925744fcaf9352558252fdd5caec1eabb814c04d82c95,fef29aa4c7fd264745704d0607e3e4ebc9fdb6f67ef30d15ec1361e1e2b49689,0.0,Kar Payı Dağıtım İşlemlerine İlişkin Bildirim,2026.03.26 20:40:35,REUSED_FROZEN_HTML
1577389,True,,ac4a50a35fddffd98e76c09a1303a8bcb8ea5dde7d256f33e106b8729d1f0ab4,b07177920c7ee40a6db9ee9224e6bd13e9594156f69c7d9851540a5ecb0d0533,e44d47c18025387b26535a0ca05489ca470282235aa45d57fd1d27df06c71b19,0.0,Kar Payı Dağıtım İşlemlerine İlişkin Bildirim,2026.03.27 14:27:10,REUSED_FROZEN_HTML
1577520,True,,7690525586524c61832ecda5b871f8ea80f11761c2095c67d5c11e6b2eb0f605,b935856b21aed70c8da888b446e85af0b1fbbbea4ba233a71e274a116492f93a,21aa3ea54ef54e5e53bf4593c7f0e2b62ea31667ed7d87158c4778e1bfb401d0,0.0,Sermaye Artırımı - Azaltımı İşlemlerine İlişkin Bildirim,2026.03.27 17:02:23,REUSED_FROZEN_HTML
1577628,True,,692901cc06d4bd479af705183b4feb88d4c7936ff73d1f069a3336a2be97fec1,6a688279dc5b3f40470303426c9fcf97a7c5c30def7c045c347af99ca969a89b,a1d7b42700f706f77e925820939273428d250e838a2a414c8aa5a85773db4a62,0.0,Kar Payı Dağıtım İşlemlerine İlişkin Bildirim,2026.03.27 17:48:02,REUSED_FROZEN_HTML
1577707,True,,b19b1a94451dbc5efbad42272666e0fddc1ebab70407c7c34e2fbabbf66c0b1e,597496325499d0552b62ba5ffcd4ec0ff21722592792bcf154578010e7165c2f,0aa08f691c396f7621e99cebf97f8d32533df505ed335f2b6d6e7e8d67651818,0.0,Kar Payı Dağıtım İşlemlerine İlişkin Bildirim,2026.03.27 18:23:46,REUSED_FROZEN_HTML
1577755,True,,6886068c6562487384947f1175d26a7351660408ab76585b650263c319e692e4,cb002ec14a9ef65c790f2dca0b879a218e8be588268119e0b6f0ea46b7adc690,5c83dff4950643e7016ffa870b61fe04363e4faf9876475cb578208fce2cd3e2,0.0,Kar Payı Dağıtım İşlemlerine İlişkin Bildirim,2026.03.27 19:23:37,REUSED_FROZEN_HTML
1577756,True,,8a5feacca72681244f8f23e1d6207100fdb39a90b63095dedbe3cab60c4a96a8,0d89886e238c8cc36fc9d42b65d45a2c50122c158ba6e82bbd317a43471f1e8d,1bdf3285a3db2e8152c73e6d2dd450c9fd9e81c84f0bb9003a5e189476e0c398,0.0,Kar Payı Dağıtım İşlemlerine İlişkin Bildirim,2026.03.27 19:23:53,REUSED_FROZEN_HTML
1577806,True,,92f628642e34f4c5596af11b1ae5f9cc25c2a6b57ee4c084e7751ce5eb13f114,8f0d66146fdfee360a13070693835cf0aa0aad21ab99d0f5222e9771bb741012,618a556b6ae424df0d75cc708654053052affb73d68c18c0f92ac28584c4501d,0.0,Kar Payı Dağıtım İşlemlerine İlişkin Bildirim,2026.03.27 20:51:17,REUSED_FROZEN_HTML
1577845,True,,bf82497583f80fc30851a47ea7f61cd99a7d6869956dd783ac4969f819f1694d,bc194b0e018d3be118acac1c29068532adb3adc479c6dfcd8825862f89f932de,e21279b7902779d476c93f3a161d9b64b10c8e59b4e7e9d7e011551388b21e62,0.0,Kar Payı Dağıtım İşlemlerine İlişkin Bildirim,2026.03.27 22:53:17,REUSED_FROZEN_HTML
1578853,True,,f91aacd06f86aad212b0ef075173f0fd13b8177a4da9c8806a3877d1067b8361,66143693ffa8404ce9adeddec06306cdf97a3561b36e975f831a63a384e7b4ff,68d3f1bf1e7236228bd719984958cb1dd572bebf7485b3561b6d8445acc5d214,0.0,Kar Payı Dağıtım İşlemlerine İlişkin Bildirim,2026.03.30 18:11:21,REUSED_FROZEN_HTML
1578858,True,,4ccb313b16edefaf3e7da9cea07c8ff12f76d7fd9a7ad601fca6f1daec480cb7,0d2e675e133c408c6212eafd7cb3d22e2edeae1bd94e359dc8693e314f07e83b,08bb0ec86eea62f03274d4a0fb9f9b033167dd490481d993a7e9a45bd9ed6be5,0.0,Kar Payı Dağıtım İşlemlerine İlişkin Bildirim,2026.03.30 18:12:02,REUSED_FROZEN_HTML
1579304,True,,5eb9ca0ecac141d4212e2025ef05204df0fb9a8f13dfee47497842d5fb36ab92,70518ae368e89dd2d2368da228af07cc0ee1e49e4fdf1a540c1fd6ac0ce077bc,9d245a5178a0188428e46328260f9f05b4790ee721554e45af1b35dc79e842b3,0.0,Kar Payı Dağıtım İşlemlerine İlişkin Bildirim,2026.03.30 19:52:30,REUSED_FROZEN_HTML
1579442,True,,bcad255d9a0add3310d655a371181263539339c78e05ea17ee526471de718254,b60cb790f8db77d66d887afab46eadec1ab6a9a442cc06d28a1125ed934113fb,5c160bedcf3fa9044bbc53f6d1cf2be107b13bd64c6323258b20b87c9e8c2e33,0.0,Kar Payı Dağıtım İşlemlerine İlişkin Bildirim,2026.03.30 21:15:17,REUSED_FROZEN_HTML
1579549,True,,dd2235100c423cc17158810c39e9a45182427737e4bfe62ebdcb00625962a4a2,de06495ad0f8316503778b96886ee1a7335cf04b188a394584c3cb97bf982caf,011d76d6aaf3813da9bec6732f078cb3eb86b4500a85239cc6a822af984e66cc,0.0,Kar Payı Dağıtım İşlemlerine İlişkin Bildirim,2026.03.30 22:08:09,REUSED_FROZEN_HTML
1579839,True,,b4171d04d34c1a5156d2d3fde803763c45e9d93af0fc7cd6284d68c7ae16cd03,1389d69f1fdb121822c35a0408b553035b9bbf5c5a7274580492acd17d13ce6b,9a7626a8860d66bb0834c8bb682a57be30054489449ffb5410391af5882fab1b,0.0,Kar Payı Dağıtım İşlemlerine İlişkin Bildirim,2026.03.31 05:14:06,REUSED_FROZEN_HTML
1580260,True,,a2017160ccc074096bfb0ae4d9aa10d158a0fec0bc0d5f0a03ad7e53bb0b6892,8e9f318aa830d6747c1fea978442749ec050faa1bf6d16818461c982807f0b2c,3560e27c27e9d1032d68a76ee471cce9a01e724a39229c4a666a5976ab33e64d,0.0,Kar Payı Dağıtım İşlemlerine İlişkin Bildirim,2026.03.31 14:16:40,REUSED_FROZEN_HTML
1580370,True,,8358f6c07d59168fdea73c6d207a86a94a218fce57a4a0772c5ace7f891469fd,0198af5156939e276e8c9b5c9167285f3bc84bf6eb099a688a03bd642a8d5265,c0bae9c3a896b23f898112cd96b6c4496154587657bef9943eeddf64fa0ff85f,0.0,Kar Payı Dağıtım İşlemlerine İlişkin Bildirim,2026.03.31 15:16:46,REUSED_FROZEN_HTML
1580562,True,,df7efa080fe2bb14af7ea8280ec3fc7344e277fcda947fc20d67e31a943ff9ea,fa0fb554c1c73bd5f5c2266be06a307d6c172503b2f86a519cf02ed123c4a6aa,00f963584444410965f6c400685d7d0f981434a7e60532acbf8d7c686e66571a,0.0,Kar Payı Dağıtım İşlemlerine İlişkin Bildirim,2026.03.31 16:30:22,REUSED_FROZEN_HTML
1580837,True,,a8bb84eb1a00133f9a8a042549e9a571055817db4f55b82c3325aaac4dd164d6,ee2e7e0fe00138810106dd3e5360741c47a3803fe6e5f8412b7b580fdb2cbb76,9ec2e9cc460b5ff567269dc5110751aff840d904baec09ccce4624f6822f2613,0.0,Kar Payı Dağıtım İşlemlerine İlişkin Bildirim,2026.03.31 18:14:51,REUSED_FROZEN_HTML
1581038,True,,cc7237dc07eca4368356f81aa75e0120e53c58297046b0cb62124f67a4b94557,7d919fe1acbf21f1f2892fd5e1bb89824401623ed4416d24db9e26b9300d7290,fc7a86d3e4f3069c0b80d8b69c1bf92241e0bff5d364f34ea854d7ff971b3fe1,0.0,Kar Payı Dağıtım İşlemlerine İlişkin Bildirim,2026.03.31 19:15:41,REUSED_FROZEN_HTML
1581049,True,,8c579d575986d3adb2ad7a60bfcf337c300af022b008964a62e798c2443790dc,4e6a060219be1d893a9bd1bfd4a6985fa6343ec43f690c8c3559f8c6aa6fc880,88a17a53b4693e19d3962f5a61e241edec504b4485877d047b5fb3508c340f9c,0.0,Kar Payı Dağıtım İşlemlerine İlişkin Bildirim,2026.03.31 19:23:50,REUSED_FROZEN_HTML
1581260,True,,0ede5070d3a3f6882eceef1be48f76282acd21d9ec576ed3da292c146ae3f5e0,3d3bf72cb888a13374976b43eafa0b43f930f8db3b4efd83abcbcf09f623738b,2e9a0c531e477b006eac0e0b3e2cc30a1318f91da069e755495924596e11783d,0.0,Kar Payı Dağıtım İşlemlerine İlişkin Bildirim,2026.03.31 21:31:32,REUSED_FROZEN_HTML
1582237,True,,ddfa67517094125697e1f2541fa5da8f075a7ff9f7a289e18036d8dc8c948c31,4ab3c412ec755b388c6f678cd3f3f49e96f74e8c4e44a6a0d1ed534dbdd6910d,eadaf6579badb1fc565082fea694e30e6c71708e1e6368edf8386d07ac7abfbc,0.0,Bölünme İşlemlerine İlişkin Bildirim,2026.04.01 15:31:56,REUSED_FROZEN_HTML
1582408,True,,9513897591b98288db7eb7b905857311862a253fcd1bdc12e7fcd463e46140fe,f24435a4518c03aab1dde97901a19e2780a82282c71aee42c19b2beb7ca5e919,1336f905f0695907abce97fb59288cb0c640c2bb0362b1ee2cb3f43fe5f57266,0.0,Sermaye Artırımı - Azaltımı İşlemlerine İlişkin Bildirim,2026.04.01 18:17:20,REUSED_FROZEN_HTML
1582812,True,,281fad203f26cabed5fc290cce03750b97199a74f7a8c62195bb8f2e239a3537,17631656b329d3f757b03e7797da815b2739c0eb0b0442838742b9ad16263e16,7db0a60a2dcbb8a90a5701cefcd634e83a8377b27de128a8fab89388d59b1061,0.0,Kar Payı Dağıtım İşlemlerine İlişkin Bildirim,2026.04.02 15:38:01,REUSED_FROZEN_HTML
1582981,True,,f5fed85869c044525a568d8824c33dc1f2cc0e4eeb0c2cb59ed010594c3230b2,f515486c8afd68dd96a2276142b018008a750a58cc6396ba90b6bb7c3962e42e,dd12466eaa947de6c7034e7d5bdd4373ecc2b7db07b7b3c1824b8f8770d9a552,0.0,Sermaye Artırımı - Azaltımı İşlemlerine İlişkin Bildirim,2026.04.02 18:14:26,REUSED_FROZEN_HTML
1582983,True,,456d529fc7d2ed91907d111e407796388fab0b2234e561caf6bd39acacbc7716,f613c35a4ae0a3a9ebf5895acea863225ed4485a4bb9456dd8912039b979c8a4,8e85e52c325ddca3651729affe002d70a30bf5d171590272c8fc3d67dcaef3f0,0.0,Sermaye Artırımı - Azaltımı İşlemlerine İlişkin Bildirim,2026.04.02 18:16:22,REUSED_FROZEN_HTML
1582991,True,,334b22405cf3ac01988322d4605880ff7ef4b9ce20ba945d24be1e7acbf29723,be4cda338dfe552711733331ac1e8732ea2cc35501f0201d3b77cb986339590c,4da4c8204bf76e3ccaa30cb145c0e9efc219abc8927a681f482f63960f9d4582,0.0,Kar Payı Dağıtım İşlemlerine İlişkin Bildirim,2026.04.02 18:22:00,REUSED_FROZEN_HTML
1582995,True,,0141e17774074c63339f95a539bcb7397e4501b520ea8397f99fdb7fdeaf69f3,6a38ae465f8d6b082910881995f7e1b4a3db9bb4f7eccbaae6e9ab3eeee9d414,1d81d9724dcb24e0489a2338ee172918eb443dc1d3d2838f6db1993c881f6956,0.0,Kar Payı Dağıtım İşlemlerine İlişkin Bildirim,2026.04.02 18:24:07,REUSED_FROZEN_HTML
1583016,True,,e13705642cfa6fbc4298ea734b67e809c09f085ac7b9e886d49f1281c3e2109b,6243aaa1a4eba9987164bc1bfa97ca530c5f96686fb70a7c6c03dec8fcd722c1,a8dd50a30bb37e3f6225291b5525f56ccc3710a017d72f2e50271748ebabe3b0,0.0,Kar Payı Dağıtım İşlemlerine İlişkin Bildirim,2026.04.02 18:32:26,REUSED_FROZEN_HTML
1583162,True,,cd518fd58f94d48e85234bcf2e8542ec4518491f0a0fbd011ee804ae97014e81,bee84877bf143fd582b9da98db86b421ac32142bebe6c8e6ebb07bcfe8b9c5ac,b2d40ce72bdb67216724f81d9620ef1d096d74452ab5d6439e25b4b0d0f4db7f,0.0,Kar Payı Dağıtım İşlemlerine İlişkin Bildirim,2026.04.02 20:32:12,REUSED_FROZEN_HTML
1585800,True,,7119d595c06ef690db51c6d10018c410c3ef08cfbfb5f9f06d0602c9d09f6b18,afd1532bb217005ec7103008996d76863c77cec82cd067a17c9cc95b4b5e9940,d6b8791238ad4a50f79ef5a3a2b0731454f948aa4159566e2d59c85fe122b865,0.0,Kar Payı Dağıtım İşlemlerine İlişkin Bildirim,2026.04.07 12:48:44,REUSED_FROZEN_HTML
1587022,True,,4cd27032f7b0aa2c937d79248df5957de08be2c2921d124d496926ab7f4ea599,65d4ebac033a03a62afba103f0193d7ac92d6e29e59735d91488ff1b6b7dee78,a78aef36fe9de8a98480a1364241317fb269d2b7cf19d0675957bf85f323d48f,0.0,Birleşme İşlemlerine İlişkin Bildirim,2026.04.07 18:47:34,REUSED_FROZEN_HTML
1587323,True,,f1531822241fab2797334f999ab467224658f0b0cf6d32c15acf0929b9928b18,d84c6601e2df6dacd08f875a0d8bee0f2e3f9ceae3f6016d4a39ef62649c429b,2a3e1491226fa592121d6e5b2634ce9ca85e07a4d41296791abd245aa2cddb34,0.0,Kar Payı Dağıtım İşlemlerine İlişkin Bildirim,2026.04.07 22:12:31,REUSED_FROZEN_HTML
1589325,False,HTML_NOT_CAPTURED_A2_EXCEL_PRIMARY,,,,,,,
1589406,False,HTML_NOT_CAPTURED_A2_EXCEL_PRIMARY,,,,,,,
1589851,False,HTML_NOT_CAPTURED_A2_EXCEL_PRIMARY,,,,,,,
1590051,False,HTML_NOT_CAPTURED_A2_EXCEL_PRIMARY,,,,,,,
1590325,False,HTML_NOT_CAPTURED_A2_EXCEL_PRIMARY,,,,,,,
1590331,False,HTML_NOT_CAPTURED_A2_EXCEL_PRIMARY,,,,,,,
1590365,False,HTML_NOT_CAPTURED_A2_EXCEL_PRIMARY,,,,,,,
1590368,False,HTML_NOT_CAPTURED_A2_EXCEL_PRIMARY,,,,,,,
1590591,False,HTML_NOT_CAPTURED_A2_EXCEL_PRIMARY,,,,,,,
1590967,False,HTML_NOT_CAPTURED_A2_EXCEL_PRIMARY,,,,,,,
1591013,False,HTML_NOT_CAPTURED_A2_EXCEL_PRIMARY,,,,,,,
1591430,False,HTML_NOT_CAPTURED_A2_EXCEL_PRIMARY,,,,,,,
1592286,False,HTML_NOT_CAPTURED_A2_EXCEL_PRIMARY,,,,,,,
1592462,False,HTML_NOT_CAPTURED_A2_EXCEL_PRIMARY,,,,,,,
1592592,False,HTML_NOT_CAPTURED_A2_EXCEL_PRIMARY,,,,,,,
1592676,False,HTML_NOT_CAPTURED_A2_EXCEL_PRIMARY,,,,,,,
1593096,False,HTML_NOT_CAPTURED_A2_EXCEL_PRIMARY,,,,,,,
1594433,False,HTML_NOT_CAPTURED_A2_EXCEL_PRIMARY,,,,,,,
1594450,False,HTML_NOT_CAPTURED_A2_EXCEL_PRIMARY,,,,,,,
1594456,False,HTML_NOT_CAPTURED_A2_EXCEL_PRIMARY,,,,,,,
1594469,False,HTML_NOT_CAPTURED_A2_EXCEL_PRIMARY,,,,,,,
1594693,False,HTML_NOT_CAPTURED_A2_EXCEL_PRIMARY,,,,,,,
1594798,False,HTML_NOT_CAPTURED_A2_EXCEL_PRIMARY,,,,,,,
1594963,False,HTML_NOT_CAPTURED_A2_EXCEL_PRIMARY,,,,,,,
1595406,False,HTML_NOT_CAPTURED_A2_EXCEL_PRIMARY,,,,,,,
1595752,False,HTML_NOT_CAPTURED_A2_EXCEL_PRIMARY,,,,,,,
1595777,False,HTML_NOT_CAPTURED_A2_EXCEL_PRIMARY,,,,,,,
1595805,False,HTML_NOT_CAPTURED_A2_EXCEL_PRIMARY,,,,,,,
1595809,False,HTML_NOT_CAPTURED_A2_EXCEL_PRIMARY,,,,,,,
1596316,False,HTML_NOT_CAPTURED_A2_EXCEL_PRIMARY,,,,,,,
1596355,False,HTML_NOT_CAPTURED_A2_EXCEL_PRIMARY,,,,,,,
1596568,False,HTML_NOT_CAPTURED_A2_EXCEL_PRIMARY,,,,,,,
1596687,False,HTML_NOT_CAPTURED_A2_EXCEL_PRIMARY,,,,,,,
1596939,False,HTML_NOT_CAPTURED_A2_EXCEL_PRIMARY,,,,,,,
1596958,False,HTML_NOT_CAPTURED_A2_EXCEL_PRIMARY,,,,,,,
1596963,False,HTML_NOT_CAPTURED_A2_EXCEL_PRIMARY,,,,,,,
1597282,False,HTML_NOT_CAPTURED_A2_EXCEL_PRIMARY,,,,,,,
1597820,False,HTML_NOT_CAPTURED_A2_EXCEL_PRIMARY,,,,,,,
1598023,False,HTML_NOT_CAPTURED_A2_EXCEL_PRIMARY,,,,,,,
1598053,False,HTML_NOT_CAPTURED_A2_EXCEL_PRIMARY,,,,,,,
1598185,False,HTML_NOT_CAPTURED_A2_EXCEL_PRIMARY,,,,,,,
1598380,False,HTML_NOT_CAPTURED_A2_EXCEL_PRIMARY,,,,,,,
1598404,False,HTML_NOT_CAPTURED_A2_EXCEL_PRIMARY,,,,,,,
1598409,False,HTML_NOT_CAPTURED_A2_EXCEL_PRIMARY,,,,,,,
1598581,False,HTML_NOT_CAPTURED_A2_EXCEL_PRIMARY,,,,,,,
1598692,False,HTML_NOT_CAPTURED_A2_EXCEL_PRIMARY,,,,,,,
1598761,False,HTML_NOT_CAPTURED_A2_EXCEL_PRIMARY,,,,,,,
1598915,False,HTML_NOT_CAPTURED_A2_EXCEL_PRIMARY,,,,,,,
1599016,False,HTML_NOT_CAPTURED_A2_EXCEL_PRIMARY,,,,,,,
1599833,False,HTML_NOT_CAPTURED_A2_EXCEL_PRIMARY,,,,,,,
1600040,False,HTML_NOT_CAPTURED_A2_EXCEL_PRIMARY,,,,,,,
1600041,False,HTML_NOT_CAPTURED_A2_EXCEL_PRIMARY,,,,,,,
1600774,False,HTML_NOT_CAPTURED_A2_EXCEL_PRIMARY,,,,,,,
1600847,False,HTML_NOT_CAPTURED_A2_EXCEL_PRIMARY,,,,,,,
1600862,False,HTML_NOT_CAPTURED_A2_EXCEL_PRIMARY,,,,,,,
1601205,False,HTML_NOT_CAPTURED_A2_EXCEL_PRIMARY,,,,,,,
1601357,False,HTML_NOT_CAPTURED_A2_EXCEL_PRIMARY,,,,,,,
1601407,False,HTML_NOT_CAPTURED_A2_EXCEL_PRIMARY,,,,,,,
1601470,False,HTML_NOT_CAPTURED_A2_EXCEL_PRIMARY,,,,,,,
1602139,False,HTML_NOT_CAPTURED_A2_EXCEL_PRIMARY,,,,,,,
1602349,False,HTML_NOT_CAPTURED_A2_EXCEL_PRIMARY,,,,,,,
1602781,False,HTML_NOT_CAPTURED_A2_EXCEL_PRIMARY,,,,,,,
1602814,False,HTML_NOT_CAPTURED_A2_EXCEL_PRIMARY,,,,,,,
1602822,False,HTML_NOT_CAPTURED_A2_EXCEL_PRIMARY,,,,,,,
1602857,False,HTML_NOT_CAPTURED_A2_EXCEL_PRIMARY,,,,,,,
1603021,False,HTML_NOT_CAPTURED_A2_EXCEL_PRIMARY,,,,,,,
1603068,False,HTML_NOT_CAPTURED_A2_EXCEL_PRIMARY,,,,,,,
1603304,False,HTML_NOT_CAPTURED_A2_EXCEL_PRIMARY,,,,,,,
1603872,False,HTML_NOT_CAPTURED_A2_EXCEL_PRIMARY,,,,,,,
1604089,False,HTML_NOT_CAPTURED_A2_EXCEL_PRIMARY,,,,,,,
1604404,False,HTML_NOT_CAPTURED_A2_EXCEL_PRIMARY,,,,,,,
1605088,False,HTML_NOT_CAPTURED_A2_EXCEL_PRIMARY,,,,,,,
1605654,False,HTML_NOT_CAPTURED_A2_EXCEL_PRIMARY,,,,,,,
1606141,False,HTML_NOT_CAPTURED_A2_EXCEL_PRIMARY,,,,,,,
1606436,False,HTML_NOT_CAPTURED_A2_EXCEL_PRIMARY,,,,,,,
1606642,False,HTML_NOT_CAPTURED_A2_EXCEL_PRIMARY,,,,,,,
1606779,False,HTML_NOT_CAPTURED_A2_EXCEL_PRIMARY,,,,,,,
1607014,False,HTML_NOT_CAPTURED_A2_EXCEL_PRIMARY,,,,,,,
1607023,False,HTML_NOT_CAPTURED_A2_EXCEL_PRIMARY,,,,,,,
1607067,False,HTML_NOT_CAPTURED_A2_EXCEL_PRIMARY,,,,,,,
1607068,False,HTML_NOT_CAPTURED_A2_EXCEL_PRIMARY,,,,,,,
1607530,False,HTML_NOT_CAPTURED_A2_EXCEL_PRIMARY,,,,,,,
1607569,False,HTML_NOT_CAPTURED_A2_EXCEL_PRIMARY,,,,,,,
1607691,False,HTML_NOT_CAPTURED_A2_EXCEL_PRIMARY,,,,,,,
1607865,False,HTML_NOT_CAPTURED_A2_EXCEL_PRIMARY,,,,,,,
1607901,False,HTML_NOT_CAPTURED_A2_EXCEL_PRIMARY,,,,,,,
1608016,False,HTML_NOT_CAPTURED_A2_EXCEL_PRIMARY,,,,,,,
1608216,False,HTML_NOT_CAPTURED_A2_EXCEL_PRIMARY,,,,,,,
1608261,False,HTML_NOT_CAPTURED_A2_EXCEL_PRIMARY,,,,,,,
1608272,False,HTML_NOT_CAPTURED_A2_EXCEL_PRIMARY,,,,,,,
1608719,False,HTML_NOT_CAPTURED_A2_EXCEL_PRIMARY,,,,,,,
1609227,False,HTML_NOT_CAPTURED_A2_EXCEL_PRIMARY,,,,,,,
1610042,False,HTML_NOT_CAPTURED_A2_EXCEL_PRIMARY,,,,,,,
1610169,False,HTML_NOT_CAPTURED_A2_EXCEL_PRIMARY,,,,,,,
1610171,False,HTML_NOT_CAPTURED_A2_EXCEL_PRIMARY,,,,,,,
1610850,False,HTML_NOT_CAPTURED_A2_EXCEL_PRIMARY,,,,,,,
1610874,False,HTML_NOT_CAPTURED_A2_EXCEL_PRIMARY,,,,,,,
1612055,False,HTML_NOT_CAPTURED_A2_EXCEL_PRIMARY,,,,,,,
1612219,False,HTML_NOT_CAPTURED_A2_EXCEL_PRIMARY,,,,,,,
1612739,False,HTML_NOT_CAPTURED_A2_EXCEL_PRIMARY,,,,,,,
1612805,False,HTML_NOT_CAPTURED_A2_EXCEL_PRIMARY,,,,,,,
1613110,False,HTML_NOT_CAPTURED_A2_EXCEL_PRIMARY,,,,,,,
1613299,False,HTML_NOT_CAPTURED_A2_EXCEL_PRIMARY,,,,,,,
1613469,False,HTML_NOT_CAPTURED_A2_EXCEL_PRIMARY,,,,,,,
1613885,False,HTML_NOT_CAPTURED_A2_EXCEL_PRIMARY,,,,,,,
1614941,False,HTML_NOT_CAPTURED_A2_EXCEL_PRIMARY,,,,,,,
1615088,False,HTML_NOT_CAPTURED_A2_EXCEL_PRIMARY,,,,,,,
1615396,False,HTML_NOT_CAPTURED_A2_EXCEL_PRIMARY,,,,,,,
1615928,False,HTML_NOT_CAPTURED_A2_EXCEL_PRIMARY,,,,,,,
1616101,False,HTML_NOT_CAPTURED_A2_EXCEL_PRIMARY,,,,,,,
1616567,False,HTML_NOT_CAPTURED_A2_EXCEL_PRIMARY,,,,,,,
1617170,False,HTML_NOT_CAPTURED_A2_EXCEL_PRIMARY,,,,,,,
1617424,False,HTML_NOT_CAPTURED_A2_EXCEL_PRIMARY,,,,,,,
1617530,False,HTML_NOT_CAPTURED_A2_EXCEL_PRIMARY,,,,,,,
1617778,False,HTML_NOT_CAPTURED_A2_EXCEL_PRIMARY,,,,,,,
1617819,False,HTML_NOT_CAPTURED_A2_EXCEL_PRIMARY,,,,,,,
1618075,False,HTML_NOT_CAPTURED_A2_EXCEL_PRIMARY,,,,,,,
1618146,False,HTML_NOT_CAPTURED_A2_EXCEL_PRIMARY,,,,,,,
1618575,False,HTML_NOT_CAPTURED_A2_EXCEL_PRIMARY,,,,,,,
1618737,False,HTML_NOT_CAPTURED_A2_EXCEL_PRIMARY,,,,,,,
1619526,False,HTML_NOT_CAPTURED_A2_EXCEL_PRIMARY,,,,,,,
1619643,False,HTML_NOT_CAPTURED_A2_EXCEL_PRIMARY,,,,,,,
1619813,False,HTML_NOT_CAPTURED_A2_EXCEL_PRIMARY,,,,,,,
1619896,False,HTML_NOT_CAPTURED_A2_EXCEL_PRIMARY,,,,,,,
1621120,False,HTML_NOT_CAPTURED_A2_EXCEL_PRIMARY,,,,,,,
1622148,False,HTML_NOT_CAPTURED_A2_EXCEL_PRIMARY,,,,,,,
1622679,False,HTML_NOT_CAPTURED_A2_EXCEL_PRIMARY,,,,,,,
1622735,False,HTML_NOT_CAPTURED_A2_EXCEL_PRIMARY,,,,,,,
1622784,False,HTML_NOT_CAPTURED_A2_EXCEL_PRIMARY,,,,,,,
1623302,False,HTML_NOT_CAPTURED_A2_EXCEL_PRIMARY,,,,,,,
1623304,False,HTML_NOT_CAPTURED_A2_EXCEL_PRIMARY,,,,,,,
1623404,False,HTML_NOT_CAPTURED_A2_EXCEL_PRIMARY,,,,,,,
1624132,False,HTML_NOT_CAPTURED_A2_EXCEL_PRIMARY,,,,,,,
1624193,False,HTML_NOT_CAPTURED_A2_EXCEL_PRIMARY,,,,,,,
1627416,False,HTML_NOT_CAPTURED_A2_EXCEL_PRIMARY,,,,,,,
1628718,False,HTML_NOT_CAPTURED_A2_EXCEL_PRIMARY,,,,,,,
1632790,False,HTML_NOT_CAPTURED_A2_EXCEL_PRIMARY,,,,,,,
1633371,False,HTML_NOT_CAPTURED_A2_EXCEL_PRIMARY,,,,,,,
1633768,False,HTML_NOT_CAPTURED_A2_EXCEL_PRIMARY,,,,,,,
1634271,False,HTML_NOT_CAPTURED_A2_EXCEL_PRIMARY,,,,,,,
1634985,False,HTML_NOT_CAPTURED_A2_EXCEL_PRIMARY,,,,,,,
1635133,False,HTML_NOT_CAPTURED_A2_EXCEL_PRIMARY,,,,,,,
1635210,False,HTML_NOT_CAPTURED_A2_EXCEL_PRIMARY,,,,,,,
1635523,False,HTML_NOT_CAPTURED_A2_EXCEL_PRIMARY,,,,,,,
1635844,False,HTML_NOT_CAPTURED_A2_EXCEL_PRIMARY,,,,,,,
1636752,False,HTML_NOT_CAPTURED_A2_EXCEL_PRIMARY,,,,,,,
1636766,False,HTML_NOT_CAPTURED_A2_EXCEL_PRIMARY,,,,,,,
1638000,False,HTML_NOT_CAPTURED_A2_EXCEL_PRIMARY,,,,,,,
1638001,False,HTML_NOT_CAPTURED_A2_EXCEL_PRIMARY,,,,,,,
1638970,False,HTML_NOT_CAPTURED_A2_EXCEL_PRIMARY,,,,,,,
1639071,False,HTML_NOT_CAPTURED_A2_EXCEL_PRIMARY,,,,,,,
1639734,False,HTML_NOT_CAPTURED_A2_EXCEL_PRIMARY,,,,,,,
1639740,False,HTML_NOT_CAPTURED_A2_EXCEL_PRIMARY,,,,,,,
1639871,False,HTML_NOT_CAPTURED_A2_EXCEL_PRIMARY,,,,,,,
1639872,False,HTML_NOT_CAPTURED_A2_EXCEL_PRIMARY,,,,,,,
1639873,False,HTML_NOT_CAPTURED_A2_EXCEL_PRIMARY,,,,,,,
1641660,False,HTML_NOT_CAPTURED_A2_EXCEL_PRIMARY,,,,,,,
1642637,False,HTML_NOT_CAPTURED_A2_EXCEL_PRIMARY,,,,,,,
1642697,False,HTML_NOT_CAPTURED_A2_EXCEL_PRIMARY,,,,,,,
1643702,False,HTML_NOT_CAPTURED_A2_EXCEL_PRIMARY,,,,,,,
1643990,False,HTML_NOT_CAPTURED_A2_EXCEL_PRIMARY,,,,,,,
1644470,False,HTML_NOT_CAPTURED_A2_EXCEL_PRIMARY,,,,,,,
1645607,False,HTML_NOT_CAPTURED_A2_EXCEL_PRIMARY,,,,,,,
1645625,False,HTML_NOT_CAPTURED_A2_EXCEL_PRIMARY,,,,,,,
1646542,False,HTML_NOT_CAPTURED_A2_EXCEL_PRIMARY,,,,,,,
1648213,False,HTML_NOT_CAPTURED_A2_EXCEL_PRIMARY,,,,,,,
1650604,False,HTML_NOT_CAPTURED_A2_EXCEL_PRIMARY,,,,,,,
1651300,False,HTML_NOT_CAPTURED_A2_EXCEL_PRIMARY,,,,,,,
1653504,False,HTML_NOT_CAPTURED_A2_EXCEL_PRIMARY,,,,,,,
1653656,False,HTML_NOT_CAPTURED_A2_EXCEL_PRIMARY,,,,,,,
1654175,False,HTML_NOT_CAPTURED_A2_EXCEL_PRIMARY,,,,,,,
1654560,False,HTML_NOT_CAPTURED_A2_EXCEL_PRIMARY,,,,,,,
1654680,False,HTML_NOT_CAPTURED_A2_EXCEL_PRIMARY,,,,,,,
1655191,False,HTML_NOT_CAPTURED_A2_EXCEL_PRIMARY,,,,,,,
1655506,False,HTML_NOT_CAPTURED_A2_EXCEL_PRIMARY,,,,,,,
1655601,False,HTML_NOT_CAPTURED_A2_EXCEL_PRIMARY,,,,,,,
1656455,False,HTML_NOT_CAPTURED_A2_EXCEL_PRIMARY,,,,,,,
1656680,False,HTML_NOT_CAPTURED_A2_EXCEL_PRIMARY,,,,,,,
1657500,False,HTML_NOT_CAPTURED_A2_EXCEL_PRIMARY,,,,,,,
1658176,False,HTML_NOT_CAPTURED_A2_EXCEL_PRIMARY,,,,,,,
1658689,False,HTML_NOT_CAPTURED_A2_EXCEL_PRIMARY,,,,,,,
1661245,False,HTML_NOT_CAPTURED_A2_EXCEL_PRIMARY,,,,,,,
1661783,False,HTML_NOT_CAPTURED_A2_EXCEL_PRIMARY,,,,,,,
1663784,False,HTML_NOT_CAPTURED_A2_EXCEL_PRIMARY,,,,,,,
1664212,False,HTML_NOT_CAPTURED_A2_EXCEL_PRIMARY,,,,,,,
1664867,False,HTML_NOT_CAPTURED_A2_EXCEL_PRIMARY,,,,,,,
1664976,False,HTML_NOT_CAPTURED_A2_EXCEL_PRIMARY,,,,,,,
1666699,False,HTML_NOT_CAPTURED_A2_EXCEL_PRIMARY,,,,,,,
1667913,False,HTML_NOT_CAPTURED_A2_EXCEL_PRIMARY,,,,,,,
1667943,False,HTML_NOT_CAPTURED_A2_EXCEL_PRIMARY,,,,,,,
1668262,False,HTML_NOT_CAPTURED_A2_EXCEL_PRIMARY,,,,,,,
1668305,False,HTML_NOT_CAPTURED_A2_EXCEL_PRIMARY,,,,,,,
1669662,False,HTML_NOT_CAPTURED_A2_EXCEL_PRIMARY,,,,,,,
1670023,False,HTML_NOT_CAPTURED_A2_EXCEL_PRIMARY,,,,,,,
1670550,False,HTML_NOT_CAPTURED_A2_EXCEL_PRIMARY,,,,,,,
1670572,False,HTML_NOT_CAPTURED_A2_EXCEL_PRIMARY,,,,,,,
1671678,False,HTML_NOT_CAPTURED_A2_EXCEL_PRIMARY,,,,,,,
1672585,False,HTML_NOT_CAPTURED_A2_EXCEL_PRIMARY,,,,,,,
1672991,False,HTML_NOT_CAPTURED_A2_EXCEL_PRIMARY,,,,,,,
1674751,False,HTML_NOT_CAPTURED_A2_EXCEL_PRIMARY,,,,,,,
