event_id,captured,error
1503897,False,NOT_XLSX_ZIP
1504820,False,NOT_XLSX_ZIP
1505186,False,NOT_XLSX_ZIP
1507412,False,HTTP_429
1507463,False,HTTP_429
1507550,False,HTTP_429
1507559,False,HTTP_429
1507659,False,HTTP_429
1507942,False,HTTP_429
1507950,False,HTTP_429
1507966,False,HTTP_429
1507969,False,HTTP_429
1508282,False,HTTP_429
1508478,False,HTTP_429
1509356,False,HTTP_429
1509847,False,HTTP_429
1510035,False,HTTP_429
1510036,False,HTTP_429
1510037,False,HTTP_429
1510177,False,HTTP_429
1510232,False,HTTP_429
1510385,False,HTTP_429
1510761,False,HTTP_429
1511318,False,HTTP_429
1511588,False,HTTP_429
1514402,False,HTTP_429
1515682,False,HTTP_429
1516306,False,HTTP_429
1516497,False,HTTP_429
1516521,False,HTTP_429
1516522,False,HTTP_429
1516676,False,HTTP_429
1517737,False,HTTP_429
1517877,False,HTTP_429
1517969,False,HTTP_429
1518300,False,HTTP_429
1519666,False,HTTP_429
1520267,False,HTTP_429
1520268,False,HTTP_429
1520373,False,HTTP_429
1520603,False,HTTP_429
1520652,False,HTTP_429
1520745,False,HTTP_429
1520751,False,HTTP_429
1520922,False,HTTP_429
1521070,False,HTTP_429
1522293,False,HTTP_429
1523166,False,HTTP_429
1524012,False,HTTP_429
1524834,False,HTTP_429
1525363,False,HTTP_429
1526086,False,HTTP_429
1526421,False,HTTP_429
1526422,False,HTTP_429
1526423,False,HTTP_429
1526424,False,HTTP_429
1526531,False,HTTP_429
1526923,False,HTTP_429
1527351,False,HTTP_429
1527434,False,HTTP_429
1527530,False,HTTP_429
1527959,False,HTTP_429
1527986,False,HTTP_429
1528725,False,HTTP_429
1529740,False,HTTP_429
1529741,False,HTTP_429
1529797,False,HTTP_429
1530265,False,HTTP_429
1531470,False,HTTP_429
1531701,False,HTTP_429
1531710,False,HTTP_429
1532142,False,HTTP_429
1532323,False,HTTP_429
1533919,False,HTTP_429
1541073,False,HTTP_429
1544330,False,HTTP_429
1544891,False,HTTP_429
1545371,False,HTTP_429
1546944,False,HTTP_429
1548136,False,HTTP_429
1549136,False,HTTP_429
1551326,False,HTTP_429
1552604,False,HTTP_429
1554108,False,HTTP_429
1555157,False,HTTP_429
1555960,False,HTTP_429
1556573,False,HTTP_429
1556628,False,HTTP_429
1556665,False,HTTP_429
1556705,False,HTTP_429
1557060,False,HTTP_429
1557935,False,HTTP_429
1558033,False,HTTP_429
1558207,False,HTTP_429
1558674,False,HTTP_429
1559061,False,HTTP_429
1559307,False,HTTP_429
1559426,False,HTTP_429
1560075,False,HTTP_429
1560076,False,HTTP_429
1561151,False,HTTP_429
1561178,False,HTTP_429
1561582,False,HTTP_429
1561880,False,HTTP_429
1562103,False,HTTP_429
1562167,False,HTTP_429
1562305,False,HTTP_429
1562476,False,HTTP_429
1562892,False,HTTP_429
1563114,False,HTTP_429
1563131,False,HTTP_429
1563204,False,NOT_XLSX_ZIP
1563267,False,NOT_XLSX_ZIP
1564412,False,NOT_XLSX_ZIP
1564604,False,HTTP_429
1565148,False,HTTP_429
1565152,False,HTTP_429
1565239,False,HTTP_429
1566022,False,HTTP_429
1566043,False,HTTP_429
1566045,False,HTTP_429
1566093,False,HTTP_429
1566290,False,HTTP_429
1566493,False,HTTP_429
1566638,False,HTTP_429
1566774,False,HTTP_429
1566784,False,HTTP_429
1566788,False,HTTP_429
1566863,False,HTTP_429
1567718,False,HTTP_429
1567861,False,HTTP_429
1569063,False,HTTP_429
1569214,False,HTTP_429
1569957,False,HTTP_429
1570111,False,HTTP_429
1570775,False,HTTP_429
1570793,False,HTTP_429
1571600,False,HTTP_429
1571924,False,HTTP_429
1571936,False,HTTP_429
1571946,False,HTTP_429
1572009,False,HTTP_429
1572520,False,HTTP_429
1572522,False,HTTP_429
1572527,False,HTTP_429
1572603,False,HTTP_429
1573180,False,HTTP_429
1573202,False,HTTP_429
1573219,False,HTTP_429
1573590,False,HTTP_429
1573612,False,HTTP_429
1573684,False,HTTP_429
1574205,False,HTTP_429
1574285,False,HTTP_429
1575126,False,HTTP_429
1575220,False,HTTP_429
1575270,False,HTTP_429
1575308,False,HTTP_429
1575358,False,HTTP_429
1575612,False,HTTP_429
1576165,False,HTTP_429
1576279,False,HTTP_429
1576340,False,HTTP_429
1576629,False,HTTP_429
1576673,False,HTTP_429
1576725,False,HTTP_429
1576833,False,HTTP_429
1577389,False,HTTP_429
1577520,False,HTTP_429
1577628,False,HTTP_429
1577707,False,HTTP_429
1577755,False,HTTP_429
1577756,False,HTTP_429
1577806,False,HTTP_429
1577845,False,HTTP_429
1578853,False,HTTP_429
1578858,False,HTTP_429
1579304,False,HTTP_429
1579442,False,HTTP_429
1579549,False,HTTP_429
1579839,False,HTTP_429
1580260,False,HTTP_429
1580370,False,HTTP_429
1580562,False,HTTP_429
1580837,False,HTTP_429
1581038,False,HTTP_429
1581049,False,HTTP_429
1581260,False,HTTP_429
1582237,False,HTTP_429
1582408,False,HTTP_429
1582812,False,HTTP_429
1582981,False,HTTP_429
1582983,False,HTTP_429
1582991,False,HTTP_429
1582995,False,HTTP_429
1583016,False,HTTP_429
1583162,False,HTTP_429
1585800,False,HTTP_429
1587022,False,HTTP_429
1587323,False,HTTP_429
1589325,False,HTTP_429
1589406,False,HTTP_429
1589851,False,HTTP_429
1590051,False,HTTP_429
1590325,False,HTTP_429
1590331,False,HTTP_429
1590365,False,HTTP_429
1590368,False,HTTP_429
1590591,False,HTTP_429
1590967,False,HTTP_429
1591013,False,HTTP_429
1591430,False,HTTP_429
1592286,False,HTTP_429
1592462,False,HTTP_429
1592592,False,HTTP_429
1592676,False,HTTP_429
1593096,False,HTTP_429
1594433,False,HTTP_429
1594450,False,HTTP_429
1594456,False,HTTP_429
1594469,False,HTTP_429
1594693,False,HTTP_429
1594798,False,NOT_XLSX_ZIP
1594963,False,NOT_XLSX_ZIP
1595406,False,NOT_XLSX_ZIP
1595752,False,HTTP_429
1595777,False,HTTP_429
1595805,False,HTTP_429
1595809,False,HTTP_429
1596316,False,HTTP_429
1596355,False,HTTP_429
1596568,False,HTTP_429
1596687,False,HTTP_429
1596939,False,HTTP_429
1596958,False,HTTP_429
1596963,False,HTTP_429
1597282,False,HTTP_429
1597820,False,HTTP_429
1598023,False,HTTP_429
1598053,False,HTTP_429
1598185,False,HTTP_429
1598380,False,HTTP_429
1598404,False,HTTP_429
1598409,False,HTTP_429
1598581,False,HTTP_429
1598692,False,HTTP_429
1598761,False,HTTP_429
1598915,False,HTTP_429
1599016,False,HTTP_429
1599833,False,HTTP_429
1600040,False,HTTP_429
1600041,False,HTTP_429
1600774,False,HTTP_429
1600847,False,HTTP_429
1600862,False,HTTP_429
1601205,False,HTTP_429
1601357,False,HTTP_429
1601407,False,HTTP_429
1601470,False,HTTP_429
1602139,False,HTTP_429
1602349,False,HTTP_429
1602781,False,HTTP_429
1602814,False,HTTP_429
1602822,False,HTTP_429
1602857,False,HTTP_429
1603021,False,HTTP_429
1603068,False,HTTP_429
1603304,False,HTTP_429
1603872,False,HTTP_429
1604089,False,HTTP_429
1604404,False,HTTP_429
1605088,False,HTTP_429
1605654,False,HTTP_429
1606141,False,HTTP_429
1606436,False,HTTP_429
1606642,False,HTTP_429
1606779,False,HTTP_429
1607014,False,HTTP_429
1607023,False,HTTP_429
1607067,False,HTTP_429
1607068,False,HTTP_429
1607530,False,HTTP_429
1607569,False,HTTP_429
1607691,False,HTTP_429
1607865,False,HTTP_429
1607901,False,HTTP_429
1608016,False,HTTP_429
1608216,False,HTTP_429
1608261,False,HTTP_429
1608272,False,HTTP_429
1608719,False,HTTP_429
1609227,False,HTTP_429
1610042,False,HTTP_429
1610169,False,HTTP_429
1610171,False,HTTP_429
1610850,False,HTTP_429
1610874,False,HTTP_429
1612055,False,HTTP_429
1612219,False,HTTP_429
1612739,False,HTTP_429
1612805,False,HTTP_429
1613110,False,HTTP_429
1613299,False,HTTP_429
1613469,False,HTTP_429
1613885,False,HTTP_429
1614941,False,HTTP_429
1615088,False,HTTP_429
1615396,False,HTTP_429
1615928,False,HTTP_429
1616101,False,HTTP_429
1616567,False,HTTP_429
1617170,False,HTTP_429
1617424,False,HTTP_429
1617530,False,HTTP_429
1617778,False,HTTP_429
1617819,False,HTTP_429
1618075,False,HTTP_429
1618146,False,HTTP_429
1618575,False,HTTP_429
1618737,False,HTTP_429
1619526,False,HTTP_429
1619643,False,HTTP_429
1619813,False,HTTP_429
1619896,False,HTTP_429
1621120,False,HTTP_429
1622148,False,HTTP_429
1622679,False,HTTP_429
1622735,False,HTTP_429
1622784,False,HTTP_429
1623302,False,HTTP_429
1623304,False,HTTP_429
1623404,False,HTTP_429
1624132,False,HTTP_429
1624193,False,HTTP_429
1627416,False,HTTP_429
1628718,False,HTTP_429
1632790,False,HTTP_429
1633371,False,HTTP_429
1633768,False,HTTP_429
1634271,False,HTTP_429
1634985,False,HTTP_429
1635133,False,HTTP_429
1635210,False,HTTP_429
1635523,False,HTTP_429
1635844,False,HTTP_429
1636752,False,HTTP_429
1636766,False,HTTP_429
1638000,False,HTTP_429
1638001,False,HTTP_429
1638970,False,HTTP_429
1639071,False,HTTP_429
1639734,False,HTTP_429
1639740,False,HTTP_429
1639871,False,HTTP_429
1639872,False,HTTP_429
1639873,False,HTTP_429
1641660,False,HTTP_429
1642637,False,HTTP_429
1642697,False,HTTP_429
1643702,False,HTTP_429
1643990,False,HTTP_429
1644470,False,HTTP_429
1645607,False,HTTP_429
1645625,False,HTTP_429
1646542,False,HTTP_429
1648213,False,HTTP_429
1650604,False,HTTP_429
1651300,False,HTTP_429
1653504,False,HTTP_429
1653656,False,HTTP_429
1654175,False,HTTP_429
1654560,False,HTTP_429
1654680,False,HTTP_429
1655191,False,HTTP_429
1655506,False,HTTP_429
1655601,False,HTTP_429
1656455,False,HTTP_429
1656680,False,HTTP_429
1657500,False,HTTP_429
1658176,False,HTTP_429
1658689,False,HTTP_429
1661245,False,HTTP_429
1661783,False,HTTP_429
1663784,False,HTTP_429
1664212,False,HTTP_429
1664867,False,HTTP_429
1664976,False,HTTP_429
1666699,False,HTTP_429
1667913,False,HTTP_429
1667943,False,HTTP_429
1668262,False,HTTP_429
1668305,False,HTTP_429
1669662,False,HTTP_429
1670023,False,HTTP_429
1670550,False,HTTP_429
1670572,False,HTTP_429
1671678,False,HTTP_429
1672585,False,HTTP_429
1672991,False,HTTP_429
1674751,False,HTTP_429
