event_id,event_type,tickers,scopes,official_detail_captured,official_detail_sha256,taxonomy_field_count,vendor_corroboration_present,status,risk_released,reason_codes,shadow_signal_allowed
1503897,MERGER,TAVHL,historical,True,04fd9bc12a026dcce35c8e89b45c9c5653e515180bc62570717c7bdde81b0054,0,False,UNRESOLVED_OFFICIAL_DETAIL_INSUFFICIENT,False,OFFICIAL_DETAIL_INSUFFICIENT_FOR_ECONOMIC_RESOLUTION,False
1504820,CAPITAL_INCREASE,BTCIM,historical,True,fb392867f1de7ea658e3952213db5070aed86b8db26c72185486d62fc7f7fc08,0,False,UNRESOLVED_OFFICIAL_DETAIL_INSUFFICIENT,False,OFFICIAL_DETAIL_INSUFFICIENT_FOR_ECONOMIC_RESOLUTION,False
1505186,CAPITAL_INCREASE,ANSGR|TSKB,historical,True,40552cd0fb2ba4943cd15f2676b28dd2d66ebcbf29cb1051ba40b5bb72432171,0,False,UNRESOLVED_OFFICIAL_DETAIL_INSUFFICIENT,False,OFFICIAL_DETAIL_INSUFFICIENT_FOR_ECONOMIC_RESOLUTION,False
1507412,RIGHTS_ISSUE_DISCLOSURE,KORDS,historical,True,cdc4f7028945c5ccf9f16f3efc796d87b1bff80059bb9b678087ef52d7db2601,7,False,UNRESOLVED_OFFICIAL_DETAIL_INSUFFICIENT,False,OFFICIAL_DETAIL_INSUFFICIENT_FOR_ECONOMIC_RESOLUTION,False
1507463,CAPITAL_INCREASE,ANSGR|TSKB,historical,True,5df35da9258d8066627a9c0d3f35c42174ff1c1400836bae601b4ffcd6e177b4,0,False,UNRESOLVED_OFFICIAL_DETAIL_INSUFFICIENT,False,OFFICIAL_DETAIL_INSUFFICIENT_FOR_ECONOMIC_RESOLUTION,False
1507550,DIVIDEND_PROCESS_DISCLOSURE,TRMET,historical,True,1d879148d9258395b51719c9590db453abd82ed2258f9afc32ecc7577342a2b9,0,False,UNRESOLVED_OFFICIAL_DETAIL_INSUFFICIENT,False,OFFICIAL_DETAIL_INSUFFICIENT_FOR_ECONOMIC_RESOLUTION,False
1507559,DIVIDEND_PROCESS_DISCLOSURE,TRENJ,historical,True,7f377f44081112e636aa1de26b3666241543cf0df4b9273b2b2caa5cc3b2c3b4,0,False,UNRESOLVED_OFFICIAL_DETAIL_INSUFFICIENT,False,OFFICIAL_DETAIL_INSUFFICIENT_FOR_ECONOMIC_RESOLUTION,False
1507659,MERGER,TAVHL,historical,True,f33a7c86c3403d894d063e461b081c245f261c8f35f8ae1aee9145dbd342d0d8,0,False,UNRESOLVED_OFFICIAL_DETAIL_INSUFFICIENT,False,OFFICIAL_DETAIL_INSUFFICIENT_FOR_ECONOMIC_RESOLUTION,False
1507942,DIVIDEND_PROCESS_DISCLOSURE,TRALT,historical,True,3f9504b9334de0a1da36354ae014476dad2770dbcd85fdd7f769932767586984,0,False,UNRESOLVED_OFFICIAL_DETAIL_INSUFFICIENT,False,OFFICIAL_DETAIL_INSUFFICIENT_FOR_ECONOMIC_RESOLUTION,False
1507950,CAPITAL_INCREASE,ANSGR|ISMEN|TSKB,historical,True,d8e6dec46fefd0c6ece673436ac510b741bbed19dedf2941b7e463cae1c35e39,0,False,UNRESOLVED_OFFICIAL_DETAIL_INSUFFICIENT,False,OFFICIAL_DETAIL_INSUFFICIENT_FOR_ECONOMIC_RESOLUTION,False
1507966,CAPITAL_INCREASE,FENER,historical,True,2d86bc9ac9cf0cb39eae63b233c382c98baea88afa7db112bfcda64fef3065b2,7,False,UNRESOLVED_OFFICIAL_DETAIL_INSUFFICIENT,False,OFFICIAL_DETAIL_INSUFFICIENT_FOR_ECONOMIC_RESOLUTION,False
1507969,CAPITAL_INCREASE,ANSGR|ISMEN|TSKB,historical,True,1462f7d50fdcd6c4e5e454920b362fdf1009e4b8944c0080155246426e569b4e,0,False,UNRESOLVED_OFFICIAL_DETAIL_INSUFFICIENT,False,OFFICIAL_DETAIL_INSUFFICIENT_FOR_ECONOMIC_RESOLUTION,False
1508282,MERGER,TAVHL,historical,True,fd1aa0560799813dfebe3e9357e97b7cb9ca9485310a8db6f3a92c197529a864,0,False,UNRESOLVED_OFFICIAL_DETAIL_INSUFFICIENT,False,OFFICIAL_DETAIL_INSUFFICIENT_FOR_ECONOMIC_RESOLUTION,False
1508478,MERGER,TOASO,historical,True,f53a32873ffcb022ed7defc5b1480320d519b939c94138b9cbbbf8e116899d55,0,False,UNRESOLVED_OFFICIAL_DETAIL_INSUFFICIENT,False,OFFICIAL_DETAIL_INSUFFICIENT_FOR_ECONOMIC_RESOLUTION,False
1509356,DIVIDEND_PROCESS_DISCLOSURE,FROTO,historical,True,bfc0d3a4bf3be5a3fce635919962506d3d1f9d5f7209821bc692985f1335e18e,0,True,VENDOR_CORROBORATED_ONLY,False,VENDOR_CORROBORATION_CANNOT_RESOLVE_ALONE,False
1509847,CAPITAL_INCREASE,ANSGR|ISMEN|TSKB,historical,True,d38781e59adee7a4865218634f0cec7adb5577f245d27a3a577876e6d5e87aa7,0,False,UNRESOLVED_OFFICIAL_DETAIL_INSUFFICIENT,False,OFFICIAL_DETAIL_INSUFFICIENT_FOR_ECONOMIC_RESOLUTION,False
1510035,BONUS_ISSUE_DISCLOSURE,RYSAS,historical,True,b84233ed93221c560d5104825f614ab0234ad59a510b4314ca6191c747f9defd,0,False,UNRESOLVED_OFFICIAL_DETAIL_INSUFFICIENT,False,OFFICIAL_DETAIL_INSUFFICIENT_FOR_ECONOMIC_RESOLUTION,False
1510036,BONUS_ISSUE_DISCLOSURE,RYSAS,historical,True,a23cfaeae5675612d8b2eeed837d742f4dd8d05d983e90ce65021ed5493436d8,7,False,UNRESOLVED_OFFICIAL_DETAIL_INSUFFICIENT,False,OFFICIAL_DETAIL_INSUFFICIENT_FOR_ECONOMIC_RESOLUTION,False
1510037,CAPITAL_INCREASE,RYSAS,historical,True,5e19d8f2917f2b2ab9aa7d21f950d09276f4e4ea0bf575234794695afee562ff,7,False,UNRESOLVED_OFFICIAL_DETAIL_INSUFFICIENT,False,OFFICIAL_DETAIL_INSUFFICIENT_FOR_ECONOMIC_RESOLUTION,False
1510177,MERGER,TOASO,historical,True,92d72ee70fdd1fbe8bc48100ac4bf58c8b1e2e4481b63ada8c9aa9da47ffdd35,0,False,UNRESOLVED_OFFICIAL_DETAIL_INSUFFICIENT,False,OFFICIAL_DETAIL_INSUFFICIENT_FOR_ECONOMIC_RESOLUTION,False
1510232,BONUS_ISSUE_DISCLOSURE,CWENE,historical,True,640bac576be7f89b969b895762c3b771ac4f25c6e53e969e80b4f787cc39bac0,0,True,VENDOR_CORROBORATED_ONLY,False,VENDOR_CORROBORATION_CANNOT_RESOLVE_ALONE,False
1510385,BONUS_ISSUE_DISCLOSURE,RYSAS,historical,True,8445a5d97b0aca3cf8b900b079b8285d0f5fc797a9c4e514db34e6d291e64b7d,0,False,UNRESOLVED_OFFICIAL_DETAIL_INSUFFICIENT,False,OFFICIAL_DETAIL_INSUFFICIENT_FOR_ECONOMIC_RESOLUTION,False
1510761,BONUS_ISSUE_DISCLOSURE,CWENE,historical,True,0ebec2987d855933b58434ace3182afcb93e95fd7ea11882b3ba74df7ab6c797,0,False,UNRESOLVED_OFFICIAL_DETAIL_INSUFFICIENT,False,OFFICIAL_DETAIL_INSUFFICIENT_FOR_ECONOMIC_RESOLUTION,False
1511318,MERGER,RGYAS,historical,True,25023032f3838b39ef7516ee4a8830a8b1763681385e32f5061196a738ab57ce,0,False,UNRESOLVED_OFFICIAL_DETAIL_INSUFFICIENT,False,OFFICIAL_DETAIL_INSUFFICIENT_FOR_ECONOMIC_RESOLUTION,False
1511588,CAPITAL_INCREASE,CVKMD,historical,True,4c5a964424cace529a279798e1f07c26ab725194e73e660ccf992175cca3bbed,7,False,UNRESOLVED_OFFICIAL_DETAIL_INSUFFICIENT,False,OFFICIAL_DETAIL_INSUFFICIENT_FOR_ECONOMIC_RESOLUTION,False
1514402,BONUS_ISSUE_DISCLOSURE,CWENE,historical,True,97702901249817057d1eb0724984b46b5b1768fe30ce79ae5c50eee15bcc471f,0,True,VENDOR_CORROBORATED_ONLY,False,VENDOR_CORROBORATION_CANNOT_RESOLVE_ALONE,False
1515682,DIVIDEND_PROCESS_DISCLOSURE,CANTE,historical,True,5a3e5160edc42d63cef7756287d1f6d8039f19d35cb2ac46a9dda451e341324c,0,False,UNRESOLVED_OFFICIAL_DETAIL_INSUFFICIENT,False,OFFICIAL_DETAIL_INSUFFICIENT_FOR_ECONOMIC_RESOLUTION,False
1516306,BONUS_ISSUE_DISCLOSURE,OBAMS,historical,True,2f16ada8b70b088b3ec8a8af96fd06d60b5781eb564786c43c526f25b749c385,0,True,VENDOR_CORROBORATED_ONLY,False,VENDOR_CORROBORATION_CANNOT_RESOLVE_ALONE,False
1516497,DIVIDEND_PROCESS_DISCLOSURE,ODAS,historical,True,6b12e73c31023501969c9bbcb41b945c7e2c5dfec204e2e2a6f7903f3b703942,0,False,UNRESOLVED_OFFICIAL_DETAIL_INSUFFICIENT,False,OFFICIAL_DETAIL_INSUFFICIENT_FOR_ECONOMIC_RESOLUTION,False
1516521,RIGHTS_ISSUE_DISCLOSURE,CANTE,historical,True,6ea6fde5495d4e26d9671d62d56fd8cd63c0ac1289bf1047ecd046073aad9417,0,False,UNRESOLVED_OFFICIAL_DETAIL_INSUFFICIENT,False,OFFICIAL_DETAIL_INSUFFICIENT_FOR_ECONOMIC_RESOLUTION,False
1516522,RIGHTS_ISSUE_DISCLOSURE,CANTE,historical,True,533cb85ba15c3998235eee48afd37d2aeb6f06ae3f2f05c8f041ccc9fedbf3ea,7,False,UNRESOLVED_OFFICIAL_DETAIL_INSUFFICIENT,False,OFFICIAL_DETAIL_INSUFFICIENT_FOR_ECONOMIC_RESOLUTION,False
1516676,CAPITAL_INCREASE,BINHO,historical,True,8060a062094aeae0d744ea656e729740fce1b9843695f590bb5cc3b0428c2c0e,7,False,UNRESOLVED_OFFICIAL_DETAIL_INSUFFICIENT,False,OFFICIAL_DETAIL_INSUFFICIENT_FOR_ECONOMIC_RESOLUTION,False
1517737,MERGER,TAVHL,historical,True,d6d52b9cb024a8eb571f88291be686323c4998f0253ccf57ff6cc77b4441f8e2,0,False,UNRESOLVED_OFFICIAL_DETAIL_INSUFFICIENT,False,OFFICIAL_DETAIL_INSUFFICIENT_FOR_ECONOMIC_RESOLUTION,False
1517877,DIVIDEND_PROCESS_DISCLOSURE,KATMR,historical,True,1d4697ae23824df054a873ae81e9dda3063c7511cbc3e5c2decb8b2ae298e667,0,False,UNRESOLVED_OFFICIAL_DETAIL_INSUFFICIENT,False,OFFICIAL_DETAIL_INSUFFICIENT_FOR_ECONOMIC_RESOLUTION,False
1517969,MERGER,TAVHL,historical,True,a7774a9b512da73b9a6ef0767c9694e05b09b59198a8722c061a6c0186ed6085,0,False,UNRESOLVED_OFFICIAL_DETAIL_INSUFFICIENT,False,OFFICIAL_DETAIL_INSUFFICIENT_FOR_ECONOMIC_RESOLUTION,False
1518300,DIVIDEND_PROCESS_DISCLOSURE,RGYAS,historical,True,9d803ba7b926ad9251b0021c3d832bf92e7e4038234592a22b1f90c426c1888f,0,True,VENDOR_CORROBORATED_ONLY,False,VENDOR_CORROBORATION_CANNOT_RESOLVE_ALONE,False
1519666,DIVIDEND_PROCESS_DISCLOSURE,GWIND,historical,True,098667a52b0846e470c36cd9d6df6b681f8a549daa24fa8a28c208eafdee09c3,0,True,VENDOR_CORROBORATED_ONLY,False,VENDOR_CORROBORATION_CANNOT_RESOLVE_ALONE,False
1520267,RIGHTS_ISSUE_DISCLOSURE,FENER,historical,True,a39f761b5365f70da1b3aedc19daa70bbec46d866b247815be319b0537461e9a,0,False,UNRESOLVED_OFFICIAL_DETAIL_INSUFFICIENT,False,OFFICIAL_DETAIL_INSUFFICIENT_FOR_ECONOMIC_RESOLUTION,False
1520268,CAPITAL_INCREASE,FENER,historical,True,75b07d1f920be84c2139a70e6e8103dd66bcd985a4c130da5c7f11c4f3fda725,7,False,UNRESOLVED_OFFICIAL_DETAIL_INSUFFICIENT,False,OFFICIAL_DETAIL_INSUFFICIENT_FOR_ECONOMIC_RESOLUTION,False
1520373,BONUS_ISSUE_DISCLOSURE,OBAMS,historical,True,8f727d2d6605521f4c06cd13d02b4357f5e23e435559f4880a03c76071392747,0,True,VENDOR_CORROBORATED_ONLY,False,VENDOR_CORROBORATION_CANNOT_RESOLVE_ALONE,False
1520603,CAPITAL_INCREASE,FENER,historical,True,c04725e2e54fd2d1a295aae21558ffa4ac2ff43434f2a4f7a2f6f33573f853e4,0,False,UNRESOLVED_OFFICIAL_DETAIL_INSUFFICIENT,False,OFFICIAL_DETAIL_INSUFFICIENT_FOR_ECONOMIC_RESOLUTION,False
1520652,MERGER,TCELL,historical,True,4945293035fdeb84ee573c17533d5b554180e923ef15162ed07046271ba6da24,0,True,VENDOR_CORROBORATED_ONLY,False,VENDOR_CORROBORATION_CANNOT_RESOLVE_ALONE,False
1520745,BONUS_ISSUE_DISCLOSURE,OBAMS,historical,True,aaaad31ea8148e168daa4a646485779dc041d87dcb713fba23a2bad7a1cc2205,0,True,VENDOR_CORROBORATED_ONLY,False,VENDOR_CORROBORATION_CANNOT_RESOLVE_ALONE,False
1520751,CAPITAL_INCREASE,OBAMS,historical,True,ba203650e125c9f3b4211fc9c8276416d5bb398cdde7358c33a5591cd932509b,0,True,VENDOR_CORROBORATED_ONLY,False,VENDOR_CORROBORATION_CANNOT_RESOLVE_ALONE,False
1520922,CAPITAL_INCREASE,FENER,historical,True,10c6e725937cd2a57d9f787033a84c023ac11086f9e8d0b0f690ab515df7d7d8,7,False,UNRESOLVED_OFFICIAL_DETAIL_INSUFFICIENT,False,OFFICIAL_DETAIL_INSUFFICIENT_FOR_ECONOMIC_RESOLUTION,False
1521070,DIVIDEND_PROCESS_DISCLOSURE,FROTO,historical,True,44fda828e86036eeeef5f3367e48b7fb2a3e2d6ff3f60ea15a01a0d2a2e0af72,0,True,VENDOR_CORROBORATED_ONLY,False,VENDOR_CORROBORATION_CANNOT_RESOLVE_ALONE,False
1522293,DIVIDEND_PROCESS_DISCLOSURE,OBAMS,historical,True,cac718c37a963bb22bde2a14677a08a1d34e7802e51d522288889f68e8547c36,0,False,UNRESOLVED_OFFICIAL_DETAIL_INSUFFICIENT,False,OFFICIAL_DETAIL_INSUFFICIENT_FOR_ECONOMIC_RESOLUTION,False
1523166,DIVIDEND_PROCESS_DISCLOSURE,CANTE,historical,True,75acf5158f599940391730fb309261734e6eaea681539d117bb0f7cd6d473e0e,0,False,UNRESOLVED_OFFICIAL_DETAIL_INSUFFICIENT,False,OFFICIAL_DETAIL_INSUFFICIENT_FOR_ECONOMIC_RESOLUTION,False
1524012,CAPITAL_INCREASE,KCHOL,historical,True,c3f5ded83c73e8740d98e7e73e53c51b86c5794b74367ccb7bd897de05283f48,0,False,UNRESOLVED_OFFICIAL_DETAIL_INSUFFICIENT,False,OFFICIAL_DETAIL_INSUFFICIENT_FOR_ECONOMIC_RESOLUTION,False
1524834,MERGER,AKSA,historical,True,d434af06d6383dbd1b9de9e8437c4e50459a2238157a2e4eabde91d0ccd7a8b7,0,False,UNRESOLVED_OFFICIAL_DETAIL_INSUFFICIENT,False,OFFICIAL_DETAIL_INSUFFICIENT_FOR_ECONOMIC_RESOLUTION,False
1525363,CAPITAL_INCREASE,KCHOL,historical,True,110e4ded2a74afe3efb9092f758ee476f2583d9186098c2bfd357076ee329b02,0,False,UNRESOLVED_OFFICIAL_DETAIL_INSUFFICIENT,False,OFFICIAL_DETAIL_INSUFFICIENT_FOR_ECONOMIC_RESOLUTION,False
1526086,CAPITAL_INCREASE,KCHOL,historical,True,fdae6bf2ac7ab23d46a164ad2baddcff1f07449210a762c01b8ec77cd2cdd0a0,0,False,UNRESOLVED_OFFICIAL_DETAIL_INSUFFICIENT,False,OFFICIAL_DETAIL_INSUFFICIENT_FOR_ECONOMIC_RESOLUTION,False
1526421,RIGHTS_ISSUE_DISCLOSURE,CVKMD,historical,True,2ab1147db8886bd7a76cc1d490dd8ea2360a3b5aff96fca6df16d01118f3c435,0,False,UNRESOLVED_OFFICIAL_DETAIL_INSUFFICIENT,False,OFFICIAL_DETAIL_INSUFFICIENT_FOR_ECONOMIC_RESOLUTION,False
1526422,RIGHTS_ISSUE_DISCLOSURE,CVKMD,historical,True,9c02f19268f39369c26ddf50806b9ef20d7566cc0bf84d175ca2b09fababd541,7,False,UNRESOLVED_OFFICIAL_DETAIL_INSUFFICIENT,False,OFFICIAL_DETAIL_INSUFFICIENT_FOR_ECONOMIC_RESOLUTION,False
1526423,RIGHTS_ISSUE_DISCLOSURE,CVKMD,historical,True,fa15ee16f453b762a9628e63e028b1d46380f3dba5878cfb71f52468f0b2231d,0,False,UNRESOLVED_OFFICIAL_DETAIL_INSUFFICIENT,False,OFFICIAL_DETAIL_INSUFFICIENT_FOR_ECONOMIC_RESOLUTION,False
1526424,RIGHTS_ISSUE_DISCLOSURE,CVKMD,historical,True,afc000ab030fcd4ed4f5a2ab0322da7b9a6cafe0976661b4dc8cb738478ea6b0,7,False,UNRESOLVED_OFFICIAL_DETAIL_INSUFFICIENT,False,OFFICIAL_DETAIL_INSUFFICIENT_FOR_ECONOMIC_RESOLUTION,False
1526531,DIVIDEND_PROCESS_DISCLOSURE,RGYAS,historical,True,814f50aaee420fe7afd7d3ebdb823aa90b9b066015e8db6dc62d997bf5b6a6c4,0,True,VENDOR_CORROBORATED_ONLY,False,VENDOR_CORROBORATION_CANNOT_RESOLVE_ALONE,False
1526923,DEMERGER,ASTOR,historical,True,c9c9db02c241cf21392c08b22233e8b569404a876b7f6bd9d91b2bc4ba1004d8,0,False,UNRESOLVED_OFFICIAL_DETAIL_INSUFFICIENT,False,OFFICIAL_DETAIL_INSUFFICIENT_FOR_ECONOMIC_RESOLUTION,False
1527351,DIVIDEND_PROCESS_DISCLOSURE,RGYAS,historical,True,5da897472db14c848b8cc0d8547c2873f8e17da6e92f3029fb3afc913f1467ba,0,True,VENDOR_CORROBORATED_ONLY,False,VENDOR_CORROBORATION_CANNOT_RESOLVE_ALONE,False
1527434,DIVIDEND_PROCESS_DISCLOSURE,ODAS,historical,True,a5cea694d2ea07f08bdfa0c8a563340c05fed38fe57fdc45b9bd4cd46416f237,0,False,UNRESOLVED_OFFICIAL_DETAIL_INSUFFICIENT,False,OFFICIAL_DETAIL_INSUFFICIENT_FOR_ECONOMIC_RESOLUTION,False
1527530,CAPITAL_INCREASE,KCHOL,historical,True,73d19694c5c9e416c69116e86716b217216e8ffe189735b22a6f9787f134b657,0,False,UNRESOLVED_OFFICIAL_DETAIL_INSUFFICIENT,False,OFFICIAL_DETAIL_INSUFFICIENT_FOR_ECONOMIC_RESOLUTION,False
1527959,BONUS_ISSUE_DISCLOSURE,ALTNY,historical,True,95b3d5ec6d97c6052f938ccdf18947e6be511d6c15c99a6885b4e870466a66f5,0,True,VENDOR_CORROBORATED_ONLY,False,VENDOR_CORROBORATION_CANNOT_RESOLVE_ALONE,False
1527986,DEMERGER,ASTOR,historical,True,2e33f3aad7dd3361dcd3a5ecc400f62f070862bc730d54fa58871f3287a7f08e,0,False,UNRESOLVED_OFFICIAL_DETAIL_INSUFFICIENT,False,OFFICIAL_DETAIL_INSUFFICIENT_FOR_ECONOMIC_RESOLUTION,False
1528725,CAPITAL_INCREASE,KCHOL,historical,True,3ae3157a07ec5bae5432ad67cec635d1bdf1a3340a6a6175f87e85785f9718dc,0,False,UNRESOLVED_OFFICIAL_DETAIL_INSUFFICIENT,False,OFFICIAL_DETAIL_INSUFFICIENT_FOR_ECONOMIC_RESOLUTION,False
1529740,BONUS_ISSUE_DISCLOSURE,ALTNY,historical,True,c735490e6b904c2d630e440501d30aa92d7f8a145fd3f1914f33ed65049bb89d,7,True,VENDOR_CORROBORATED_ONLY,False,VENDOR_CORROBORATION_CANNOT_RESOLVE_ALONE,False
1529741,BONUS_ISSUE_DISCLOSURE,ALTNY,historical,True,2ca5908a09fc42f57cdd67febfd97666768fb8b0576cd2722ac76d1c09389591,0,True,VENDOR_CORROBORATED_ONLY,False,VENDOR_CORROBORATION_CANNOT_RESOLVE_ALONE,False
1529797,MERGER,AKSA,historical,True,731541f6b608e59f86c416bf7e9d058aa81328bfa552495c9b136cfe019aa2e0,0,False,UNRESOLVED_OFFICIAL_DETAIL_INSUFFICIENT,False,OFFICIAL_DETAIL_INSUFFICIENT_FOR_ECONOMIC_RESOLUTION,False
1530265,DEMERGER,ASTOR,historical,True,da3b85ec05c83120077e6340a62e8b38796d8dd105d836181190a70a6f4b9207,0,False,UNRESOLVED_OFFICIAL_DETAIL_INSUFFICIENT,False,OFFICIAL_DETAIL_INSUFFICIENT_FOR_ECONOMIC_RESOLUTION,False
1531470,RIGHTS_ISSUE_DISCLOSURE,FENER,historical,True,e328d63a9635dcdb65443cae300309423581d3acbc0cdae95b50311a778d2d64,0,False,UNRESOLVED_OFFICIAL_DETAIL_INSUFFICIENT,False,OFFICIAL_DETAIL_INSUFFICIENT_FOR_ECONOMIC_RESOLUTION,False
1531701,MERGER,TCELL,historical,True,7f603dacdaecd4f71cb00c1659b7b9c10f203374c4c38d423bcccab326b44907,0,True,VENDOR_CORROBORATED_ONLY,False,VENDOR_CORROBORATION_CANNOT_RESOLVE_ALONE,False
1531710,BONUS_ISSUE_DISCLOSURE,ALTNY,historical,True,bda42b5c41e52e1cb959889ef56c1888d5914e6ba992b7ea764054e0f77d28ea,0,True,VENDOR_CORROBORATED_ONLY,False,VENDOR_CORROBORATION_CANNOT_RESOLVE_ALONE,False
1532142,RIGHTS_ISSUE_DISCLOSURE,FENER,historical,True,24ef5f34e7cdbd89c05bacfbb715988276101103545fed84eeb53c9f57ffa4b2,7,False,UNRESOLVED_OFFICIAL_DETAIL_INSUFFICIENT,False,OFFICIAL_DETAIL_INSUFFICIENT_FOR_ECONOMIC_RESOLUTION,False
1532323,RIGHTS_ISSUE_DISCLOSURE,FENER,historical,True,6b309446a392e01425b2dfe2d4b1490c5f576ddbfed855d7b39ef1aca936c5db,0,False,UNRESOLVED_OFFICIAL_DETAIL_INSUFFICIENT,False,OFFICIAL_DETAIL_INSUFFICIENT_FOR_ECONOMIC_RESOLUTION,False
1533919,CAPITAL_INCREASE,KCHOL,historical,True,b100ca6f11efc1e124c4e4b8f3d3c892fcbcae9f2f90a61cf430128ee8544ea9,0,True,VENDOR_CORROBORATED_ONLY,False,VENDOR_CORROBORATION_CANNOT_RESOLVE_ALONE,False
1541073,MERGER,RGYAS,historical,True,373c71d3ae216cf6e1bac23f15cf9c4efe41c2b0a2892422cd818a54f53443cb,0,False,UNRESOLVED_OFFICIAL_DETAIL_INSUFFICIENT,False,OFFICIAL_DETAIL_INSUFFICIENT_FOR_ECONOMIC_RESOLUTION,False
1544330,MERGER,RGYAS,historical,True,a161bc1eba5ece89994d0dfd9762a9fd2acf6f1766d24d2ab8d40785d724d4c5,0,True,VENDOR_CORROBORATED_ONLY,False,VENDOR_CORROBORATION_CANNOT_RESOLVE_ALONE,False
1544891,CAPITAL_INCREASE,FENER,historical,True,d61066c1fd292357721c82d64c57f4946d6240c441b17055d88109ea90c842cc,0,False,UNRESOLVED_OFFICIAL_DETAIL_INSUFFICIENT,False,OFFICIAL_DETAIL_INSUFFICIENT_FOR_ECONOMIC_RESOLUTION,False
1545371,CAPITAL_INCREASE,FENER,historical,True,f8a4627fd7477112c975bcfe3d040edf43b4e1b1618f781b2227bc0f271a74ac,0,False,UNRESOLVED_OFFICIAL_DETAIL_INSUFFICIENT,False,OFFICIAL_DETAIL_INSUFFICIENT_FOR_ECONOMIC_RESOLUTION,False
1546944,CAPITAL_INCREASE,FENER,historical,True,f5b381f90215d7eacaa5ca262edf0f146bfde31fda2e28eb713316e95768ee97,0,False,UNRESOLVED_OFFICIAL_DETAIL_INSUFFICIENT,False,OFFICIAL_DETAIL_INSUFFICIENT_FOR_ECONOMIC_RESOLUTION,False
1548136,CAPITAL_INCREASE,KCHOL,historical,True,7bdf55286d39f7a37c026896be7fec4cb9eb9f0c7015815ba3271ac729db2d8c,0,False,UNRESOLVED_OFFICIAL_DETAIL_INSUFFICIENT,False,OFFICIAL_DETAIL_INSUFFICIENT_FOR_ECONOMIC_RESOLUTION,False
1549136,RIGHTS_ISSUE_DISCLOSURE,CANTE,historical,True,85c06f161f772de342a8ec56534a12987185d50133943714b9142ce917b41bc3,0,False,UNRESOLVED_OFFICIAL_DETAIL_INSUFFICIENT,False,OFFICIAL_DETAIL_INSUFFICIENT_FOR_ECONOMIC_RESOLUTION,False
1551326,CAPITAL_INCREASE,CANTE,historical,True,f375f381e956a447a28a9ec66152ca2e30eb691e49266ceb5a7aad09b9ec5f4f,0,False,UNRESOLVED_OFFICIAL_DETAIL_INSUFFICIENT,False,OFFICIAL_DETAIL_INSUFFICIENT_FOR_ECONOMIC_RESOLUTION,False
1552604,CAPITAL_INCREASE,KCHOL,historical,True,3910d2ffcc2946e70a63eaf1bb7ee84d932149125925131f4ed1538754713e82,0,True,VENDOR_CORROBORATED_ONLY,False,VENDOR_CORROBORATION_CANNOT_RESOLVE_ALONE,False
1554108,DIVIDEND_PROCESS_DISCLOSURE,TUPRS,historical,True,feafc79129121a70127cc84d4fd9a588864cf2f206f4bc69ee59d1d30edefa35,0,True,VENDOR_CORROBORATED_ONLY,False,VENDOR_CORROBORATION_CANNOT_RESOLVE_ALONE,False
1555157,DIVIDEND_PROCESS_DISCLOSURE,TTRAK,historical,True,4e341d5baf73c30fab5b80371921768949a36ab4a090028f7ed7ab385564c3f6,0,False,UNRESOLVED_OFFICIAL_DETAIL_INSUFFICIENT,False,OFFICIAL_DETAIL_INSUFFICIENT_FOR_ECONOMIC_RESOLUTION,False
1555960,DIVIDEND_PROCESS_DISCLOSURE,OTKAR,historical,True,37ab99172400e47299f945a9b60cd9c9e6c6c4b89bd164f09f2599d2049fa932,0,False,UNRESOLVED_OFFICIAL_DETAIL_INSUFFICIENT,False,OFFICIAL_DETAIL_INSUFFICIENT_FOR_ECONOMIC_RESOLUTION,False
1556573,CAPITAL_INCREASE,FENER,historical,True,888db676c33ca62f93bff25edd3400d6185466d6a6b3cca9b6d3857b43e89e87,0,False,UNRESOLVED_OFFICIAL_DETAIL_INSUFFICIENT,False,OFFICIAL_DETAIL_INSUFFICIENT_FOR_ECONOMIC_RESOLUTION,False
1556628,CAPITAL_INCREASE,ANSGR|ISMEN|TSKB,historical,True,b86dad02f8b902ca80bd8570530752f81a1371d6dbc1cb62ac6ac46edebe49f3,0,True,VENDOR_CORROBORATED_ONLY,False,VENDOR_CORROBORATION_CANNOT_RESOLVE_ALONE,False
1556665,DIVIDEND_PROCESS_DISCLOSURE,YKBNK,historical,True,2fb0a10f6d678e05c53be74241bef31aa34a5b5903cc4e9646e41814f1e03fbd,0,False,UNRESOLVED_OFFICIAL_DETAIL_INSUFFICIENT,False,OFFICIAL_DETAIL_INSUFFICIENT_FOR_ECONOMIC_RESOLUTION,False
1556705,DIVIDEND_PROCESS_DISCLOSURE,AYGAZ,historical,True,601a7fdcbccea0d017f60aa171c1ee59f458335510300e20fc554652dd529f0b,0,True,VENDOR_CORROBORATED_ONLY,False,VENDOR_CORROBORATION_CANNOT_RESOLVE_ALONE,False
1557060,DIVIDEND_PROCESS_DISCLOSURE,FROTO,historical,True,c9978bd0e8c9ebe500bd35baa9f7899a0d7bbdaade948641b6f988110277d95c,0,True,VENDOR_CORROBORATED_ONLY,False,VENDOR_CORROBORATION_CANNOT_RESOLVE_ALONE,False
1557935,DIVIDEND_PROCESS_DISCLOSURE,TOASO,historical,True,d3d1c5569b39f2e99c8a40cec16e21bb302985762a091694e3afeef84936b52e,0,True,VENDOR_CORROBORATED_ONLY,False,VENDOR_CORROBORATION_CANNOT_RESOLVE_ALONE,False
1558033,DIVIDEND_PROCESS_DISCLOSURE,TAVHL,historical,True,8349655d965807edbab9162fe4f8da32235b1985ee7ca19b753696802bfb9605,0,False,UNRESOLVED_OFFICIAL_DETAIL_INSUFFICIENT,False,OFFICIAL_DETAIL_INSUFFICIENT_FOR_ECONOMIC_RESOLUTION,False
1558207,RIGHTS_ISSUE_DISCLOSURE,CANTE,historical,True,9a4f8df02b7d383a86507ce7bce14d07a13d1a9e2ee6690d17d8b216ffbe84d4,0,False,UNRESOLVED_OFFICIAL_DETAIL_INSUFFICIENT,False,OFFICIAL_DETAIL_INSUFFICIENT_FOR_ECONOMIC_RESOLUTION,False
1558674,DIVIDEND_PROCESS_DISCLOSURE,ARCLK,historical,True,126a274e639cc5f0e96187ec42e8694ab8d3317d28081e12038b74f54781d02e,0,False,UNRESOLVED_OFFICIAL_DETAIL_INSUFFICIENT,False,OFFICIAL_DETAIL_INSUFFICIENT_FOR_ECONOMIC_RESOLUTION,False
1559061,CAPITAL_INCREASE,CANTE,historical,True,993df0d40ab267ce39d4cb51af5ab7578ad197c16a935f429068bd35c1887fab,0,False,UNRESOLVED_OFFICIAL_DETAIL_INSUFFICIENT,False,OFFICIAL_DETAIL_INSUFFICIENT_FOR_ECONOMIC_RESOLUTION,False
1559307,DIVIDEND_PROCESS_DISCLOSURE,KCHOL,historical,True,768367daaec64c5cb78727d627e456ad40c4361a804824b8bc6b5153283ee322,0,True,VENDOR_CORROBORATED_ONLY,False,VENDOR_CORROBORATION_CANNOT_RESOLVE_ALONE,False
1559426,DIVIDEND_PROCESS_DISCLOSURE,AKSA,historical,True,f2322eae96c16ddb6e3ed8158da94858dbb9dbaa83bc41d5d5cb442da807e23d,0,True,VENDOR_CORROBORATED_ONLY,False,VENDOR_CORROBORATION_CANNOT_RESOLVE_ALONE,False
1560075,BONUS_ISSUE_DISCLOSURE,BIMAS,historical,True,ab612d0eae44a7b96de4050a54af93b0be539928474a1312544f64ab3b45bef0,0,False,UNRESOLVED_OFFICIAL_DETAIL_INSUFFICIENT,False,OFFICIAL_DETAIL_INSUFFICIENT_FOR_ECONOMIC_RESOLUTION,False
1560076,BONUS_ISSUE_DISCLOSURE,BIMAS,historical,True,9a4f7cc1eb2d962d06f212902c5ff8bbdae24c3a25dc75b9c53060ab2557f250,8,False,UNRESOLVED_OFFICIAL_DETAIL_INSUFFICIENT,False,OFFICIAL_DETAIL_INSUFFICIENT_FOR_ECONOMIC_RESOLUTION,False
1561151,BONUS_ISSUE_DISCLOSURE,BIMAS,historical,False,,0,False,UNRESOLVED_OFFICIAL_DETAIL_MISSING,False,OFFICIAL_DETAIL_NOT_CAPTURED,False
1561178,DIVIDEND_PROCESS_DISCLOSURE,AKBNK,historical,False,,0,True,UNRESOLVED_OFFICIAL_DETAIL_MISSING,False,OFFICIAL_DETAIL_NOT_CAPTURED,False
1561582,DIVIDEND_PROCESS_DISCLOSURE,ISCTR,historical,False,,0,True,UNRESOLVED_OFFICIAL_DETAIL_MISSING,False,OFFICIAL_DETAIL_NOT_CAPTURED,False
1561880,CAPITAL_INCREASE,CANTE,historical,False,,0,False,UNRESOLVED_OFFICIAL_DETAIL_MISSING,False,OFFICIAL_DETAIL_NOT_CAPTURED,False
1562103,DIVIDEND_PROCESS_DISCLOSURE,TSKB,historical,False,,0,True,UNRESOLVED_OFFICIAL_DETAIL_MISSING,False,OFFICIAL_DETAIL_NOT_CAPTURED,False
1562167,DIVIDEND_PROCESS_DISCLOSURE,CIMSA,historical,False,,0,True,UNRESOLVED_OFFICIAL_DETAIL_MISSING,False,OFFICIAL_DETAIL_NOT_CAPTURED,False
1562305,DIVIDEND_PROCESS_DISCLOSURE,ANSGR,historical,False,,0,True,UNRESOLVED_OFFICIAL_DETAIL_MISSING,False,OFFICIAL_DETAIL_NOT_CAPTURED,False
1562476,DEMERGER,ASTOR,historical,False,,0,False,UNRESOLVED_OFFICIAL_DETAIL_MISSING,False,OFFICIAL_DETAIL_NOT_CAPTURED,False
1562892,DIVIDEND_PROCESS_DISCLOSURE,ANHYT,historical,False,,0,True,UNRESOLVED_OFFICIAL_DETAIL_MISSING,False,OFFICIAL_DETAIL_NOT_CAPTURED,False
1563114,DIVIDEND_PROCESS_DISCLOSURE,DOAS,historical,False,,0,True,UNRESOLVED_OFFICIAL_DETAIL_MISSING,False,OFFICIAL_DETAIL_NOT_CAPTURED,False
1563131,DIVIDEND_PROCESS_DISCLOSURE,KORDS,historical,False,,0,False,UNRESOLVED_OFFICIAL_DETAIL_MISSING,False,OFFICIAL_DETAIL_NOT_CAPTURED,False
1563204,MERGER,BTCIM,historical,False,,0,False,UNRESOLVED_OFFICIAL_DETAIL_MISSING,False,OFFICIAL_DETAIL_NOT_CAPTURED,False
1563267,MERGER,BTCIM,historical,False,,0,False,UNRESOLVED_OFFICIAL_DETAIL_MISSING,False,OFFICIAL_DETAIL_NOT_CAPTURED,False
1564412,DIVIDEND_PROCESS_DISCLOSURE,ENJSA,historical,False,,0,False,UNRESOLVED_OFFICIAL_DETAIL_MISSING,False,OFFICIAL_DETAIL_NOT_CAPTURED,False
1564604,DIVIDEND_PROCESS_DISCLOSURE,EGEEN,historical,False,,0,False,UNRESOLVED_OFFICIAL_DETAIL_MISSING,False,OFFICIAL_DETAIL_NOT_CAPTURED,False
1565148,DIVIDEND_PROCESS_DISCLOSURE,ISDMR,historical,False,,0,False,UNRESOLVED_OFFICIAL_DETAIL_MISSING,False,OFFICIAL_DETAIL_NOT_CAPTURED,False
1565152,DIVIDEND_PROCESS_DISCLOSURE,EREGL,historical,False,,0,False,UNRESOLVED_OFFICIAL_DETAIL_MISSING,False,OFFICIAL_DETAIL_NOT_CAPTURED,False
1565239,DIVIDEND_PROCESS_DISCLOSURE,CCOLA,historical,False,,0,False,UNRESOLVED_OFFICIAL_DETAIL_MISSING,False,OFFICIAL_DETAIL_NOT_CAPTURED,False
1566022,DIVIDEND_PROCESS_DISCLOSURE,SAHOL,historical,False,,0,True,UNRESOLVED_OFFICIAL_DETAIL_MISSING,False,OFFICIAL_DETAIL_NOT_CAPTURED,False
1566043,DIVIDEND_PROCESS_DISCLOSURE,SISE,historical,False,,0,True,UNRESOLVED_OFFICIAL_DETAIL_MISSING,False,OFFICIAL_DETAIL_NOT_CAPTURED,False
1566045,DIVIDEND_PROCESS_DISCLOSURE,GARAN,historical,False,,0,True,UNRESOLVED_OFFICIAL_DETAIL_MISSING,False,OFFICIAL_DETAIL_NOT_CAPTURED,False
1566093,DIVIDEND_PROCESS_DISCLOSURE,PGSUS,historical,False,,0,True,UNRESOLVED_OFFICIAL_DETAIL_MISSING,False,OFFICIAL_DETAIL_NOT_CAPTURED,False
1566290,CAPITAL_INCREASE,KORDS,historical,False,,0,False,UNRESOLVED_OFFICIAL_DETAIL_MISSING,False,OFFICIAL_DETAIL_NOT_CAPTURED,False
1566493,DIVIDEND_PROCESS_DISCLOSURE,ENKAI,historical,False,,0,True,UNRESOLVED_OFFICIAL_DETAIL_MISSING,False,OFFICIAL_DETAIL_NOT_CAPTURED,False
1566638,DIVIDEND_PROCESS_DISCLOSURE,SISE,historical,False,,0,True,UNRESOLVED_OFFICIAL_DETAIL_MISSING,False,OFFICIAL_DETAIL_NOT_CAPTURED,False
1566774,DIVIDEND_PROCESS_DISCLOSURE,ISMEN,historical,False,,0,True,UNRESOLVED_OFFICIAL_DETAIL_MISSING,False,OFFICIAL_DETAIL_NOT_CAPTURED,False
1566784,DIVIDEND_PROCESS_DISCLOSURE,AEFES,historical,False,,0,True,UNRESOLVED_OFFICIAL_DETAIL_MISSING,False,OFFICIAL_DETAIL_NOT_CAPTURED,False
1566788,DIVIDEND_PROCESS_DISCLOSURE,AKSA,historical,False,,0,True,UNRESOLVED_OFFICIAL_DETAIL_MISSING,False,OFFICIAL_DETAIL_NOT_CAPTURED,False
1566863,MERGER,BTCIM,historical,False,,0,True,UNRESOLVED_OFFICIAL_DETAIL_MISSING,False,OFFICIAL_DETAIL_NOT_CAPTURED,False
1567718,DIVIDEND_PROCESS_DISCLOSURE,OYAKC,historical,False,,0,True,UNRESOLVED_OFFICIAL_DETAIL_MISSING,False,OFFICIAL_DETAIL_NOT_CAPTURED,False
1567861,DIVIDEND_PROCESS_DISCLOSURE,EKGYO,historical,False,,0,True,UNRESOLVED_OFFICIAL_DETAIL_MISSING,False,OFFICIAL_DETAIL_NOT_CAPTURED,False
1569063,DIVIDEND_PROCESS_DISCLOSURE,GWIND,historical,False,,0,False,UNRESOLVED_OFFICIAL_DETAIL_MISSING,False,OFFICIAL_DETAIL_NOT_CAPTURED,False
1569214,DIVIDEND_PROCESS_DISCLOSURE,TTRAK,historical,False,,0,False,UNRESOLVED_OFFICIAL_DETAIL_MISSING,False,OFFICIAL_DETAIL_NOT_CAPTURED,False
1569957,DIVIDEND_PROCESS_DISCLOSURE,OTKAR,historical,False,,0,False,UNRESOLVED_OFFICIAL_DETAIL_MISSING,False,OFFICIAL_DETAIL_NOT_CAPTURED,False
1570111,DIVIDEND_PROCESS_DISCLOSURE,BRYAT,historical,False,,0,False,UNRESOLVED_OFFICIAL_DETAIL_MISSING,False,OFFICIAL_DETAIL_NOT_CAPTURED,False
1570775,DIVIDEND_PROCESS_DISCLOSURE,AYGAZ,historical,False,,0,False,UNRESOLVED_OFFICIAL_DETAIL_MISSING,False,OFFICIAL_DETAIL_NOT_CAPTURED,False
1570793,DIVIDEND_PROCESS_DISCLOSURE,TUPRS,historical,False,,0,True,UNRESOLVED_OFFICIAL_DETAIL_MISSING,False,OFFICIAL_DETAIL_NOT_CAPTURED,False
1571600,DIVIDEND_PROCESS_DISCLOSURE,FROTO,historical,False,,0,False,UNRESOLVED_OFFICIAL_DETAIL_MISSING,False,OFFICIAL_DETAIL_NOT_CAPTURED,False
1571924,DIVIDEND_PROCESS_DISCLOSURE,TCKRC,historical,False,,0,False,UNRESOLVED_OFFICIAL_DETAIL_MISSING,False,OFFICIAL_DETAIL_NOT_CAPTURED,False
1571936,DIVIDEND_PROCESS_DISCLOSURE,VAKBN,historical,False,,0,False,UNRESOLVED_OFFICIAL_DETAIL_MISSING,False,OFFICIAL_DETAIL_NOT_CAPTURED,False
1571946,DIVIDEND_PROCESS_DISCLOSURE,HALKB,historical,False,,0,False,UNRESOLVED_OFFICIAL_DETAIL_MISSING,False,OFFICIAL_DETAIL_NOT_CAPTURED,False
1572009,DIVIDEND_PROCESS_DISCLOSURE,YKBNK,historical,False,,0,False,UNRESOLVED_OFFICIAL_DETAIL_MISSING,False,OFFICIAL_DETAIL_NOT_CAPTURED,False
1572520,DIVIDEND_PROCESS_DISCLOSURE,TURSG,historical,False,,0,False,UNRESOLVED_OFFICIAL_DETAIL_MISSING,False,OFFICIAL_DETAIL_NOT_CAPTURED,False
1572522,DIVIDEND_PROCESS_DISCLOSURE,TTKOM,historical,False,,0,True,UNRESOLVED_OFFICIAL_DETAIL_MISSING,False,OFFICIAL_DETAIL_NOT_CAPTURED,False
1572527,BONUS_ISSUE_DISCLOSURE,TURSG,historical,False,,0,False,UNRESOLVED_OFFICIAL_DETAIL_MISSING,False,OFFICIAL_DETAIL_NOT_CAPTURED,False
1572603,DIVIDEND_PROCESS_DISCLOSURE,KRDMD,historical,False,,0,True,UNRESOLVED_OFFICIAL_DETAIL_MISSING,False,OFFICIAL_DETAIL_NOT_CAPTURED,False
1573180,DIVIDEND_PROCESS_DISCLOSURE,ALARK,historical,False,,0,True,UNRESOLVED_OFFICIAL_DETAIL_MISSING,False,OFFICIAL_DETAIL_NOT_CAPTURED,False
1573202,DIVIDEND_PROCESS_DISCLOSURE,TOASO,historical,False,,0,True,UNRESOLVED_OFFICIAL_DETAIL_MISSING,False,OFFICIAL_DETAIL_NOT_CAPTURED,False
1573219,DIVIDEND_PROCESS_DISCLOSURE,ARCLK,historical,False,,0,True,UNRESOLVED_OFFICIAL_DETAIL_MISSING,False,OFFICIAL_DETAIL_NOT_CAPTURED,False
1573590,DIVIDEND_PROCESS_DISCLOSURE,DOHOL,historical,False,,0,True,UNRESOLVED_OFFICIAL_DETAIL_MISSING,False,OFFICIAL_DETAIL_NOT_CAPTURED,False
1573612,DIVIDEND_PROCESS_DISCLOSURE,MAVI,historical,False,,0,True,UNRESOLVED_OFFICIAL_DETAIL_MISSING,False,OFFICIAL_DETAIL_NOT_CAPTURED,False
1573684,DIVIDEND_PROCESS_DISCLOSURE,TCELL,historical,False,,0,True,UNRESOLVED_OFFICIAL_DETAIL_MISSING,False,OFFICIAL_DETAIL_NOT_CAPTURED,False
1574205,DIVIDEND_PROCESS_DISCLOSURE,KCHOL,historical,False,,0,True,UNRESOLVED_OFFICIAL_DETAIL_MISSING,False,OFFICIAL_DETAIL_NOT_CAPTURED,False
1574285,DIVIDEND_PROCESS_DISCLOSURE,MGROS,historical,False,,0,True,UNRESOLVED_OFFICIAL_DETAIL_MISSING,False,OFFICIAL_DETAIL_NOT_CAPTURED,False
1575126,RIGHTS_ISSUE_DISCLOSURE,CANTE,historical,False,,0,True,UNRESOLVED_OFFICIAL_DETAIL_MISSING,False,OFFICIAL_DETAIL_NOT_CAPTURED,False
1575220,DIVIDEND_PROCESS_DISCLOSURE,AGHOL,historical,False,,0,True,UNRESOLVED_OFFICIAL_DETAIL_MISSING,False,OFFICIAL_DETAIL_NOT_CAPTURED,False
1575270,DIVIDEND_PROCESS_DISCLOSURE,AKBNK,historical,False,,0,True,UNRESOLVED_OFFICIAL_DETAIL_MISSING,False,OFFICIAL_DETAIL_NOT_CAPTURED,False
1575308,DIVIDEND_PROCESS_DISCLOSURE,ANHYT,historical,False,,0,True,UNRESOLVED_OFFICIAL_DETAIL_MISSING,False,OFFICIAL_DETAIL_NOT_CAPTURED,False
1575358,DIVIDEND_PROCESS_DISCLOSURE,ALBRK,historical,False,,0,True,UNRESOLVED_OFFICIAL_DETAIL_MISSING,False,OFFICIAL_DETAIL_NOT_CAPTURED,False
1575612,DIVIDEND_PROCESS_DISCLOSURE,ENJSA,historical,False,,0,True,UNRESOLVED_OFFICIAL_DETAIL_MISSING,False,OFFICIAL_DETAIL_NOT_CAPTURED,False
1576165,DIVIDEND_PROCESS_DISCLOSURE,EGEEN,historical,False,,0,True,UNRESOLVED_OFFICIAL_DETAIL_MISSING,False,OFFICIAL_DETAIL_NOT_CAPTURED,False
1576279,DIVIDEND_PROCESS_DISCLOSURE,DOAS,historical,False,,0,True,UNRESOLVED_OFFICIAL_DETAIL_MISSING,False,OFFICIAL_DETAIL_NOT_CAPTURED,False
1576340,DIVIDEND_PROCESS_DISCLOSURE,TSKB,historical,False,,0,True,UNRESOLVED_OFFICIAL_DETAIL_MISSING,False,OFFICIAL_DETAIL_NOT_CAPTURED,False
1576629,DIVIDEND_PROCESS_DISCLOSURE,TUKAS,historical,False,,0,True,UNRESOLVED_OFFICIAL_DETAIL_MISSING,False,OFFICIAL_DETAIL_NOT_CAPTURED,False
1576673,DIVIDEND_PROCESS_DISCLOSURE,ISDMR,historical,False,,0,True,UNRESOLVED_OFFICIAL_DETAIL_MISSING,False,OFFICIAL_DETAIL_NOT_CAPTURED,False
1576725,DIVIDEND_PROCESS_DISCLOSURE,EGGUB,historical,False,,0,True,UNRESOLVED_OFFICIAL_DETAIL_MISSING,False,OFFICIAL_DETAIL_NOT_CAPTURED,False
1576833,DIVIDEND_PROCESS_DISCLOSURE,EREGL,historical,False,,0,True,UNRESOLVED_OFFICIAL_DETAIL_MISSING,False,OFFICIAL_DETAIL_NOT_CAPTURED,False
1577389,DIVIDEND_PROCESS_DISCLOSURE,TAVHL,historical,False,,0,True,UNRESOLVED_OFFICIAL_DETAIL_MISSING,False,OFFICIAL_DETAIL_NOT_CAPTURED,False
1577520,CAPITAL_INCREASE,CANTE,historical,False,,0,True,UNRESOLVED_OFFICIAL_DETAIL_MISSING,False,OFFICIAL_DETAIL_NOT_CAPTURED,False
1577628,DIVIDEND_PROCESS_DISCLOSURE,ENKAI,historical,False,,0,True,UNRESOLVED_OFFICIAL_DETAIL_MISSING,False,OFFICIAL_DETAIL_NOT_CAPTURED,False
1577707,DIVIDEND_PROCESS_DISCLOSURE,SISE,historical,False,,0,True,UNRESOLVED_OFFICIAL_DETAIL_MISSING,False,OFFICIAL_DETAIL_NOT_CAPTURED,False
1577755,DIVIDEND_PROCESS_DISCLOSURE,ECILC,historical,False,,0,True,UNRESOLVED_OFFICIAL_DETAIL_MISSING,False,OFFICIAL_DETAIL_NOT_CAPTURED,False
1577756,DIVIDEND_PROCESS_DISCLOSURE,ECZYT,historical,False,,0,True,UNRESOLVED_OFFICIAL_DETAIL_MISSING,False,OFFICIAL_DETAIL_NOT_CAPTURED,False
1577806,DIVIDEND_PROCESS_DISCLOSURE,BRSAN,historical,False,,0,True,UNRESOLVED_OFFICIAL_DETAIL_MISSING,False,OFFICIAL_DETAIL_NOT_CAPTURED,False
1577845,DIVIDEND_PROCESS_DISCLOSURE,ALBRK,historical,False,,0,True,UNRESOLVED_OFFICIAL_DETAIL_MISSING,False,OFFICIAL_DETAIL_NOT_CAPTURED,False
1578853,DIVIDEND_PROCESS_DISCLOSURE,ISDMR,historical,False,,0,True,UNRESOLVED_OFFICIAL_DETAIL_MISSING,False,OFFICIAL_DETAIL_NOT_CAPTURED,False
1578858,DIVIDEND_PROCESS_DISCLOSURE,EREGL,historical,False,,0,True,UNRESOLVED_OFFICIAL_DETAIL_MISSING,False,OFFICIAL_DETAIL_NOT_CAPTURED,False
1579304,DIVIDEND_PROCESS_DISCLOSURE,CIMSA,historical,False,,0,True,UNRESOLVED_OFFICIAL_DETAIL_MISSING,False,OFFICIAL_DETAIL_NOT_CAPTURED,False
1579442,DIVIDEND_PROCESS_DISCLOSURE,ANSGR,historical,False,,0,True,UNRESOLVED_OFFICIAL_DETAIL_MISSING,False,OFFICIAL_DETAIL_NOT_CAPTURED,False
1579549,DIVIDEND_PROCESS_DISCLOSURE,ISMEN,historical,False,,0,True,UNRESOLVED_OFFICIAL_DETAIL_MISSING,False,OFFICIAL_DETAIL_NOT_CAPTURED,False
1579839,DIVIDEND_PROCESS_DISCLOSURE,KORDS,historical,False,,0,False,UNRESOLVED_OFFICIAL_DETAIL_MISSING,False,OFFICIAL_DETAIL_NOT_CAPTURED,False
1580260,DIVIDEND_PROCESS_DISCLOSURE,ISCTR,historical,False,,0,True,UNRESOLVED_OFFICIAL_DETAIL_MISSING,False,OFFICIAL_DETAIL_NOT_CAPTURED,False
1580370,DIVIDEND_PROCESS_DISCLOSURE,PGSUS,historical,False,,0,True,UNRESOLVED_OFFICIAL_DETAIL_MISSING,False,OFFICIAL_DETAIL_NOT_CAPTURED,False
1580562,DIVIDEND_PROCESS_DISCLOSURE,SAHOL,historical,False,,0,True,UNRESOLVED_OFFICIAL_DETAIL_MISSING,False,OFFICIAL_DETAIL_NOT_CAPTURED,False
1580837,DIVIDEND_PROCESS_DISCLOSURE,MPARK,historical,False,,0,True,UNRESOLVED_OFFICIAL_DETAIL_MISSING,False,OFFICIAL_DETAIL_NOT_CAPTURED,False
1581038,DIVIDEND_PROCESS_DISCLOSURE,AKSA,historical,False,,0,True,UNRESOLVED_OFFICIAL_DETAIL_MISSING,False,OFFICIAL_DETAIL_NOT_CAPTURED,False
1581049,DIVIDEND_PROCESS_DISCLOSURE,GARAN,historical,False,,0,True,UNRESOLVED_OFFICIAL_DETAIL_MISSING,False,OFFICIAL_DETAIL_NOT_CAPTURED,False
1581260,DIVIDEND_PROCESS_DISCLOSURE,OYAKC,historical,False,,0,True,UNRESOLVED_OFFICIAL_DETAIL_MISSING,False,OFFICIAL_DETAIL_NOT_CAPTURED,False
1582237,DEMERGER,ASTOR,historical,False,,0,False,UNRESOLVED_OFFICIAL_DETAIL_MISSING,False,OFFICIAL_DETAIL_NOT_CAPTURED,False
1582408,CAPITAL_INCREASE,SASA,historical,False,,0,False,UNRESOLVED_OFFICIAL_DETAIL_MISSING,False,OFFICIAL_DETAIL_NOT_CAPTURED,False
1582812,DIVIDEND_PROCESS_DISCLOSURE,GRSEL,historical,False,,0,False,UNRESOLVED_OFFICIAL_DETAIL_MISSING,False,OFFICIAL_DETAIL_NOT_CAPTURED,False
1582981,CAPITAL_INCREASE,SASA,historical,False,,0,False,UNRESOLVED_OFFICIAL_DETAIL_MISSING,False,OFFICIAL_DETAIL_NOT_CAPTURED,False
1582983,CAPITAL_INCREASE,CANTE,historical,False,,0,False,UNRESOLVED_OFFICIAL_DETAIL_MISSING,False,OFFICIAL_DETAIL_NOT_CAPTURED,False
1582991,DIVIDEND_PROCESS_DISCLOSURE,AKFYE,historical,False,,0,False,UNRESOLVED_OFFICIAL_DETAIL_MISSING,False,OFFICIAL_DETAIL_NOT_CAPTURED,False
1582995,DIVIDEND_PROCESS_DISCLOSURE,RYSAS,historical,False,,0,False,UNRESOLVED_OFFICIAL_DETAIL_MISSING,False,OFFICIAL_DETAIL_NOT_CAPTURED,False
1583016,DIVIDEND_PROCESS_DISCLOSURE,KARSN,historical,False,,0,False,UNRESOLVED_OFFICIAL_DETAIL_MISSING,False,OFFICIAL_DETAIL_NOT_CAPTURED,False
1583162,DIVIDEND_PROCESS_DISCLOSURE,GWIND,historical,False,,0,False,UNRESOLVED_OFFICIAL_DETAIL_MISSING,False,OFFICIAL_DETAIL_NOT_CAPTURED,False
1585800,DIVIDEND_PROCESS_DISCLOSURE,BRYAT,historical,False,,0,True,UNRESOLVED_OFFICIAL_DETAIL_MISSING,False,OFFICIAL_DETAIL_NOT_CAPTURED,False
1587022,MERGER,RGYAS,historical,False,,0,True,UNRESOLVED_OFFICIAL_DETAIL_MISSING,False,OFFICIAL_DETAIL_NOT_CAPTURED,False
1587323,DIVIDEND_PROCESS_DISCLOSURE,BIMAS,historical,False,,0,True,UNRESOLVED_OFFICIAL_DETAIL_MISSING,False,OFFICIAL_DETAIL_NOT_CAPTURED,False
1589325,DIVIDEND_PROCESS_DISCLOSURE,DOAS,historical,False,,0,True,UNRESOLVED_OFFICIAL_DETAIL_MISSING,False,OFFICIAL_DETAIL_NOT_CAPTURED,False
1589406,DIVIDEND_PROCESS_DISCLOSURE,CCOLA,historical,False,,0,True,UNRESOLVED_OFFICIAL_DETAIL_MISSING,False,OFFICIAL_DETAIL_NOT_CAPTURED,False
1589851,DIVIDEND_PROCESS_DISCLOSURE,TURSG,historical,False,,0,True,UNRESOLVED_OFFICIAL_DETAIL_MISSING,False,OFFICIAL_DETAIL_NOT_CAPTURED,False
1590051,DIVIDEND_PROCESS_DISCLOSURE,TTKOM,historical,False,,0,False,UNRESOLVED_OFFICIAL_DETAIL_MISSING,False,OFFICIAL_DETAIL_NOT_CAPTURED,False
1590325,DIVIDEND_PROCESS_DISCLOSURE,TCKRC,historical,False,,0,False,UNRESOLVED_OFFICIAL_DETAIL_MISSING,False,OFFICIAL_DETAIL_NOT_CAPTURED,False
1590331,DIVIDEND_PROCESS_DISCLOSURE,HALKB,historical,False,,0,False,UNRESOLVED_OFFICIAL_DETAIL_MISSING,False,OFFICIAL_DETAIL_NOT_CAPTURED,False
1590365,DIVIDEND_PROCESS_DISCLOSURE,THYAO,historical,False,,0,False,UNRESOLVED_OFFICIAL_DETAIL_MISSING,False,OFFICIAL_DETAIL_NOT_CAPTURED,False
1590368,DIVIDEND_PROCESS_DISCLOSURE,VAKBN,historical,False,,0,False,UNRESOLVED_OFFICIAL_DETAIL_MISSING,False,OFFICIAL_DETAIL_NOT_CAPTURED,False
1590591,DIVIDEND_PROCESS_DISCLOSURE,DOHOL,historical,False,,0,False,UNRESOLVED_OFFICIAL_DETAIL_MISSING,False,OFFICIAL_DETAIL_NOT_CAPTURED,False
1590967,DIVIDEND_PROCESS_DISCLOSURE,SASA,historical,False,,0,False,UNRESOLVED_OFFICIAL_DETAIL_MISSING,False,OFFICIAL_DETAIL_NOT_CAPTURED,False
1591013,DIVIDEND_PROCESS_DISCLOSURE,KRDMD,historical,False,,0,False,UNRESOLVED_OFFICIAL_DETAIL_MISSING,False,OFFICIAL_DETAIL_NOT_CAPTURED,False
1591430,DIVIDEND_PROCESS_DISCLOSURE,GUBRF,historical,False,,0,True,UNRESOLVED_OFFICIAL_DETAIL_MISSING,False,OFFICIAL_DETAIL_NOT_CAPTURED,False
1592286,DIVIDEND_PROCESS_DISCLOSURE,AEFES,historical,False,,0,True,UNRESOLVED_OFFICIAL_DETAIL_MISSING,False,OFFICIAL_DETAIL_NOT_CAPTURED,False
1592462,DIVIDEND_PROCESS_DISCLOSURE,ALARK,historical,False,,0,True,UNRESOLVED_OFFICIAL_DETAIL_MISSING,False,OFFICIAL_DETAIL_NOT_CAPTURED,False
1592592,DIVIDEND_PROCESS_DISCLOSURE,HEKTS,historical,False,,0,True,UNRESOLVED_OFFICIAL_DETAIL_MISSING,False,OFFICIAL_DETAIL_NOT_CAPTURED,False
1592676,DIVIDEND_PROCESS_DISCLOSURE,MGROS,historical,False,,0,True,UNRESOLVED_OFFICIAL_DETAIL_MISSING,False,OFFICIAL_DETAIL_NOT_CAPTURED,False
1593096,BONUS_ISSUE_DISCLOSURE,TURSG,historical,False,,0,False,UNRESOLVED_OFFICIAL_DETAIL_MISSING,False,OFFICIAL_DETAIL_NOT_CAPTURED,False
1594433,DIVIDEND_PROCESS_DISCLOSURE,EUREN,historical,False,,0,True,UNRESOLVED_OFFICIAL_DETAIL_MISSING,False,OFFICIAL_DETAIL_NOT_CAPTURED,False
1594450,DIVIDEND_PROCESS_DISCLOSURE,GLYHO,historical,False,,0,True,UNRESOLVED_OFFICIAL_DETAIL_MISSING,False,OFFICIAL_DETAIL_NOT_CAPTURED,False
1594456,DIVIDEND_PROCESS_DISCLOSURE,VESTL,historical,False,,0,True,UNRESOLVED_OFFICIAL_DETAIL_MISSING,False,OFFICIAL_DETAIL_NOT_CAPTURED,False
1594469,DIVIDEND_PROCESS_DISCLOSURE,CVKMD,historical,False,,0,True,UNRESOLVED_OFFICIAL_DETAIL_MISSING,False,OFFICIAL_DETAIL_NOT_CAPTURED,False
1594693,DIVIDEND_PROCESS_DISCLOSURE,ASELS,historical,False,,0,True,UNRESOLVED_OFFICIAL_DETAIL_MISSING,False,OFFICIAL_DETAIL_NOT_CAPTURED,False
1594798,DIVIDEND_PROCESS_DISCLOSURE,EUREN,historical,False,,0,True,UNRESOLVED_OFFICIAL_DETAIL_MISSING,False,OFFICIAL_DETAIL_NOT_CAPTURED,False
1594963,DIVIDEND_PROCESS_DISCLOSURE,AGHOL,historical,False,,0,True,UNRESOLVED_OFFICIAL_DETAIL_MISSING,False,OFFICIAL_DETAIL_NOT_CAPTURED,False
1595406,BONUS_ISSUE_DISCLOSURE,RYSAS,historical,False,,0,True,UNRESOLVED_OFFICIAL_DETAIL_MISSING,False,OFFICIAL_DETAIL_NOT_CAPTURED,False
1595752,DIVIDEND_PROCESS_DISCLOSURE,ZOREN,historical,False,,0,True,UNRESOLVED_OFFICIAL_DETAIL_MISSING,False,OFFICIAL_DETAIL_NOT_CAPTURED,False
1595777,RIGHTS_ISSUE_DISCLOSURE,CVKMD,historical,False,,0,True,UNRESOLVED_OFFICIAL_DETAIL_MISSING,False,OFFICIAL_DETAIL_NOT_CAPTURED,False
1595805,DIVIDEND_PROCESS_DISCLOSURE,PETKM,historical,False,,0,True,UNRESOLVED_OFFICIAL_DETAIL_MISSING,False,OFFICIAL_DETAIL_NOT_CAPTURED,False
1595809,DIVIDEND_PROCESS_DISCLOSURE,ENTRA,historical,False,,0,True,UNRESOLVED_OFFICIAL_DETAIL_MISSING,False,OFFICIAL_DETAIL_NOT_CAPTURED,False
1596316,DIVIDEND_PROCESS_DISCLOSURE,ZOREN,historical,False,,0,True,UNRESOLVED_OFFICIAL_DETAIL_MISSING,False,OFFICIAL_DETAIL_NOT_CAPTURED,False
1596355,DIVIDEND_PROCESS_DISCLOSURE,LMKDC,historical,False,,0,True,UNRESOLVED_OFFICIAL_DETAIL_MISSING,False,OFFICIAL_DETAIL_NOT_CAPTURED,False
1596568,CAPITAL_INCREASE,GLRMK,historical,False,,0,True,UNRESOLVED_OFFICIAL_DETAIL_MISSING,False,OFFICIAL_DETAIL_NOT_CAPTURED,False
1596687,DIVIDEND_PROCESS_DISCLOSURE,TRGYO,historical,False,,0,True,UNRESOLVED_OFFICIAL_DETAIL_MISSING,False,OFFICIAL_DETAIL_NOT_CAPTURED,False
1596939,DIVIDEND_PROCESS_DISCLOSURE,EGGUB,historical,False,,0,True,UNRESOLVED_OFFICIAL_DETAIL_MISSING,False,OFFICIAL_DETAIL_NOT_CAPTURED,False
1596958,DIVIDEND_PROCESS_DISCLOSURE,AKCNS,historical,False,,0,True,UNRESOLVED_OFFICIAL_DETAIL_MISSING,False,OFFICIAL_DETAIL_NOT_CAPTURED,False
1596963,CAPITAL_INCREASE,ENTRA,historical,False,,0,True,UNRESOLVED_OFFICIAL_DETAIL_MISSING,False,OFFICIAL_DETAIL_NOT_CAPTURED,False
1597282,CAPITAL_INCREASE,FENER,historical,False,,0,True,UNRESOLVED_OFFICIAL_DETAIL_MISSING,False,OFFICIAL_DETAIL_NOT_CAPTURED,False
1597820,CAPITAL_INCREASE,GLRMK,historical,False,,0,True,UNRESOLVED_OFFICIAL_DETAIL_MISSING,False,OFFICIAL_DETAIL_NOT_CAPTURED,False
1598023,DIVIDEND_PROCESS_DISCLOSURE,MPARK,historical,False,,0,True,UNRESOLVED_OFFICIAL_DETAIL_MISSING,False,OFFICIAL_DETAIL_NOT_CAPTURED,False
1598053,DIVIDEND_PROCESS_DISCLOSURE,AKFYE,historical,False,,0,False,UNRESOLVED_OFFICIAL_DETAIL_MISSING,False,OFFICIAL_DETAIL_NOT_CAPTURED,False
1598185,DIVIDEND_PROCESS_DISCLOSURE,EGGUB,historical,False,,0,True,UNRESOLVED_OFFICIAL_DETAIL_MISSING,False,OFFICIAL_DETAIL_NOT_CAPTURED,False
1598380,DIVIDEND_PROCESS_DISCLOSURE,BRSAN,historical,False,,0,True,UNRESOLVED_OFFICIAL_DETAIL_MISSING,False,OFFICIAL_DETAIL_NOT_CAPTURED,False
1598404,DIVIDEND_PROCESS_DISCLOSURE,ISDMR,historical,False,,0,True,UNRESOLVED_OFFICIAL_DETAIL_MISSING,False,OFFICIAL_DETAIL_NOT_CAPTURED,False
1598409,DIVIDEND_PROCESS_DISCLOSURE,EREGL,historical,False,,0,True,UNRESOLVED_OFFICIAL_DETAIL_MISSING,False,OFFICIAL_DETAIL_NOT_CAPTURED,False
1598581,DIVIDEND_PROCESS_DISCLOSURE,MAVI,historical,False,,0,True,UNRESOLVED_OFFICIAL_DETAIL_MISSING,False,OFFICIAL_DETAIL_NOT_CAPTURED,False
1598692,DIVIDEND_PROCESS_DISCLOSURE,BERA,historical,False,,0,True,UNRESOLVED_OFFICIAL_DETAIL_MISSING,False,OFFICIAL_DETAIL_NOT_CAPTURED,False
1598761,DIVIDEND_PROCESS_DISCLOSURE,RYSAS,historical,False,,0,True,UNRESOLVED_OFFICIAL_DETAIL_MISSING,False,OFFICIAL_DETAIL_NOT_CAPTURED,False
1598915,DIVIDEND_PROCESS_DISCLOSURE,ALARK,historical,False,,0,True,UNRESOLVED_OFFICIAL_DETAIL_MISSING,False,OFFICIAL_DETAIL_NOT_CAPTURED,False
1599016,DIVIDEND_PROCESS_DISCLOSURE,EKGYO,historical,False,,0,True,UNRESOLVED_OFFICIAL_DETAIL_MISSING,False,OFFICIAL_DETAIL_NOT_CAPTURED,False
1599833,DIVIDEND_PROCESS_DISCLOSURE,KARSN,historical,False,,0,True,UNRESOLVED_OFFICIAL_DETAIL_MISSING,False,OFFICIAL_DETAIL_NOT_CAPTURED,False
1600040,DIVIDEND_PROCESS_DISCLOSURE,ECILC,historical,False,,0,True,UNRESOLVED_OFFICIAL_DETAIL_MISSING,False,OFFICIAL_DETAIL_NOT_CAPTURED,False
1600041,DIVIDEND_PROCESS_DISCLOSURE,ECZYT,historical,False,,0,True,UNRESOLVED_OFFICIAL_DETAIL_MISSING,False,OFFICIAL_DETAIL_NOT_CAPTURED,False
1600774,DIVIDEND_PROCESS_DISCLOSURE,GLRMK,historical,False,,0,True,UNRESOLVED_OFFICIAL_DETAIL_MISSING,False,OFFICIAL_DETAIL_NOT_CAPTURED,False
1600847,DIVIDEND_PROCESS_DISCLOSURE,KCAER,historical,False,,0,True,UNRESOLVED_OFFICIAL_DETAIL_MISSING,False,OFFICIAL_DETAIL_NOT_CAPTURED,False
1600862,DIVIDEND_PROCESS_DISCLOSURE,BTCIM,historical,False,,0,True,UNRESOLVED_OFFICIAL_DETAIL_MISSING,False,OFFICIAL_DETAIL_NOT_CAPTURED,False
1601205,DIVIDEND_PROCESS_DISCLOSURE,SASA,historical,False,,0,True,UNRESOLVED_OFFICIAL_DETAIL_MISSING,False,OFFICIAL_DETAIL_NOT_CAPTURED,False
1601357,DIVIDEND_PROCESS_DISCLOSURE,GRSEL,historical,False,,0,True,UNRESOLVED_OFFICIAL_DETAIL_MISSING,False,OFFICIAL_DETAIL_NOT_CAPTURED,False
1601407,DIVIDEND_PROCESS_DISCLOSURE,GLRMK,historical,False,,0,True,UNRESOLVED_OFFICIAL_DETAIL_MISSING,False,OFFICIAL_DETAIL_NOT_CAPTURED,False
1601470,DIVIDEND_PROCESS_DISCLOSURE,BIMAS,historical,False,,0,True,UNRESOLVED_OFFICIAL_DETAIL_MISSING,False,OFFICIAL_DETAIL_NOT_CAPTURED,False
1602139,DIVIDEND_PROCESS_DISCLOSURE,TUKAS,historical,False,,0,True,UNRESOLVED_OFFICIAL_DETAIL_MISSING,False,OFFICIAL_DETAIL_NOT_CAPTURED,False
1602349,DIVIDEND_PROCESS_DISCLOSURE,GRSEL,historical,False,,0,True,UNRESOLVED_OFFICIAL_DETAIL_MISSING,False,OFFICIAL_DETAIL_NOT_CAPTURED,False
1602781,MERGER,SOKM,historical,False,,0,True,UNRESOLVED_OFFICIAL_DETAIL_MISSING,False,OFFICIAL_DETAIL_NOT_CAPTURED,False
1602814,DIVIDEND_PROCESS_DISCLOSURE,TCELL,historical,False,,0,True,UNRESOLVED_OFFICIAL_DETAIL_MISSING,False,OFFICIAL_DETAIL_NOT_CAPTURED,False
1602822,DIVIDEND_PROCESS_DISCLOSURE,TABGD,historical,False,,0,True,UNRESOLVED_OFFICIAL_DETAIL_MISSING,False,OFFICIAL_DETAIL_NOT_CAPTURED,False
1602857,DIVIDEND_PROCESS_DISCLOSURE,HEKTS,historical,False,,0,True,UNRESOLVED_OFFICIAL_DETAIL_MISSING,False,OFFICIAL_DETAIL_NOT_CAPTURED,False
1603021,CAPITAL_INCREASE,SASA,historical,False,,0,True,UNRESOLVED_OFFICIAL_DETAIL_MISSING,False,OFFICIAL_DETAIL_NOT_CAPTURED,False
1603068,DIVIDEND_PROCESS_DISCLOSURE,ALTNY,historical,False,,0,True,UNRESOLVED_OFFICIAL_DETAIL_MISSING,False,OFFICIAL_DETAIL_NOT_CAPTURED,False
1603304,DIVIDEND_PROCESS_DISCLOSURE,TABGD,historical,False,,0,True,UNRESOLVED_OFFICIAL_DETAIL_MISSING,False,OFFICIAL_DETAIL_NOT_CAPTURED,False
1603872,DIVIDEND_PROCESS_DISCLOSURE,OBAMS,historical,False,,0,False,UNRESOLVED_OFFICIAL_DETAIL_MISSING,False,OFFICIAL_DETAIL_NOT_CAPTURED,False
1604089,CAPITAL_INCREASE,GLRMK,historical,False,,0,False,UNRESOLVED_OFFICIAL_DETAIL_MISSING,False,OFFICIAL_DETAIL_NOT_CAPTURED,False
1604404,DIVIDEND_PROCESS_DISCLOSURE,GUBRF,historical,False,,0,False,UNRESOLVED_OFFICIAL_DETAIL_MISSING,False,OFFICIAL_DETAIL_NOT_CAPTURED,False
1605088,DIVIDEND_PROCESS_DISCLOSURE,ULKER,historical,False,,0,False,UNRESOLVED_OFFICIAL_DETAIL_MISSING,False,OFFICIAL_DETAIL_NOT_CAPTURED,False
1605654,MERGER,SOKM,historical,False,,0,False,UNRESOLVED_OFFICIAL_DETAIL_MISSING,False,OFFICIAL_DETAIL_NOT_CAPTURED,False
1606141,CAPITAL_INCREASE,GLRMK,historical,False,,0,False,UNRESOLVED_OFFICIAL_DETAIL_MISSING,False,OFFICIAL_DETAIL_NOT_CAPTURED,False
1606436,BONUS_ISSUE_DISCLOSURE,BIMAS,historical,False,,0,False,UNRESOLVED_OFFICIAL_DETAIL_MISSING,False,OFFICIAL_DETAIL_NOT_CAPTURED,False
1606642,CAPITAL_INCREASE,BIMAS,historical,False,,0,True,UNRESOLVED_OFFICIAL_DETAIL_MISSING,False,OFFICIAL_DETAIL_NOT_CAPTURED,False
1606779,RIGHTS_ISSUE_DISCLOSURE,CANTE,historical,False,,0,True,UNRESOLVED_OFFICIAL_DETAIL_MISSING,False,OFFICIAL_DETAIL_NOT_CAPTURED,False
1607014,DIVIDEND_PROCESS_DISCLOSURE,EUREN,historical,False,,0,True,UNRESOLVED_OFFICIAL_DETAIL_MISSING,False,OFFICIAL_DETAIL_NOT_CAPTURED,False
1607023,DIVIDEND_PROCESS_DISCLOSURE,AKSEN,historical,False,,0,True,UNRESOLVED_OFFICIAL_DETAIL_MISSING,False,OFFICIAL_DETAIL_NOT_CAPTURED,False
1607067,DIVIDEND_PROCESS_DISCLOSURE,ENTRA,historical,False,,0,True,UNRESOLVED_OFFICIAL_DETAIL_MISSING,False,OFFICIAL_DETAIL_NOT_CAPTURED,False
1607068,DIVIDEND_PROCESS_DISCLOSURE,ASELS,historical,False,,0,True,UNRESOLVED_OFFICIAL_DETAIL_MISSING,False,OFFICIAL_DETAIL_NOT_CAPTURED,False
1607530,DIVIDEND_PROCESS_DISCLOSURE,GLYHO,historical,False,,0,True,UNRESOLVED_OFFICIAL_DETAIL_MISSING,False,OFFICIAL_DETAIL_NOT_CAPTURED,False
1607569,DIVIDEND_PROCESS_DISCLOSURE,VESTL,historical,False,,0,True,UNRESOLVED_OFFICIAL_DETAIL_MISSING,False,OFFICIAL_DETAIL_NOT_CAPTURED,False
1607691,DIVIDEND_PROCESS_DISCLOSURE,SNGYO,historical,False,,0,True,UNRESOLVED_OFFICIAL_DETAIL_MISSING,False,OFFICIAL_DETAIL_NOT_CAPTURED,False
1607865,DIVIDEND_PROCESS_DISCLOSURE,LMKDC,historical,False,,0,True,UNRESOLVED_OFFICIAL_DETAIL_MISSING,False,OFFICIAL_DETAIL_NOT_CAPTURED,False
1607901,DIVIDEND_PROCESS_DISCLOSURE,BIMAS,historical,False,,0,True,UNRESOLVED_OFFICIAL_DETAIL_MISSING,False,OFFICIAL_DETAIL_NOT_CAPTURED,False
1608016,DIVIDEND_PROCESS_DISCLOSURE,TRGYO,historical,False,,0,True,UNRESOLVED_OFFICIAL_DETAIL_MISSING,False,OFFICIAL_DETAIL_NOT_CAPTURED,False
1608216,DIVIDEND_PROCESS_DISCLOSURE,PETKM,historical,False,,0,True,UNRESOLVED_OFFICIAL_DETAIL_MISSING,False,OFFICIAL_DETAIL_NOT_CAPTURED,False
1608261,DIVIDEND_PROCESS_DISCLOSURE,CVKMD,historical,False,,0,True,UNRESOLVED_OFFICIAL_DETAIL_MISSING,False,OFFICIAL_DETAIL_NOT_CAPTURED,False
1608272,DIVIDEND_PROCESS_DISCLOSURE,ZOREN,historical,False,,0,True,UNRESOLVED_OFFICIAL_DETAIL_MISSING,False,OFFICIAL_DETAIL_NOT_CAPTURED,False
1608719,DIVIDEND_PROCESS_DISCLOSURE,CVKMD,historical,False,,0,True,UNRESOLVED_OFFICIAL_DETAIL_MISSING,False,OFFICIAL_DETAIL_NOT_CAPTURED,False
1609227,DIVIDEND_PROCESS_DISCLOSURE,AKCNS,historical,False,,0,True,UNRESOLVED_OFFICIAL_DETAIL_MISSING,False,OFFICIAL_DETAIL_NOT_CAPTURED,False
1610042,CAPITAL_INCREASE,SASA,historical,False,,0,True,UNRESOLVED_OFFICIAL_DETAIL_MISSING,False,OFFICIAL_DETAIL_NOT_CAPTURED,False
1610169,DIVIDEND_PROCESS_DISCLOSURE,AHGAZ,historical,False,,0,True,UNRESOLVED_OFFICIAL_DETAIL_MISSING,False,OFFICIAL_DETAIL_NOT_CAPTURED,False
1610171,DIVIDEND_PROCESS_DISCLOSURE,ENERY,historical,False,,0,True,UNRESOLVED_OFFICIAL_DETAIL_MISSING,False,OFFICIAL_DETAIL_NOT_CAPTURED,False
1610850,BONUS_ISSUE_DISCLOSURE,BIMAS,historical,False,,0,True,UNRESOLVED_OFFICIAL_DETAIL_MISSING,False,OFFICIAL_DETAIL_NOT_CAPTURED,False
1610874,CAPITAL_INCREASE,ENTRA,historical,False,,0,True,UNRESOLVED_OFFICIAL_DETAIL_MISSING,False,OFFICIAL_DETAIL_NOT_CAPTURED,False
1612055,DIVIDEND_PROCESS_DISCLOSURE,GLRMK,historical,False,,0,False,UNRESOLVED_OFFICIAL_DETAIL_MISSING,False,OFFICIAL_DETAIL_NOT_CAPTURED,False
1612219,DIVIDEND_PROCESS_DISCLOSURE,TABGD,historical,False,,0,False,UNRESOLVED_OFFICIAL_DETAIL_MISSING,False,OFFICIAL_DETAIL_NOT_CAPTURED,False
1612739,CAPITAL_INCREASE,SASA,historical,False,,0,False,UNRESOLVED_OFFICIAL_DETAIL_MISSING,False,OFFICIAL_DETAIL_NOT_CAPTURED,False
1612805,DIVIDEND_PROCESS_DISCLOSURE,BTCIM,historical,False,,0,False,UNRESOLVED_OFFICIAL_DETAIL_MISSING,False,OFFICIAL_DETAIL_NOT_CAPTURED,False
1613110,DIVIDEND_PROCESS_DISCLOSURE,KCAER,historical,False,,0,True,UNRESOLVED_OFFICIAL_DETAIL_MISSING,False,OFFICIAL_DETAIL_NOT_CAPTURED,False
1613299,CAPITAL_INCREASE,SASA,historical,False,,0,True,UNRESOLVED_OFFICIAL_DETAIL_MISSING,False,OFFICIAL_DETAIL_NOT_CAPTURED,False
1613469,CAPITAL_INCREASE,SASA,historical,False,,0,True,UNRESOLVED_OFFICIAL_DETAIL_MISSING,False,OFFICIAL_DETAIL_NOT_CAPTURED,False
1613885,DIVIDEND_PROCESS_DISCLOSURE,ALTNY,historical,False,,0,True,UNRESOLVED_OFFICIAL_DETAIL_MISSING,False,OFFICIAL_DETAIL_NOT_CAPTURED,False
1614941,DIVIDEND_PROCESS_DISCLOSURE,ULKER,historical,False,,0,True,UNRESOLVED_OFFICIAL_DETAIL_MISSING,False,OFFICIAL_DETAIL_NOT_CAPTURED,False
1615088,DIVIDEND_PROCESS_DISCLOSURE,OBAMS,historical,False,,0,True,UNRESOLVED_OFFICIAL_DETAIL_MISSING,False,OFFICIAL_DETAIL_NOT_CAPTURED,False
1615396,DIVIDEND_PROCESS_DISCLOSURE,AKSEN,historical,False,,0,False,UNRESOLVED_OFFICIAL_DETAIL_MISSING,False,OFFICIAL_DETAIL_NOT_CAPTURED,False
1615928,CAPITAL_INCREASE,SASA,historical,False,,0,False,UNRESOLVED_OFFICIAL_DETAIL_MISSING,False,OFFICIAL_DETAIL_NOT_CAPTURED,False
1616101,BONUS_ISSUE_DISCLOSURE,TURSG,historical,False,,0,False,UNRESOLVED_OFFICIAL_DETAIL_MISSING,False,OFFICIAL_DETAIL_NOT_CAPTURED,False
1616567,CAPITAL_INCREASE,TURSG,historical,False,,0,False,UNRESOLVED_OFFICIAL_DETAIL_MISSING,False,OFFICIAL_DETAIL_NOT_CAPTURED,False
1617170,BONUS_ISSUE_DISCLOSURE,TURSG,historical,False,,0,True,UNRESOLVED_OFFICIAL_DETAIL_MISSING,False,OFFICIAL_DETAIL_NOT_CAPTURED,False
1617424,DIVIDEND_PROCESS_DISCLOSURE,BINHO,historical,False,,0,True,UNRESOLVED_OFFICIAL_DETAIL_MISSING,False,OFFICIAL_DETAIL_NOT_CAPTURED,False
1617530,CAPITAL_INCREASE,ENTRA,historical,False,,0,True,UNRESOLVED_OFFICIAL_DETAIL_MISSING,False,OFFICIAL_DETAIL_NOT_CAPTURED,False
1617778,DIVIDEND_PROCESS_DISCLOSURE,AHGAZ,historical,False,,0,True,UNRESOLVED_OFFICIAL_DETAIL_MISSING,False,OFFICIAL_DETAIL_NOT_CAPTURED,False
1617819,DIVIDEND_PROCESS_DISCLOSURE,BINHO,historical,False,,0,True,UNRESOLVED_OFFICIAL_DETAIL_MISSING,False,OFFICIAL_DETAIL_NOT_CAPTURED,False
1618075,CAPITAL_INCREASE,ENTRA,historical,False,,0,True,UNRESOLVED_OFFICIAL_DETAIL_MISSING,False,OFFICIAL_DETAIL_NOT_CAPTURED,False
1618146,DIVIDEND_PROCESS_DISCLOSURE,ENERY,historical,False,,0,True,UNRESOLVED_OFFICIAL_DETAIL_MISSING,False,OFFICIAL_DETAIL_NOT_CAPTURED,False
1618575,DIVIDEND_PROCESS_DISCLOSURE,SNGYO,historical,False,,0,True,UNRESOLVED_OFFICIAL_DETAIL_MISSING,False,OFFICIAL_DETAIL_NOT_CAPTURED,False
1618737,DIVIDEND_PROCESS_DISCLOSURE,ENERY,historical,False,,0,True,UNRESOLVED_OFFICIAL_DETAIL_MISSING,False,OFFICIAL_DETAIL_NOT_CAPTURED,False
1619526,DIVIDEND_PROCESS_DISCLOSURE,BERA,historical,False,,0,True,UNRESOLVED_OFFICIAL_DETAIL_MISSING,False,OFFICIAL_DETAIL_NOT_CAPTURED,False
1619643,CAPITAL_INCREASE,SASA,historical,False,,0,True,UNRESOLVED_OFFICIAL_DETAIL_MISSING,False,OFFICIAL_DETAIL_NOT_CAPTURED,False
1619813,BONUS_ISSUE_DISCLOSURE,TURSG,historical,False,,0,True,UNRESOLVED_OFFICIAL_DETAIL_MISSING,False,OFFICIAL_DETAIL_NOT_CAPTURED,False
1619896,CAPITAL_INCREASE,SASA,historical,False,,0,True,UNRESOLVED_OFFICIAL_DETAIL_MISSING,False,OFFICIAL_DETAIL_NOT_CAPTURED,False
1621120,CAPITAL_INCREASE,ENTRA,historical,False,,0,True,UNRESOLVED_OFFICIAL_DETAIL_MISSING,False,OFFICIAL_DETAIL_NOT_CAPTURED,False
1622148,DIVIDEND_PROCESS_DISCLOSURE,SOKM,historical,False,,0,True,UNRESOLVED_OFFICIAL_DETAIL_MISSING,False,OFFICIAL_DETAIL_NOT_CAPTURED,False
1622679,DIVIDEND_PROCESS_DISCLOSURE,CWENE,historical,False,,0,False,UNRESOLVED_OFFICIAL_DETAIL_MISSING,False,OFFICIAL_DETAIL_NOT_CAPTURED,False
1622735,DIVIDEND_PROCESS_DISCLOSURE,TRALT,historical,False,,0,False,UNRESOLVED_OFFICIAL_DETAIL_MISSING,False,OFFICIAL_DETAIL_NOT_CAPTURED,False
1622784,CAPITAL_INCREASE,SASA,historical,False,,0,False,UNRESOLVED_OFFICIAL_DETAIL_MISSING,False,OFFICIAL_DETAIL_NOT_CAPTURED,False
1623302,DIVIDEND_PROCESS_DISCLOSURE,TRENJ,historical,False,,0,False,UNRESOLVED_OFFICIAL_DETAIL_MISSING,False,OFFICIAL_DETAIL_NOT_CAPTURED,False
1623304,DIVIDEND_PROCESS_DISCLOSURE,TRMET,historical,False,,0,False,UNRESOLVED_OFFICIAL_DETAIL_MISSING,False,OFFICIAL_DETAIL_NOT_CAPTURED,False
1623404,CAPITAL_INCREASE,HEKTS,historical,False,,0,False,UNRESOLVED_OFFICIAL_DETAIL_MISSING,False,OFFICIAL_DETAIL_NOT_CAPTURED,False
1624132,MERGER,RGYAS,historical,False,,0,False,UNRESOLVED_OFFICIAL_DETAIL_MISSING,False,OFFICIAL_DETAIL_NOT_CAPTURED,False
1624193,CAPITAL_INCREASE,HEKTS,historical,False,,0,False,UNRESOLVED_OFFICIAL_DETAIL_MISSING,False,OFFICIAL_DETAIL_NOT_CAPTURED,False
1627416,DIVIDEND_PROCESS_DISCLOSURE,ASTOR,historical,False,,0,True,UNRESOLVED_OFFICIAL_DETAIL_MISSING,False,OFFICIAL_DETAIL_NOT_CAPTURED,False
1628718,CAPITAL_INCREASE,SASA,historical,False,,0,True,UNRESOLVED_OFFICIAL_DETAIL_MISSING,False,OFFICIAL_DETAIL_NOT_CAPTURED,False
1632790,BONUS_ISSUE_DISCLOSURE,AKFYE,historical,False,,0,False,UNRESOLVED_OFFICIAL_DETAIL_MISSING,False,OFFICIAL_DETAIL_NOT_CAPTURED,False
1633371,MERGER,BTCIM,historical,False,,0,True,UNRESOLVED_OFFICIAL_DETAIL_MISSING,False,OFFICIAL_DETAIL_NOT_CAPTURED,False
1633768,DIVIDEND_PROCESS_DISCLOSURE,BINHO,historical,False,,0,True,UNRESOLVED_OFFICIAL_DETAIL_MISSING,False,OFFICIAL_DETAIL_NOT_CAPTURED,False
1634271,DIVIDEND_PROCESS_DISCLOSURE,RGYAS,historical,False,,0,True,UNRESOLVED_OFFICIAL_DETAIL_MISSING,False,OFFICIAL_DETAIL_NOT_CAPTURED,False
1634985,BONUS_ISSUE_DISCLOSURE,AKFYE,historical,False,,0,False,UNRESOLVED_OFFICIAL_DETAIL_MISSING,False,OFFICIAL_DETAIL_NOT_CAPTURED,False
1635133,MERGER,BTCIM,historical,False,,0,True,UNRESOLVED_OFFICIAL_DETAIL_MISSING,False,OFFICIAL_DETAIL_NOT_CAPTURED,False
1635210,MERGER,BTCIM,historical,False,,0,True,UNRESOLVED_OFFICIAL_DETAIL_MISSING,False,OFFICIAL_DETAIL_NOT_CAPTURED,False
1635523,MERGER,RGYAS,historical,False,,0,True,UNRESOLVED_OFFICIAL_DETAIL_MISSING,False,OFFICIAL_DETAIL_NOT_CAPTURED,False
1635844,DIVIDEND_PROCESS_DISCLOSURE,TRALT,historical,False,,0,True,UNRESOLVED_OFFICIAL_DETAIL_MISSING,False,OFFICIAL_DETAIL_NOT_CAPTURED,False
1636752,BONUS_ISSUE_DISCLOSURE,KORDS,historical,False,,0,False,UNRESOLVED_OFFICIAL_DETAIL_MISSING,False,OFFICIAL_DETAIL_NOT_CAPTURED,False
1636766,MERGER,SOKM,historical,False,,0,True,UNRESOLVED_OFFICIAL_DETAIL_MISSING,False,OFFICIAL_DETAIL_NOT_CAPTURED,False
1638000,DIVIDEND_PROCESS_DISCLOSURE,CWENE,historical,False,,0,True,UNRESOLVED_OFFICIAL_DETAIL_MISSING,False,OFFICIAL_DETAIL_NOT_CAPTURED,False
1638001,CAPITAL_INCREASE,KORDS,historical,False,,0,False,UNRESOLVED_OFFICIAL_DETAIL_MISSING,False,OFFICIAL_DETAIL_NOT_CAPTURED,False
1638970,CAPITAL_INCREASE,ENTRA,historical,False,,0,True,UNRESOLVED_OFFICIAL_DETAIL_MISSING,False,OFFICIAL_DETAIL_NOT_CAPTURED,False
1639071,RIGHTS_ISSUE_DISCLOSURE,CVKMD,historical,False,,0,True,UNRESOLVED_OFFICIAL_DETAIL_MISSING,False,OFFICIAL_DETAIL_NOT_CAPTURED,False
1639734,CAPITAL_INCREASE,KCHOL|OTKAR,historical,False,,0,True,UNRESOLVED_OFFICIAL_DETAIL_MISSING,False,OFFICIAL_DETAIL_NOT_CAPTURED,False
1639740,CAPITAL_INCREASE,OTKAR,historical,False,,0,True,UNRESOLVED_OFFICIAL_DETAIL_MISSING,False,OFFICIAL_DETAIL_NOT_CAPTURED,False
1639871,DIVIDEND_PROCESS_DISCLOSURE,TRENJ,historical,False,,0,True,UNRESOLVED_OFFICIAL_DETAIL_MISSING,False,OFFICIAL_DETAIL_NOT_CAPTURED,False
1639872,DIVIDEND_PROCESS_DISCLOSURE,TRMET,historical,False,,0,True,UNRESOLVED_OFFICIAL_DETAIL_MISSING,False,OFFICIAL_DETAIL_NOT_CAPTURED,False
1639873,DIVIDEND_PROCESS_DISCLOSURE,TRALT,historical,False,,0,True,UNRESOLVED_OFFICIAL_DETAIL_MISSING,False,OFFICIAL_DETAIL_NOT_CAPTURED,False
1641660,DIVIDEND_PROCESS_DISCLOSURE,SOKM,historical,False,,0,True,UNRESOLVED_OFFICIAL_DETAIL_MISSING,False,OFFICIAL_DETAIL_NOT_CAPTURED,False
1642637,CAPITAL_INCREASE,MAVI,recent,False,,0,True,UNRESOLVED_OFFICIAL_DETAIL_MISSING,False,OFFICIAL_DETAIL_NOT_CAPTURED,False
1642697,RIGHTS_ISSUE_DISCLOSURE,CVKMD,recent,False,,0,True,UNRESOLVED_OFFICIAL_DETAIL_MISSING,False,OFFICIAL_DETAIL_NOT_CAPTURED,False
1643702,DIVIDEND_PROCESS_DISCLOSURE,TKFEN,recent,False,,0,True,UNRESOLVED_OFFICIAL_DETAIL_MISSING,False,OFFICIAL_DETAIL_NOT_CAPTURED,False
1643990,CAPITAL_INCREASE,SASA,recent,False,,0,True,UNRESOLVED_OFFICIAL_DETAIL_MISSING,False,OFFICIAL_DETAIL_NOT_CAPTURED,False
1644470,CAPITAL_INCREASE,MAVI,recent,False,,0,True,UNRESOLVED_OFFICIAL_DETAIL_MISSING,False,OFFICIAL_DETAIL_NOT_CAPTURED,False
1645607,CAPITAL_INCREASE,HALKB,recent,False,,0,True,UNRESOLVED_OFFICIAL_DETAIL_MISSING,False,OFFICIAL_DETAIL_NOT_CAPTURED,False
1645625,DIVIDEND_PROCESS_DISCLOSURE,ASTOR,recent,False,,0,True,UNRESOLVED_OFFICIAL_DETAIL_MISSING,False,OFFICIAL_DETAIL_NOT_CAPTURED,False
1646542,DIVIDEND_PROCESS_DISCLOSURE,RGYAS,recent,False,,0,True,UNRESOLVED_OFFICIAL_DETAIL_MISSING,False,OFFICIAL_DETAIL_NOT_CAPTURED,False
1648213,MERGER,SOKM,recent,False,,0,True,UNRESOLVED_OFFICIAL_DETAIL_MISSING,False,OFFICIAL_DETAIL_NOT_CAPTURED,False
1650604,BONUS_ISSUE_DISCLOSURE,RYSAS,recent,False,,0,True,UNRESOLVED_OFFICIAL_DETAIL_MISSING,False,OFFICIAL_DETAIL_NOT_CAPTURED,False
1651300,CAPITAL_INCREASE,SASA,recent,False,,0,True,UNRESOLVED_OFFICIAL_DETAIL_MISSING,False,OFFICIAL_DETAIL_NOT_CAPTURED,False
1653504,RIGHTS_ISSUE_DISCLOSURE,CVKMD,recent,False,,0,True,UNRESOLVED_OFFICIAL_DETAIL_MISSING,False,OFFICIAL_DETAIL_NOT_CAPTURED,False
1653656,DIVIDEND_PROCESS_DISCLOSURE,FENER,recent,False,,0,True,UNRESOLVED_OFFICIAL_DETAIL_MISSING,False,OFFICIAL_DETAIL_NOT_CAPTURED,False
1654175,CAPITAL_INCREASE,SASA,recent,False,,0,True,UNRESOLVED_OFFICIAL_DETAIL_MISSING,False,OFFICIAL_DETAIL_NOT_CAPTURED,False
1654560,RIGHTS_ISSUE_DISCLOSURE,CVKMD,recent,False,,0,True,UNRESOLVED_OFFICIAL_DETAIL_MISSING,False,OFFICIAL_DETAIL_NOT_CAPTURED,False
1654680,CAPITAL_INCREASE,CWENE,recent,False,,0,True,UNRESOLVED_OFFICIAL_DETAIL_MISSING,False,OFFICIAL_DETAIL_NOT_CAPTURED,False
1655191,CAPITAL_INCREASE,CWENE,recent,False,,0,True,UNRESOLVED_OFFICIAL_DETAIL_MISSING,False,OFFICIAL_DETAIL_NOT_CAPTURED,False
1655506,CAPITAL_INCREASE,HALKB,recent,False,,0,True,UNRESOLVED_OFFICIAL_DETAIL_MISSING,False,OFFICIAL_DETAIL_NOT_CAPTURED,False
1655601,CAPITAL_INCREASE,HALKB,recent,False,,0,True,UNRESOLVED_OFFICIAL_DETAIL_MISSING,False,OFFICIAL_DETAIL_NOT_CAPTURED,False
1656455,RIGHTS_ISSUE_DISCLOSURE,CVKMD,recent,False,,0,False,UNRESOLVED_OFFICIAL_DETAIL_MISSING,False,OFFICIAL_DETAIL_NOT_CAPTURED,False
1656680,BONUS_ISSUE_DISCLOSURE,RYSAS,recent,False,,0,False,UNRESOLVED_OFFICIAL_DETAIL_MISSING,False,OFFICIAL_DETAIL_NOT_CAPTURED,False
1657500,DIVIDEND_PROCESS_DISCLOSURE,GUBRF,recent,False,,0,False,UNRESOLVED_OFFICIAL_DETAIL_MISSING,False,OFFICIAL_DETAIL_NOT_CAPTURED,False
1658176,DIVIDEND_PROCESS_DISCLOSURE,GUBRF,recent,False,,0,False,UNRESOLVED_OFFICIAL_DETAIL_MISSING,False,OFFICIAL_DETAIL_NOT_CAPTURED,False
1658689,DIVIDEND_PROCESS_DISCLOSURE,TKFEN,recent,False,,0,False,UNRESOLVED_OFFICIAL_DETAIL_MISSING,False,OFFICIAL_DETAIL_NOT_CAPTURED,False
1661245,DIVIDEND_PROCESS_DISCLOSURE,KATMR,recent,False,,0,False,UNRESOLVED_OFFICIAL_DETAIL_MISSING,False,OFFICIAL_DETAIL_NOT_CAPTURED,False
1661783,BONUS_ISSUE_DISCLOSURE,KORDS,recent,False,,0,True,UNRESOLVED_OFFICIAL_DETAIL_MISSING,False,OFFICIAL_DETAIL_NOT_CAPTURED,False
1663784,BONUS_ISSUE_DISCLOSURE,KORDS,recent,False,,0,True,UNRESOLVED_OFFICIAL_DETAIL_MISSING,False,OFFICIAL_DETAIL_NOT_CAPTURED,False
1664212,MERGER,TRGYO,recent,False,,0,False,UNRESOLVED_OFFICIAL_DETAIL_MISSING,False,OFFICIAL_DETAIL_NOT_CAPTURED,False
1664867,RIGHTS_ISSUE_DISCLOSURE,KORDS,recent,False,,0,True,UNRESOLVED_OFFICIAL_DETAIL_MISSING,False,OFFICIAL_DETAIL_NOT_CAPTURED,False
1664976,BONUS_ISSUE_DISCLOSURE,AKFYE,recent,False,,0,True,UNRESOLVED_OFFICIAL_DETAIL_MISSING,False,OFFICIAL_DETAIL_NOT_CAPTURED,False
1666699,BONUS_ISSUE_DISCLOSURE,AKFYE,recent,False,,0,True,UNRESOLVED_OFFICIAL_DETAIL_MISSING,False,OFFICIAL_DETAIL_NOT_CAPTURED,False
1667913,MERGER,ECILC,recent,False,,0,False,UNRESOLVED_OFFICIAL_DETAIL_MISSING,False,OFFICIAL_DETAIL_NOT_CAPTURED,False
1667943,CAPITAL_INCREASE,HEKTS,recent,False,,0,False,UNRESOLVED_OFFICIAL_DETAIL_MISSING,False,OFFICIAL_DETAIL_NOT_CAPTURED,False
1668262,RIGHTS_ISSUE_DISCLOSURE,CVKMD,recent,False,,0,False,UNRESOLVED_OFFICIAL_DETAIL_MISSING,False,OFFICIAL_DETAIL_NOT_CAPTURED,False
1668305,MERGER,RGYAS,recent,False,,0,True,UNRESOLVED_OFFICIAL_DETAIL_MISSING,False,OFFICIAL_DETAIL_NOT_CAPTURED,False
1669662,MERGER,RGYAS,recent,False,,0,True,UNRESOLVED_OFFICIAL_DETAIL_MISSING,False,OFFICIAL_DETAIL_NOT_CAPTURED,False
1670023,DIVIDEND_PROCESS_DISCLOSURE,GUBRF,recent,False,,0,False,UNRESOLVED_OFFICIAL_DETAIL_MISSING,False,OFFICIAL_DETAIL_NOT_CAPTURED,False
1670550,MERGER,RGYAS,recent,False,,0,True,UNRESOLVED_OFFICIAL_DETAIL_MISSING,False,OFFICIAL_DETAIL_NOT_CAPTURED,False
1670572,CAPITAL_INCREASE,KORDS,recent,False,,0,True,UNRESOLVED_OFFICIAL_DETAIL_MISSING,False,OFFICIAL_DETAIL_NOT_CAPTURED,False
1671678,DIVIDEND_PROCESS_DISCLOSURE,RGYAS,recent,False,,0,True,UNRESOLVED_OFFICIAL_DETAIL_MISSING,False,OFFICIAL_DETAIL_NOT_CAPTURED,False
1672585,CAPITAL_INCREASE,HEKTS,recent,False,,0,False,UNRESOLVED_OFFICIAL_DETAIL_MISSING,False,OFFICIAL_DETAIL_NOT_CAPTURED,False
1672991,DIVIDEND_PROCESS_DISCLOSURE,RGYAS,recent,False,,0,True,UNRESOLVED_OFFICIAL_DETAIL_MISSING,False,OFFICIAL_DETAIL_NOT_CAPTURED,False
1674751,DIVIDEND_PROCESS_DISCLOSURE,GUBRF,recent,False,,0,False,UNRESOLVED_OFFICIAL_DETAIL_MISSING,False,OFFICIAL_DETAIL_NOT_CAPTURED,False
