ticker,source_symbol,trade_date,dividend,stock_split
AEFES,AEFES.IS,2026-04-23,,
AEFES,AEFES.IS,2026-05-01,,
AEFES,AEFES.IS,2026-05-13,0.16975,0.0
AEFES,AEFES.IS,2026-05-19,,
AEFES,AEFES.IS,2026-07-15,,
AEFES,AEFES.IS,2026-10-05,0.16975,0.0
AGHOL,AGHOL.IS,2025-08-06,0.0,10.0
AGHOL,AGHOL.IS,2026-04-23,,
AGHOL,AGHOL.IS,2026-05-01,,
AGHOL,AGHOL.IS,2026-05-19,,
AGHOL,AGHOL.IS,2026-05-20,0.698053,0.0
AGHOL,AGHOL.IS,2026-07-15,,
AHGAZ,AHGAZ.IS,2026-04-23,,
AHGAZ,AHGAZ.IS,2026-05-01,,
AHGAZ,AHGAZ.IS,2026-05-19,,
AHGAZ,AHGAZ.IS,2026-07-15,,
AHGAZ,AHGAZ.IS,2026-08-24,0.057692,0.0
AKBNK,AKBNK.IS,2026-03-26,2.2018,0.0
AKBNK,AKBNK.IS,2026-04-23,,
AKBNK,AKBNK.IS,2026-05-01,,
AKBNK,AKBNK.IS,2026-05-19,,
AKBNK,AKBNK.IS,2026-07-15,,
AKCNS,AKCNS.IS,2026-04-23,,
AKCNS,AKCNS.IS,2026-05-01,,
AKCNS,AKCNS.IS,2026-05-19,,
AKCNS,AKCNS.IS,2026-06-01,1.880415,0.0
AKCNS,AKCNS.IS,2026-07-15,,
AKFYE,AKFYE.IS,2026-09-21,0.0,6.0
AKSA,AKSA.IS,2026-04-03,0.58,0.0
AKSA,AKSA.IS,2026-04-23,,
AKSA,AKSA.IS,2026-05-01,,
AKSA,AKSA.IS,2026-05-19,,
AKSA,AKSA.IS,2026-07-15,,
AKSEN,AKSEN.IS,2026-04-23,,
AKSEN,AKSEN.IS,2026-05-01,,
AKSEN,AKSEN.IS,2026-05-19,,
AKSEN,AKSEN.IS,2026-07-15,,
ALARK,ALARK.IS,2026-04-23,,
ALARK,ALARK.IS,2026-05-01,,
ALARK,ALARK.IS,2026-05-04,3.185,0.0
ALARK,ALARK.IS,2026-05-19,,
ALARK,ALARK.IS,2026-07-15,,
ALBRK,ALBRK.IS,2026-04-15,0.261802,0.0
ALBRK,ALBRK.IS,2026-04-23,,
ALBRK,ALBRK.IS,2026-05-01,,
ALBRK,ALBRK.IS,2026-05-19,,
ALBRK,ALBRK.IS,2026-07-15,,
ALTNY,ALTNY.IS,2025-12-26,0.0,4.25
ALTNY,ALTNY.IS,2026-04-23,,
ALTNY,ALTNY.IS,2026-05-01,,
ALTNY,ALTNY.IS,2026-05-19,,
ALTNY,ALTNY.IS,2026-07-15,,
ANHYT,ANHYT.IS,2026-03-26,8.139535,0.0
ANHYT,ANHYT.IS,2026-04-23,,
ANHYT,ANHYT.IS,2026-05-01,,
ANHYT,ANHYT.IS,2026-05-19,,
ANHYT,ANHYT.IS,2026-07-15,,
ANSGR,ANSGR.IS,2025-08-13,0.0,4.0
ANSGR,ANSGR.IS,2026-04-01,1.375,0.0
ANSGR,ANSGR.IS,2026-04-23,,
ANSGR,ANSGR.IS,2026-05-01,,
ANSGR,ANSGR.IS,2026-05-19,,
ANSGR,ANSGR.IS,2026-07-15,,
ARCLK,ARCLK.IS,2026-04-23,,
ARCLK,ARCLK.IS,2026-05-01,,
ARCLK,ARCLK.IS,2026-05-19,,
ARCLK,ARCLK.IS,2026-07-15,,
ASELS,ASELS.IS,2025-11-25,0.234649,0.0
ASELS,ASELS.IS,2026-04-23,,
ASELS,ASELS.IS,2026-05-01,,
ASELS,ASELS.IS,2026-05-19,,
ASELS,ASELS.IS,2026-07-15,,
ASTOR,ASTOR.IS,2025-08-18,1.512088,0.0
ASTOR,ASTOR.IS,2026-04-23,,
ASTOR,ASTOR.IS,2026-05-01,,
ASTOR,ASTOR.IS,2026-05-19,,
ASTOR,ASTOR.IS,2026-07-15,,
AYGAZ,AYGAZ.IS,2026-03-16,12.55,0.0
AYGAZ,AYGAZ.IS,2026-04-23,,
AYGAZ,AYGAZ.IS,2026-05-01,,
AYGAZ,AYGAZ.IS,2026-05-19,,
AYGAZ,AYGAZ.IS,2026-07-15,,
BERA,BERA.IS,2026-04-23,,
BERA,BERA.IS,2026-05-01,,
BERA,BERA.IS,2026-05-19,,
BERA,BERA.IS,2026-07-15,,
BIMAS,BIMAS.IS,2025-09-17,2.0,0.0
BIMAS,BIMAS.IS,2025-12-17,2.5,0.0
BIMAS,BIMAS.IS,2026-05-14,0.0,2.0
BIMAS,BIMAS.IS,2026-05-19,,
BIMAS,BIMAS.IS,2026-06-17,2.0,0.0
BIMAS,BIMAS.IS,2026-07-15,,
BIMAS,BIMAS.IS,2026-09-16,2.5,0.0
BINHO,BINHO.IS,2025-09-04,0.0,27.45
BINHO,BINHO.IS,2026-04-23,,
BINHO,BINHO.IS,2026-05-01,,
BINHO,BINHO.IS,2026-05-19,,
BINHO,BINHO.IS,2026-07-15,,
BRSAN,BRSAN.IS,2026-04-23,,
BRSAN,BRSAN.IS,2026-05-01,,
BRSAN,BRSAN.IS,2026-05-19,,
BRSAN,BRSAN.IS,2026-07-15,,
BRYAT,BRYAT.IS,2026-04-08,166.14581,0.0
BRYAT,BRYAT.IS,2026-04-23,,
BRYAT,BRYAT.IS,2026-05-01,,
BRYAT,BRYAT.IS,2026-05-19,,
BRYAT,BRYAT.IS,2026-07-15,,
BTCIM,BTCIM.IS,2026-04-23,,
BTCIM,BTCIM.IS,2026-05-01,,
BTCIM,BTCIM.IS,2026-05-19,,
BTCIM,BTCIM.IS,2026-07-15,,
CANTE,CANTE.IS,2026-04-23,,
CANTE,CANTE.IS,2026-05-01,,
CANTE,CANTE.IS,2026-05-19,,
CANTE,CANTE.IS,2026-07-15,,
CCOLA,CCOLA.IS,2026-04-23,,
CCOLA,CCOLA.IS,2026-05-01,,
CCOLA,CCOLA.IS,2026-05-12,1.43,0.0
CCOLA,CCOLA.IS,2026-05-19,,
CCOLA,CCOLA.IS,2026-07-15,,
CIMSA,CIMSA.IS,2026-04-01,0.740278,0.0
CIMSA,CIMSA.IS,2026-04-23,,
CIMSA,CIMSA.IS,2026-05-01,,
CIMSA,CIMSA.IS,2026-05-19,,
CIMSA,CIMSA.IS,2026-07-15,,
CVKMD,CVKMD.IS,2026-04-23,,
CVKMD,CVKMD.IS,2026-05-01,,
CVKMD,CVKMD.IS,2026-05-19,,
CVKMD,CVKMD.IS,2026-07-15,,
CWENE,CWENE.IS,2025-11-06,0.0,1.07829
CWENE,CWENE.IS,2026-04-23,,
CWENE,CWENE.IS,2026-05-01,,
CWENE,CWENE.IS,2026-05-19,,
CWENE,CWENE.IS,2026-07-15,,
DOAS,DOAS.IS,2026-04-13,15.0,0.0
DOAS,DOAS.IS,2026-04-23,,
DOAS,DOAS.IS,2026-05-01,,
DOAS,DOAS.IS,2026-05-19,,
DOAS,DOAS.IS,2026-07-15,,
DOAS,DOAS.IS,2026-08-13,15.0,0.0
DOHOL,DOHOL.IS,2025-09-01,0.305694,0.0
DOHOL,DOHOL.IS,2026-04-23,,
DOHOL,DOHOL.IS,2026-05-01,,
DOHOL,DOHOL.IS,2026-05-19,,
DOHOL,DOHOL.IS,2026-07-15,,
ECILC,ECILC.IS,2026-04-23,,
ECILC,ECILC.IS,2026-05-01,,
ECILC,ECILC.IS,2026-05-06,1.75116,0.0
ECILC,ECILC.IS,2026-05-19,,
ECILC,ECILC.IS,2026-07-15,,
ECZYT,ECZYT.IS,2026-04-23,,
ECZYT,ECZYT.IS,2026-05-01,,
ECZYT,ECZYT.IS,2026-05-06,5.714286,0.0
ECZYT,ECZYT.IS,2026-05-19,,
ECZYT,ECZYT.IS,2026-07-15,,
EGEEN,EGEEN.IS,2026-04-23,,
EGEEN,EGEEN.IS,2026-05-01,,
EGEEN,EGEEN.IS,2026-05-19,,
EGEEN,EGEEN.IS,2026-07-15,,
EGGUB,EGGUB.IS,2026-04-23,,
EGGUB,EGGUB.IS,2026-05-01,,
EGGUB,EGGUB.IS,2026-05-04,2.5,0.0
EGGUB,EGGUB.IS,2026-05-19,,
EGGUB,EGGUB.IS,2026-07-15,,
EKGYO,EKGYO.IS,2026-04-23,,
EKGYO,EKGYO.IS,2026-05-01,,
EKGYO,EKGYO.IS,2026-05-19,,
EKGYO,EKGYO.IS,2026-06-24,0.6,0.0
EKGYO,EKGYO.IS,2026-07-15,,
ENERY,ENERY.IS,2025-08-11,0.011111,0.0
ENERY,ENERY.IS,2026-04-23,,
ENERY,ENERY.IS,2026-05-01,,
ENERY,ENERY.IS,2026-05-19,,
ENERY,ENERY.IS,2026-07-15,,
ENERY,ENERY.IS,2026-08-25,0.016667,0.0
ENJSA,ENJSA.IS,2026-04-13,5.08,0.0
ENJSA,ENJSA.IS,2026-04-23,,
ENJSA,ENJSA.IS,2026-05-01,,
ENJSA,ENJSA.IS,2026-05-19,,
ENJSA,ENJSA.IS,2026-07-15,,
ENKAI,ENKAI.IS,2025-10-08,0.833333,0.0
ENKAI,ENKAI.IS,2026-01-14,0.833333,0.0
ENKAI,ENKAI.IS,2026-04-08,2.1,0.0
ENKAI,ENKAI.IS,2026-04-23,,
ENKAI,ENKAI.IS,2026-05-01,,
ENKAI,ENKAI.IS,2026-05-19,,
ENKAI,ENKAI.IS,2026-07-15,,
ENTRA,ENTRA.IS,2026-06-01,0.0,2.0
ENTRA,ENTRA.IS,2026-07-15,,
EREGL,EREGL.IS,2025-07-02,0.25,0.0
EREGL,EREGL.IS,2026-04-23,,
EREGL,EREGL.IS,2026-05-01,,
EREGL,EREGL.IS,2026-05-19,,
EREGL,EREGL.IS,2026-06-03,0.55,0.0
EREGL,EREGL.IS,2026-07-15,,
EUREN,EUREN.IS,2026-04-23,,
EUREN,EUREN.IS,2026-05-01,,
EUREN,EUREN.IS,2026-05-19,,
EUREN,EUREN.IS,2026-07-15,,
FENER,FENER.IS,2026-04-23,,
FENER,FENER.IS,2026-05-01,,
FENER,FENER.IS,2026-05-19,,
FENER,FENER.IS,2026-07-15,,
FROTO,FROTO.IS,2025-12-03,6.05,0.0
FROTO,FROTO.IS,2026-03-16,3.64,0.0
FROTO,FROTO.IS,2026-04-23,,
FROTO,FROTO.IS,2026-05-01,,
FROTO,FROTO.IS,2026-05-19,,
FROTO,FROTO.IS,2026-07-15,,
GARAN,GARAN.IS,2026-04-07,5.266887,0.0
GARAN,GARAN.IS,2026-04-23,,
GARAN,GARAN.IS,2026-05-01,,
GARAN,GARAN.IS,2026-05-19,,
GARAN,GARAN.IS,2026-07-15,,
GLRMK,GLRMK.IS,2026-04-23,,
GLRMK,GLRMK.IS,2026-05-01,,
GLRMK,GLRMK.IS,2026-05-19,,
GLRMK,GLRMK.IS,2026-07-15,,
GLYHO,GLYHO.IS,2025-09-30,0.064103,0.0
GLYHO,GLYHO.IS,2026-04-23,,
GLYHO,GLYHO.IS,2026-05-01,,
GLYHO,GLYHO.IS,2026-05-19,,
GLYHO,GLYHO.IS,2026-07-15,,
GRSEL,GRSEL.IS,2025-07-18,0.392157,0.0
GRSEL,GRSEL.IS,2025-07-25,0.392157,0.0
GRSEL,GRSEL.IS,2026-04-23,,
GRSEL,GRSEL.IS,2026-05-01,,
GRSEL,GRSEL.IS,2026-05-11,0.735294,0.0
GRSEL,GRSEL.IS,2026-05-18,0.735294,0.0
GRSEL,GRSEL.IS,2026-05-19,,
GRSEL,GRSEL.IS,2026-07-15,,
GUBRF,GUBRF.IS,2026-04-23,,
GUBRF,GUBRF.IS,2026-05-01,,
GUBRF,GUBRF.IS,2026-05-19,,
GUBRF,GUBRF.IS,2026-07-15,,
GWIND,GWIND.IS,2025-11-26,0.640741,0.0
GWIND,GWIND.IS,2026-04-23,,
GWIND,GWIND.IS,2026-05-01,,
GWIND,GWIND.IS,2026-05-19,,
GWIND,GWIND.IS,2026-07-15,,
HALKB,HALKB.IS,2026-04-23,,
HALKB,HALKB.IS,2026-05-01,,
HALKB,HALKB.IS,2026-05-19,,
HALKB,HALKB.IS,2026-07-15,,
HEKTS,HEKTS.IS,2026-04-23,,
HEKTS,HEKTS.IS,2026-05-01,,
HEKTS,HEKTS.IS,2026-05-19,,
HEKTS,HEKTS.IS,2026-07-15,,
ISCTR,ISCTR.IS,2026-04-01,0.539521,0.0
ISCTR,ISCTR.IS,2026-04-23,,
ISCTR,ISCTR.IS,2026-05-01,,
ISCTR,ISCTR.IS,2026-05-19,,
ISCTR,ISCTR.IS,2026-07-15,,
ISDMR,ISDMR.IS,2025-07-02,0.25,0.0
ISDMR,ISDMR.IS,2026-04-23,,
ISDMR,ISDMR.IS,2026-05-01,,
ISDMR,ISDMR.IS,2026-05-19,,
ISDMR,ISDMR.IS,2026-06-03,4.5,0.0
ISDMR,ISDMR.IS,2026-07-15,,
ISMEN,ISMEN.IS,2026-04-01,3.166667,0.0
ISMEN,ISMEN.IS,2026-04-23,,
ISMEN,ISMEN.IS,2026-05-01,,
ISMEN,ISMEN.IS,2026-05-19,,
ISMEN,ISMEN.IS,2026-07-15,,
KARSN,KARSN.IS,2026-04-23,,
KARSN,KARSN.IS,2026-05-01,,
KARSN,KARSN.IS,2026-05-19,,
KARSN,KARSN.IS,2026-07-15,,
KATMR,KATMR.IS,2026-04-23,,
KATMR,KATMR.IS,2026-05-01,,
KATMR,KATMR.IS,2026-05-19,,
KATMR,KATMR.IS,2026-07-15,,
KCAER,KCAER.IS,2025-07-02,0.086162,0.0
KCAER,KCAER.IS,2026-04-23,,
KCAER,KCAER.IS,2026-05-01,,
KCAER,KCAER.IS,2026-05-19,,
KCAER,KCAER.IS,2026-07-01,0.169713,0.0
KCAER,KCAER.IS,2026-07-15,,
KCHOL,KCHOL.IS,2026-03-25,6.83,0.0
KCHOL,KCHOL.IS,2026-04-23,,
KCHOL,KCHOL.IS,2026-05-01,,
KCHOL,KCHOL.IS,2026-05-19,,
KCHOL,KCHOL.IS,2026-07-15,,
KORDS,KORDS.IS,2026-09-14,0.0,18.999012
KRDMD,KRDMD.IS,2026-04-23,,
KRDMD,KRDMD.IS,2026-05-01,,
KRDMD,KRDMD.IS,2026-05-19,,
KRDMD,KRDMD.IS,2026-07-15,,
LMKDC,LMKDC.IS,2026-04-23,,
LMKDC,LMKDC.IS,2026-05-01,,
LMKDC,LMKDC.IS,2026-05-19,,
LMKDC,LMKDC.IS,2026-06-02,2.0,0.0
LMKDC,LMKDC.IS,2026-07-15,,
MAVI,MAVI.IS,2026-04-23,,
MAVI,MAVI.IS,2026-05-01,,
MAVI,MAVI.IS,2026-05-06,1.673042,0.0
MAVI,MAVI.IS,2026-05-19,,
MAVI,MAVI.IS,2026-07-15,,
MGROS,MGROS.IS,2025-11-12,3.590085,0.0
MGROS,MGROS.IS,2026-04-23,,
MGROS,MGROS.IS,2026-05-01,,
MGROS,MGROS.IS,2026-05-13,4.556646,0.0
MGROS,MGROS.IS,2026-05-19,,
MGROS,MGROS.IS,2026-07-15,,
MPARK,MPARK.IS,2026-04-23,,
MPARK,MPARK.IS,2026-05-01,,
MPARK,MPARK.IS,2026-05-19,,
MPARK,MPARK.IS,2026-07-15,,
OBAMS,OBAMS.IS,2025-12-01,0.0,6.0
OBAMS,OBAMS.IS,2025-12-22,0.034916,0.0
OBAMS,OBAMS.IS,2026-04-23,,
OBAMS,OBAMS.IS,2026-05-01,,
OBAMS,OBAMS.IS,2026-05-19,,
OBAMS,OBAMS.IS,2026-07-15,,
ODAS,ODAS.IS,2026-04-23,,
ODAS,ODAS.IS,2026-05-01,,
ODAS,ODAS.IS,2026-05-19,,
ODAS,ODAS.IS,2026-07-15,,
OTKAR,OTKAR.IS,2026-04-23,,
OTKAR,OTKAR.IS,2026-05-01,,
OTKAR,OTKAR.IS,2026-05-19,,
OTKAR,OTKAR.IS,2026-07-15,,
OYAKC,OYAKC.IS,2025-10-30,1.0,0.0
OYAKC,OYAKC.IS,2026-04-23,,
OYAKC,OYAKC.IS,2026-05-01,,
OYAKC,OYAKC.IS,2026-05-19,,
OYAKC,OYAKC.IS,2026-07-15,,
PAHOL,PAHOL.IS,2025-07-01,,
PAHOL,PAHOL.IS,2025-07-02,,
PAHOL,PAHOL.IS,2025-07-03,,
PAHOL,PAHOL.IS,2025-07-04,,
PAHOL,PAHOL.IS,2025-07-07,,
PAHOL,PAHOL.IS,2025-07-08,,
PAHOL,PAHOL.IS,2025-07-09,,
PAHOL,PAHOL.IS,2025-07-10,,
PAHOL,PAHOL.IS,2025-07-11,,
PAHOL,PAHOL.IS,2025-07-14,,
PAHOL,PAHOL.IS,2025-07-16,,
PAHOL,PAHOL.IS,2025-07-17,,
PAHOL,PAHOL.IS,2025-07-18,,
PAHOL,PAHOL.IS,2025-07-21,,
PAHOL,PAHOL.IS,2025-07-22,,
PAHOL,PAHOL.IS,2025-07-23,,
PAHOL,PAHOL.IS,2025-07-24,,
PAHOL,PAHOL.IS,2025-07-25,,
PAHOL,PAHOL.IS,2025-07-28,,
PAHOL,PAHOL.IS,2025-07-29,,
PAHOL,PAHOL.IS,2025-07-30,,
PAHOL,PAHOL.IS,2025-07-31,,
PAHOL,PAHOL.IS,2025-08-01,,
PAHOL,PAHOL.IS,2025-08-04,,
PAHOL,PAHOL.IS,2025-08-05,,
PAHOL,PAHOL.IS,2025-08-06,,
PAHOL,PAHOL.IS,2025-08-07,,
PAHOL,PAHOL.IS,2025-08-08,,
PAHOL,PAHOL.IS,2025-08-11,,
PAHOL,PAHOL.IS,2025-08-12,,
PAHOL,PAHOL.IS,2025-08-13,,
PAHOL,PAHOL.IS,2025-08-14,,
PAHOL,PAHOL.IS,2025-08-15,,
PAHOL,PAHOL.IS,2025-08-18,,
PAHOL,PAHOL.IS,2025-08-19,,
PAHOL,PAHOL.IS,2025-08-20,,
PAHOL,PAHOL.IS,2025-08-21,,
PAHOL,PAHOL.IS,2025-08-22,,
PAHOL,PAHOL.IS,2025-08-25,,
PAHOL,PAHOL.IS,2025-08-26,,
PAHOL,PAHOL.IS,2025-08-27,,
PAHOL,PAHOL.IS,2025-08-28,,
PAHOL,PAHOL.IS,2025-08-29,,
PAHOL,PAHOL.IS,2025-09-01,,
PAHOL,PAHOL.IS,2025-09-02,,
PAHOL,PAHOL.IS,2025-09-03,,
PAHOL,PAHOL.IS,2025-09-04,,
PAHOL,PAHOL.IS,2025-09-05,,
PAHOL,PAHOL.IS,2025-09-08,,
PAHOL,PAHOL.IS,2025-09-09,,
PAHOL,PAHOL.IS,2025-09-10,,
PAHOL,PAHOL.IS,2025-09-11,,
PAHOL,PAHOL.IS,2025-09-12,,
PAHOL,PAHOL.IS,2025-09-15,,
PAHOL,PAHOL.IS,2025-09-16,,
PAHOL,PAHOL.IS,2025-09-17,,
PAHOL,PAHOL.IS,2025-09-18,,
PAHOL,PAHOL.IS,2025-09-19,,
PAHOL,PAHOL.IS,2025-09-22,,
PAHOL,PAHOL.IS,2025-09-23,,
PAHOL,PAHOL.IS,2025-09-24,,
PAHOL,PAHOL.IS,2025-09-25,,
PAHOL,PAHOL.IS,2025-09-26,,
PAHOL,PAHOL.IS,2025-09-29,,
PAHOL,PAHOL.IS,2025-09-30,,
PAHOL,PAHOL.IS,2025-10-01,,
PAHOL,PAHOL.IS,2025-10-02,,
PAHOL,PAHOL.IS,2025-10-03,,
PAHOL,PAHOL.IS,2025-10-06,,
PAHOL,PAHOL.IS,2025-10-07,,
PAHOL,PAHOL.IS,2025-10-08,,
PAHOL,PAHOL.IS,2025-10-09,,
PAHOL,PAHOL.IS,2025-10-10,,
PAHOL,PAHOL.IS,2025-10-13,,
PAHOL,PAHOL.IS,2025-10-14,,
PAHOL,PAHOL.IS,2025-10-15,,
PAHOL,PAHOL.IS,2025-10-16,,
PAHOL,PAHOL.IS,2025-10-17,,
PAHOL,PAHOL.IS,2025-10-20,,
PAHOL,PAHOL.IS,2025-10-21,,
PAHOL,PAHOL.IS,2025-10-22,,
PAHOL,PAHOL.IS,2025-10-23,,
PAHOL,PAHOL.IS,2025-10-24,,
PAHOL,PAHOL.IS,2025-10-27,,
PAHOL,PAHOL.IS,2025-10-28,,
PAHOL,PAHOL.IS,2025-10-30,,
PAHOL,PAHOL.IS,2025-10-31,,
PAHOL,PAHOL.IS,2025-11-03,,
PAHOL,PAHOL.IS,2025-11-04,,
PAHOL,PAHOL.IS,2025-11-05,,
PAHOL,PAHOL.IS,2025-11-06,,
PAHOL,PAHOL.IS,2025-11-07,,
PAHOL,PAHOL.IS,2025-11-10,,
PAHOL,PAHOL.IS,2025-11-11,,
PAHOL,PAHOL.IS,2025-11-12,,
PAHOL,PAHOL.IS,2025-11-13,,
PAHOL,PAHOL.IS,2025-11-14,,
PAHOL,PAHOL.IS,2025-11-17,,
PAHOL,PAHOL.IS,2025-11-18,,
PAHOL,PAHOL.IS,2025-11-19,,
PAHOL,PAHOL.IS,2025-11-20,,
PAHOL,PAHOL.IS,2026-04-23,,
PAHOL,PAHOL.IS,2026-05-01,,
PAHOL,PAHOL.IS,2026-05-19,,
PAHOL,PAHOL.IS,2026-07-15,,
PETKM,PETKM.IS,2026-04-23,,
PETKM,PETKM.IS,2026-05-01,,
PETKM,PETKM.IS,2026-05-19,,
PETKM,PETKM.IS,2026-07-15,,
PGSUS,PGSUS.IS,2026-04-23,,
PGSUS,PGSUS.IS,2026-05-01,,
PGSUS,PGSUS.IS,2026-05-19,,
PGSUS,PGSUS.IS,2026-07-15,,
RGYAS,RGYAS.IS,2025-12-18,1.639386,0.0
RGYAS,RGYAS.IS,2026-04-23,,
RGYAS,RGYAS.IS,2026-05-01,,
RGYAS,RGYAS.IS,2026-05-19,,
RGYAS,RGYAS.IS,2026-07-15,,
RGYAS,RGYAS.IS,2026-10-07,7.820111,0.0
RYSAS,RYSAS.IS,2026-04-23,,
RYSAS,RYSAS.IS,2026-05-01,,
RYSAS,RYSAS.IS,2026-05-19,,
RYSAS,RYSAS.IS,2026-07-15,,
SAHOL,SAHOL.IS,2026-04-01,1.41356,0.0
SAHOL,SAHOL.IS,2026-04-23,,
SAHOL,SAHOL.IS,2026-05-01,,
SAHOL,SAHOL.IS,2026-05-19,,
SAHOL,SAHOL.IS,2026-07-15,,
SASA,SASA.IS,2026-04-23,,
SASA,SASA.IS,2026-05-01,,
SASA,SASA.IS,2026-05-19,,
SASA,SASA.IS,2026-07-15,,
SISE,SISE.IS,2026-04-23,,
SISE,SISE.IS,2026-05-01,,
SISE,SISE.IS,2026-05-19,,
SISE,SISE.IS,2026-06-01,0.587618,0.0
SISE,SISE.IS,2026-07-15,,
SNGYO,SNGYO.IS,2026-04-23,,
SNGYO,SNGYO.IS,2026-05-01,,
SNGYO,SNGYO.IS,2026-05-19,,
SNGYO,SNGYO.IS,2026-07-15,,
SOKM,SOKM.IS,2026-04-23,,
SOKM,SOKM.IS,2026-05-01,,
SOKM,SOKM.IS,2026-05-19,,
SOKM,SOKM.IS,2026-07-15,,
TABGD,TABGD.IS,2026-04-23,,
TABGD,TABGD.IS,2026-05-01,,
TABGD,TABGD.IS,2026-05-19,,
TABGD,TABGD.IS,2026-06-04,5.0,0.0
TABGD,TABGD.IS,2026-07-15,,
TAVHL,TAVHL.IS,2026-04-23,,
TAVHL,TAVHL.IS,2026-05-01,,
TAVHL,TAVHL.IS,2026-05-19,,
TAVHL,TAVHL.IS,2026-07-15,,
TAVHL,TAVHL.IS,2026-07-21,1.80499,0.0
TAVHL,TAVHL.IS,2026-09-22,1.80499,0.0
TCELL,TCELL.IS,2025-12-26,1.818182,0.0
TCELL,TCELL.IS,2026-04-23,,
TCELL,TCELL.IS,2026-05-01,,
TCELL,TCELL.IS,2026-05-19,,
TCELL,TCELL.IS,2026-07-15,,
TCKRC,TCKRC.IS,2026-04-23,,
TCKRC,TCKRC.IS,2026-05-01,,
TCKRC,TCKRC.IS,2026-05-19,,
TCKRC,TCKRC.IS,2026-07-15,,
THYAO,THYAO.IS,2025-09-02,3.442029,0.0
THYAO,THYAO.IS,2026-04-23,,
THYAO,THYAO.IS,2026-05-01,,
THYAO,THYAO.IS,2026-05-19,,
THYAO,THYAO.IS,2026-07-15,,
TKFEN,TKFEN.IS,2025-12-31,0.331853,0.0
TKFEN,TKFEN.IS,2026-04-23,,
TKFEN,TKFEN.IS,2026-05-01,,
TKFEN,TKFEN.IS,2026-05-19,,
TKFEN,TKFEN.IS,2026-07-15,,
TOASO,TOASO.IS,2026-03-23,20.0,0.0
TOASO,TOASO.IS,2026-04-23,,
TOASO,TOASO.IS,2026-05-01,,
TOASO,TOASO.IS,2026-05-19,,
TOASO,TOASO.IS,2026-07-15,,
TRALT,TRALT.IS,2026-04-23,,
TRALT,TRALT.IS,2026-05-01,,
TRALT,TRALT.IS,2026-05-19,,
TRALT,TRALT.IS,2026-07-15,,
TRALT,TRALT.IS,2026-10-06,0.5,0.0
TRENJ,TRENJ.IS,2026-04-23,,
TRENJ,TRENJ.IS,2026-05-01,,
TRENJ,TRENJ.IS,2026-05-19,,
TRENJ,TRENJ.IS,2026-07-15,,
TRGYO,TRGYO.IS,2026-04-23,,
TRGYO,TRGYO.IS,2026-05-01,,
TRGYO,TRGYO.IS,2026-05-19,,
TRGYO,TRGYO.IS,2026-05-21,5.0,0.0
TRGYO,TRGYO.IS,2026-07-15,,
TRMET,TRMET.IS,2026-04-23,,
TRMET,TRMET.IS,2026-05-01,,
TRMET,TRMET.IS,2026-05-19,,
TRMET,TRMET.IS,2026-07-15,,
TSKB,TSKB.IS,2026-03-27,0.535793,0.0
TSKB,TSKB.IS,2026-04-23,,
TSKB,TSKB.IS,2026-05-01,,
TSKB,TSKB.IS,2026-05-19,,
TSKB,TSKB.IS,2026-07-15,,
TTKOM,TTKOM.IS,2026-04-23,,
TTKOM,TTKOM.IS,2026-05-01,,
TTKOM,TTKOM.IS,2026-05-19,,
TTKOM,TTKOM.IS,2026-07-15,,
TTRAK,TTRAK.IS,2026-04-23,,
TTRAK,TTRAK.IS,2026-05-01,,
TTRAK,TTRAK.IS,2026-05-19,,
TTRAK,TTRAK.IS,2026-07-15,,
TUKAS,TUKAS.IS,2026-04-23,,
TUKAS,TUKAS.IS,2026-05-01,,
TUKAS,TUKAS.IS,2026-05-19,,
TUKAS,TUKAS.IS,2026-07-15,,
TUPRS,TUPRS.IS,2025-09-30,7.421649,0.0
TUPRS,TUPRS.IS,2026-03-16,10.379928,0.0
TUPRS,TUPRS.IS,2026-04-23,,
TUPRS,TUPRS.IS,2026-05-01,,
TUPRS,TUPRS.IS,2026-05-19,,
TUPRS,TUPRS.IS,2026-07-15,,
TUPRS,TUPRS.IS,2026-09-30,6.746953,0.0
TURSG,TURSG.IS,2025-08-28,0.1,0.0
TURSG,TURSG.IS,2026-06-15,0.0,2.0
TURSG,TURSG.IS,2026-07-15,,
TURSG,TURSG.IS,2026-08-27,0.15,0.0
ULKER,ULKER.IS,2026-04-23,,
ULKER,ULKER.IS,2026-05-01,,
ULKER,ULKER.IS,2026-05-19,,
ULKER,ULKER.IS,2026-06-19,5.732842,0.0
ULKER,ULKER.IS,2026-07-15,,
VAKBN,VAKBN.IS,2026-04-23,,
VAKBN,VAKBN.IS,2026-05-01,,
VAKBN,VAKBN.IS,2026-05-19,,
VAKBN,VAKBN.IS,2026-07-15,,
VESTL,VESTL.IS,2026-04-23,,
VESTL,VESTL.IS,2026-05-01,,
VESTL,VESTL.IS,2026-05-19,,
VESTL,VESTL.IS,2026-07-15,,
YKBNK,YKBNK.IS,2026-04-23,,
YKBNK,YKBNK.IS,2026-05-01,,
YKBNK,YKBNK.IS,2026-05-19,,
YKBNK,YKBNK.IS,2026-07-15,,
ZOREN,ZOREN.IS,2026-04-23,,
ZOREN,ZOREN.IS,2026-05-01,,
ZOREN,ZOREN.IS,2026-05-19,,
ZOREN,ZOREN.IS,2026-07-15,,
