ticker,index_code,effective_period_start,effective_period_end
AEFES,XU100,2026-10-01,2026-12-31
AGHOL,XU100,2026-10-01,2026-12-31
AHGAZ,XU100,2026-10-01,2026-12-31
AKBNK,XU100,2026-10-01,2026-12-31
AKCNS,XU100,2026-10-01,2026-12-31
AKFYE,XU100,2026-10-01,2026-12-31
AKSA,XU100,2026-10-01,2026-12-31
AKSEN,XU100,2026-10-01,2026-12-31
ALARK,XU100,2026-10-01,2026-12-31
ALBRK,XU100,2026-10-01,2026-12-31
ALTNY,XU100,2026-10-01,2026-12-31
ANHYT,XU100,2026-10-01,2026-12-31
ANSGR,XU100,2026-10-01,2026-12-31
ARCLK,XU100,2026-10-01,2026-12-31
ASELS,XU100,2026-10-01,2026-12-31
ASTOR,XU100,2026-10-01,2026-12-31
AYGAZ,XU100,2026-10-01,2026-12-31
BERA,XU100,2026-10-01,2026-12-31
BIMAS,XU100,2026-10-01,2026-12-31
BINHO,XU100,2026-10-01,2026-12-31
BRSAN,XU100,2026-10-01,2026-12-31
BRYAT,XU100,2026-10-01,2026-12-31
BTCIM,XU100,2026-10-01,2026-12-31
CANTE,XU100,2026-10-01,2026-12-31
CCOLA,XU100,2026-10-01,2026-12-31
CIMSA,XU100,2026-10-01,2026-12-31
CVKMD,XU100,2026-10-01,2026-12-31
CWENE,XU100,2026-10-01,2026-12-31
DOAS,XU100,2026-10-01,2026-12-31
DOHOL,XU100,2026-10-01,2026-12-31
ECILC,XU100,2026-10-01,2026-12-31
ECZYT,XU100,2026-10-01,2026-12-31
EGEEN,XU100,2026-10-01,2026-12-31
EGGUB,XU100,2026-10-01,2026-12-31
EKGYO,XU100,2026-10-01,2026-12-31
ENERY,XU100,2026-10-01,2026-12-31
ENJSA,XU100,2026-10-01,2026-12-31
ENKAI,XU100,2026-10-01,2026-12-31
ENTRA,XU100,2026-10-01,2026-12-31
EREGL,XU100,2026-10-01,2026-12-31
EUREN,XU100,2026-10-01,2026-12-31
FENER,XU100,2026-10-01,2026-12-31
FROTO,XU100,2026-10-01,2026-12-31
GARAN,XU100,2026-10-01,2026-12-31
GLRMK,XU100,2026-10-01,2026-12-31
GLYHO,XU100,2026-10-01,2026-12-31
GRSEL,XU100,2026-10-01,2026-12-31
GUBRF,XU100,2026-10-01,2026-12-31
GWIND,XU100,2026-10-01,2026-12-31
HALKB,XU100,2026-10-01,2026-12-31
HEKTS,XU100,2026-10-01,2026-12-31
ISCTR,XU100,2026-10-01,2026-12-31
ISDMR,XU100,2026-10-01,2026-12-31
ISMEN,XU100,2026-10-01,2026-12-31
KARSN,XU100,2026-10-01,2026-12-31
KATMR,XU100,2026-10-01,2026-12-31
KCAER,XU100,2026-10-01,2026-12-31
KCHOL,XU100,2026-10-01,2026-12-31
KORDS,XU100,2026-10-01,2026-12-31
KRDMD,XU100,2026-10-01,2026-12-31
LMKDC,XU100,2026-10-01,2026-12-31
MAVI,XU100,2026-10-01,2026-12-31
MGROS,XU100,2026-10-01,2026-12-31
MPARK,XU100,2026-10-01,2026-12-31
OBAMS,XU100,2026-10-01,2026-12-31
ODAS,XU100,2026-10-01,2026-12-31
OTKAR,XU100,2026-10-01,2026-12-31
OYAKC,XU100,2026-10-01,2026-12-31
PAHOL,XU100,2026-10-01,2026-12-31
PETKM,XU100,2026-10-01,2026-12-31
PGSUS,XU100,2026-10-01,2026-12-31
RGYAS,XU100,2026-10-01,2026-12-31
RYSAS,XU100,2026-10-01,2026-12-31
SAHOL,XU100,2026-10-01,2026-12-31
SASA,XU100,2026-10-01,2026-12-31
SISE,XU100,2026-10-01,2026-12-31
SNGYO,XU100,2026-10-01,2026-12-31
SOKM,XU100,2026-10-01,2026-12-31
TABGD,XU100,2026-10-01,2026-12-31
TAVHL,XU100,2026-10-01,2026-12-31
TCELL,XU100,2026-10-01,2026-12-31
TCKRC,XU100,2026-10-01,2026-12-31
THYAO,XU100,2026-10-01,2026-12-31
TKFEN,XU100,2026-10-01,2026-12-31
TOASO,XU100,2026-10-01,2026-12-31
TRALT,XU100,2026-10-01,2026-12-31
TRENJ,XU100,2026-10-01,2026-12-31
TRGYO,XU100,2026-10-01,2026-12-31
TRMET,XU100,2026-10-01,2026-12-31
TSKB,XU100,2026-10-01,2026-12-31
TTKOM,XU100,2026-10-01,2026-12-31
TTRAK,XU100,2026-10-01,2026-12-31
TUKAS,XU100,2026-10-01,2026-12-31
TUPRS,XU100,2026-10-01,2026-12-31
TURSG,XU100,2026-10-01,2026-12-31
ULKER,XU100,2026-10-01,2026-12-31
VAKBN,XU100,2026-10-01,2026-12-31
VESTL,XU100,2026-10-01,2026-12-31
YKBNK,XU100,2026-10-01,2026-12-31
ZOREN,XU100,2026-10-01,2026-12-31
