ticker,adj_close_observations,finite_positive_adj_close_observations,latest_trade_date,recent_ca_risk_event_count,recent_ca_risk_event_ids,historical_ca_lookback_reconciled,status,score_computation_allowed,shadow_signal_allowed,reason_codes
AEFES,329,325,2026-10-08,0,,False,HISTORICAL_CA_RECONCILIATION_REQUIRED,False,False,HISTORICAL_252D_CA_RECONCILIATION_REQUIRED
AGHOL,329,325,2026-10-08,0,,False,HISTORICAL_CA_RECONCILIATION_REQUIRED,False,False,HISTORICAL_252D_CA_RECONCILIATION_REQUIRED
AHGAZ,329,325,2026-10-08,0,,False,HISTORICAL_CA_RECONCILIATION_REQUIRED,False,False,HISTORICAL_252D_CA_RECONCILIATION_REQUIRED
AKBNK,329,325,2026-10-08,0,,False,HISTORICAL_CA_RECONCILIATION_REQUIRED,False,False,HISTORICAL_252D_CA_RECONCILIATION_REQUIRED
AKCNS,329,325,2026-10-08,0,,False,HISTORICAL_CA_RECONCILIATION_REQUIRED,False,False,HISTORICAL_252D_CA_RECONCILIATION_REQUIRED
AKFYE,329,329,2026-10-08,2,1664976|1666699,False,RECENT_CA_RISK_UNRESOLVED,False,False,UNRESOLVED_RECENT_CA:1664976|UNRESOLVED_RECENT_CA:1666699
AKSA,329,325,2026-10-08,0,,False,HISTORICAL_CA_RECONCILIATION_REQUIRED,False,False,HISTORICAL_252D_CA_RECONCILIATION_REQUIRED
AKSEN,329,325,2026-10-08,0,,False,HISTORICAL_CA_RECONCILIATION_REQUIRED,False,False,HISTORICAL_252D_CA_RECONCILIATION_REQUIRED
ALARK,329,325,2026-10-08,0,,False,HISTORICAL_CA_RECONCILIATION_REQUIRED,False,False,HISTORICAL_252D_CA_RECONCILIATION_REQUIRED
ALBRK,329,325,2026-10-08,0,,False,HISTORICAL_CA_RECONCILIATION_REQUIRED,False,False,HISTORICAL_252D_CA_RECONCILIATION_REQUIRED
ALTNY,329,325,2026-10-08,0,,False,HISTORICAL_CA_RECONCILIATION_REQUIRED,False,False,HISTORICAL_252D_CA_RECONCILIATION_REQUIRED
ANHYT,329,325,2026-10-08,0,,False,HISTORICAL_CA_RECONCILIATION_REQUIRED,False,False,HISTORICAL_252D_CA_RECONCILIATION_REQUIRED
ANSGR,329,325,2026-10-08,0,,False,HISTORICAL_CA_RECONCILIATION_REQUIRED,False,False,HISTORICAL_252D_CA_RECONCILIATION_REQUIRED
ARCLK,329,325,2026-10-08,0,,False,HISTORICAL_CA_RECONCILIATION_REQUIRED,False,False,HISTORICAL_252D_CA_RECONCILIATION_REQUIRED
ASELS,329,325,2026-10-08,0,,False,HISTORICAL_CA_RECONCILIATION_REQUIRED,False,False,HISTORICAL_252D_CA_RECONCILIATION_REQUIRED
ASTOR,329,325,2026-10-08,1,1645625,False,RECENT_CA_RISK_UNRESOLVED,False,False,UNRESOLVED_RECENT_CA:1645625
AYGAZ,329,325,2026-10-08,0,,False,HISTORICAL_CA_RECONCILIATION_REQUIRED,False,False,HISTORICAL_252D_CA_RECONCILIATION_REQUIRED
BERA,329,325,2026-10-08,0,,False,HISTORICAL_CA_RECONCILIATION_REQUIRED,False,False,HISTORICAL_252D_CA_RECONCILIATION_REQUIRED
BIMAS,329,327,2026-10-08,0,,False,HISTORICAL_CA_RECONCILIATION_REQUIRED,False,False,HISTORICAL_252D_CA_RECONCILIATION_REQUIRED
BINHO,329,325,2026-10-08,0,,False,HISTORICAL_CA_RECONCILIATION_REQUIRED,False,False,HISTORICAL_252D_CA_RECONCILIATION_REQUIRED
BRSAN,329,325,2026-10-08,0,,False,HISTORICAL_CA_RECONCILIATION_REQUIRED,False,False,HISTORICAL_252D_CA_RECONCILIATION_REQUIRED
BRYAT,329,325,2026-10-08,0,,False,HISTORICAL_CA_RECONCILIATION_REQUIRED,False,False,HISTORICAL_252D_CA_RECONCILIATION_REQUIRED
BTCIM,329,325,2026-10-08,0,,False,HISTORICAL_CA_RECONCILIATION_REQUIRED,False,False,HISTORICAL_252D_CA_RECONCILIATION_REQUIRED
CANTE,329,325,2026-10-08,0,,False,HISTORICAL_CA_RECONCILIATION_REQUIRED,False,False,HISTORICAL_252D_CA_RECONCILIATION_REQUIRED
CCOLA,329,325,2026-10-08,0,,False,HISTORICAL_CA_RECONCILIATION_REQUIRED,False,False,HISTORICAL_252D_CA_RECONCILIATION_REQUIRED
CIMSA,329,325,2026-10-08,0,,False,HISTORICAL_CA_RECONCILIATION_REQUIRED,False,False,HISTORICAL_252D_CA_RECONCILIATION_REQUIRED
CVKMD,329,325,2026-10-08,5,1642697|1653504|1654560|1656455|1668262,False,RECENT_CA_RISK_UNRESOLVED,False,False,UNRESOLVED_RECENT_CA:1642697|UNRESOLVED_RECENT_CA:1653504|UNRESOLVED_RECENT_CA:1654560|UNRESOLVED_RECENT_CA:1656455|UNRESOLVED_RECENT_CA:1668262
CWENE,329,325,2026-10-08,2,1654680|1655191,False,RECENT_CA_RISK_UNRESOLVED,False,False,UNRESOLVED_RECENT_CA:1654680|UNRESOLVED_RECENT_CA:1655191
DOAS,329,325,2026-10-08,0,,False,HISTORICAL_CA_RECONCILIATION_REQUIRED,False,False,HISTORICAL_252D_CA_RECONCILIATION_REQUIRED
DOHOL,329,325,2026-10-08,0,,False,HISTORICAL_CA_RECONCILIATION_REQUIRED,False,False,HISTORICAL_252D_CA_RECONCILIATION_REQUIRED
ECILC,329,325,2026-10-08,1,1667913,False,RECENT_CA_RISK_UNRESOLVED,False,False,UNRESOLVED_RECENT_CA:1667913
ECZYT,329,325,2026-10-08,0,,False,HISTORICAL_CA_RECONCILIATION_REQUIRED,False,False,HISTORICAL_252D_CA_RECONCILIATION_REQUIRED
EGEEN,329,325,2026-10-08,0,,False,HISTORICAL_CA_RECONCILIATION_REQUIRED,False,False,HISTORICAL_252D_CA_RECONCILIATION_REQUIRED
EGGUB,329,325,2026-10-08,0,,False,HISTORICAL_CA_RECONCILIATION_REQUIRED,False,False,HISTORICAL_252D_CA_RECONCILIATION_REQUIRED
EKGYO,329,325,2026-10-08,0,,False,HISTORICAL_CA_RECONCILIATION_REQUIRED,False,False,HISTORICAL_252D_CA_RECONCILIATION_REQUIRED
ENERY,329,325,2026-10-08,0,,False,HISTORICAL_CA_RECONCILIATION_REQUIRED,False,False,HISTORICAL_252D_CA_RECONCILIATION_REQUIRED
ENJSA,329,325,2026-10-08,0,,False,HISTORICAL_CA_RECONCILIATION_REQUIRED,False,False,HISTORICAL_252D_CA_RECONCILIATION_REQUIRED
ENKAI,329,325,2026-10-08,0,,False,HISTORICAL_CA_RECONCILIATION_REQUIRED,False,False,HISTORICAL_252D_CA_RECONCILIATION_REQUIRED
ENTRA,329,328,2026-10-08,0,,False,HISTORICAL_CA_RECONCILIATION_REQUIRED,False,False,HISTORICAL_252D_CA_RECONCILIATION_REQUIRED
EREGL,329,325,2026-10-08,0,,False,HISTORICAL_CA_RECONCILIATION_REQUIRED,False,False,HISTORICAL_252D_CA_RECONCILIATION_REQUIRED
EUREN,329,325,2026-10-08,0,,False,HISTORICAL_CA_RECONCILIATION_REQUIRED,False,False,HISTORICAL_252D_CA_RECONCILIATION_REQUIRED
FENER,329,325,2026-10-08,1,1653656,False,RECENT_CA_RISK_UNRESOLVED,False,False,UNRESOLVED_RECENT_CA:1653656
FROTO,329,325,2026-10-08,0,,False,HISTORICAL_CA_RECONCILIATION_REQUIRED,False,False,HISTORICAL_252D_CA_RECONCILIATION_REQUIRED
GARAN,329,325,2026-10-08,0,,False,HISTORICAL_CA_RECONCILIATION_REQUIRED,False,False,HISTORICAL_252D_CA_RECONCILIATION_REQUIRED
GLRMK,329,325,2026-10-08,0,,False,HISTORICAL_CA_RECONCILIATION_REQUIRED,False,False,HISTORICAL_252D_CA_RECONCILIATION_REQUIRED
GLYHO,329,325,2026-10-08,0,,False,HISTORICAL_CA_RECONCILIATION_REQUIRED,False,False,HISTORICAL_252D_CA_RECONCILIATION_REQUIRED
GRSEL,329,325,2026-10-08,0,,False,HISTORICAL_CA_RECONCILIATION_REQUIRED,False,False,HISTORICAL_252D_CA_RECONCILIATION_REQUIRED
GUBRF,329,325,2026-10-08,4,1657500|1658176|1670023|1674751,False,RECENT_CA_RISK_UNRESOLVED,False,False,UNRESOLVED_RECENT_CA:1657500|UNRESOLVED_RECENT_CA:1658176|UNRESOLVED_RECENT_CA:1670023|UNRESOLVED_RECENT_CA:1674751
GWIND,329,325,2026-10-08,0,,False,HISTORICAL_CA_RECONCILIATION_REQUIRED,False,False,HISTORICAL_252D_CA_RECONCILIATION_REQUIRED
HALKB,329,325,2026-10-08,3,1645607|1655506|1655601,False,RECENT_CA_RISK_UNRESOLVED,False,False,UNRESOLVED_RECENT_CA:1645607|UNRESOLVED_RECENT_CA:1655506|UNRESOLVED_RECENT_CA:1655601
HEKTS,329,325,2026-10-08,2,1667943|1672585,False,RECENT_CA_RISK_UNRESOLVED,False,False,UNRESOLVED_RECENT_CA:1667943|UNRESOLVED_RECENT_CA:1672585
ISCTR,329,325,2026-10-08,0,,False,HISTORICAL_CA_RECONCILIATION_REQUIRED,False,False,HISTORICAL_252D_CA_RECONCILIATION_REQUIRED
ISDMR,329,325,2026-10-08,0,,False,HISTORICAL_CA_RECONCILIATION_REQUIRED,False,False,HISTORICAL_252D_CA_RECONCILIATION_REQUIRED
ISMEN,329,325,2026-10-08,0,,False,HISTORICAL_CA_RECONCILIATION_REQUIRED,False,False,HISTORICAL_252D_CA_RECONCILIATION_REQUIRED
KARSN,329,325,2026-10-08,0,,False,HISTORICAL_CA_RECONCILIATION_REQUIRED,False,False,HISTORICAL_252D_CA_RECONCILIATION_REQUIRED
KATMR,329,325,2026-10-08,1,1661245,False,RECENT_CA_RISK_UNRESOLVED,False,False,UNRESOLVED_RECENT_CA:1661245
KCAER,329,325,2026-10-08,0,,False,HISTORICAL_CA_RECONCILIATION_REQUIRED,False,False,HISTORICAL_252D_CA_RECONCILIATION_REQUIRED
KCHOL,329,325,2026-10-08,0,,False,HISTORICAL_CA_RECONCILIATION_REQUIRED,False,False,HISTORICAL_252D_CA_RECONCILIATION_REQUIRED
KORDS,329,329,2026-10-08,4,1661783|1663784|1664867|1670572,False,RECENT_CA_RISK_UNRESOLVED,False,False,UNRESOLVED_RECENT_CA:1661783|UNRESOLVED_RECENT_CA:1663784|UNRESOLVED_RECENT_CA:1664867|UNRESOLVED_RECENT_CA:1670572
KRDMD,329,325,2026-10-08,0,,False,HISTORICAL_CA_RECONCILIATION_REQUIRED,False,False,HISTORICAL_252D_CA_RECONCILIATION_REQUIRED
LMKDC,329,325,2026-10-08,0,,False,HISTORICAL_CA_RECONCILIATION_REQUIRED,False,False,HISTORICAL_252D_CA_RECONCILIATION_REQUIRED
MAVI,329,325,2026-10-08,2,1642637|1644470,False,RECENT_CA_RISK_UNRESOLVED,False,False,UNRESOLVED_RECENT_CA:1642637|UNRESOLVED_RECENT_CA:1644470
MGROS,329,325,2026-10-08,0,,False,HISTORICAL_CA_RECONCILIATION_REQUIRED,False,False,HISTORICAL_252D_CA_RECONCILIATION_REQUIRED
MPARK,329,325,2026-10-08,0,,False,HISTORICAL_CA_RECONCILIATION_REQUIRED,False,False,HISTORICAL_252D_CA_RECONCILIATION_REQUIRED
OBAMS,329,325,2026-10-08,0,,False,HISTORICAL_CA_RECONCILIATION_REQUIRED,False,False,HISTORICAL_252D_CA_RECONCILIATION_REQUIRED
ODAS,329,325,2026-10-08,0,,False,HISTORICAL_CA_RECONCILIATION_REQUIRED,False,False,HISTORICAL_252D_CA_RECONCILIATION_REQUIRED
OTKAR,329,325,2026-10-08,0,,False,HISTORICAL_CA_RECONCILIATION_REQUIRED,False,False,HISTORICAL_252D_CA_RECONCILIATION_REQUIRED
OYAKC,329,325,2026-10-08,0,,False,HISTORICAL_CA_RECONCILIATION_REQUIRED,False,False,HISTORICAL_252D_CA_RECONCILIATION_REQUIRED
PAHOL,329,224,2026-10-08,0,,False,PRICE_HISTORY_INSUFFICIENT,False,False,ADJ_CLOSE_252_REQUIRED
PETKM,329,325,2026-10-08,0,,False,HISTORICAL_CA_RECONCILIATION_REQUIRED,False,False,HISTORICAL_252D_CA_RECONCILIATION_REQUIRED
PGSUS,329,325,2026-10-08,0,,False,HISTORICAL_CA_RECONCILIATION_REQUIRED,False,False,HISTORICAL_252D_CA_RECONCILIATION_REQUIRED
RGYAS,329,325,2026-10-08,6,1646542|1668305|1669662|1670550|1671678|1672991,False,RECENT_CA_RISK_UNRESOLVED,False,False,UNRESOLVED_RECENT_CA:1646542|UNRESOLVED_RECENT_CA:1668305|UNRESOLVED_RECENT_CA:1669662|UNRESOLVED_RECENT_CA:1670550|UNRESOLVED_RECENT_CA:1671678|UNRESOLVED_RECENT_CA:1672991
RYSAS,329,325,2026-10-08,2,1650604|1656680,False,RECENT_CA_RISK_UNRESOLVED,False,False,UNRESOLVED_RECENT_CA:1650604|UNRESOLVED_RECENT_CA:1656680
SAHOL,329,325,2026-10-08,0,,False,HISTORICAL_CA_RECONCILIATION_REQUIRED,False,False,HISTORICAL_252D_CA_RECONCILIATION_REQUIRED
SASA,329,325,2026-10-08,3,1643990|1651300|1654175,False,RECENT_CA_RISK_UNRESOLVED,False,False,UNRESOLVED_RECENT_CA:1643990|UNRESOLVED_RECENT_CA:1651300|UNRESOLVED_RECENT_CA:1654175
SISE,329,325,2026-10-08,0,,False,HISTORICAL_CA_RECONCILIATION_REQUIRED,False,False,HISTORICAL_252D_CA_RECONCILIATION_REQUIRED
SNGYO,329,325,2026-10-08,0,,False,HISTORICAL_CA_RECONCILIATION_REQUIRED,False,False,HISTORICAL_252D_CA_RECONCILIATION_REQUIRED
SOKM,329,325,2026-10-08,1,1648213,False,RECENT_CA_RISK_UNRESOLVED,False,False,UNRESOLVED_RECENT_CA:1648213
TABGD,329,325,2026-10-08,0,,False,HISTORICAL_CA_RECONCILIATION_REQUIRED,False,False,HISTORICAL_252D_CA_RECONCILIATION_REQUIRED
TAVHL,329,325,2026-10-08,0,,False,HISTORICAL_CA_RECONCILIATION_REQUIRED,False,False,HISTORICAL_252D_CA_RECONCILIATION_REQUIRED
TCELL,328,325,2026-10-08,0,,False,HISTORICAL_CA_RECONCILIATION_REQUIRED,False,False,HISTORICAL_252D_CA_RECONCILIATION_REQUIRED
TCKRC,328,325,2026-10-08,0,,False,HISTORICAL_CA_RECONCILIATION_REQUIRED,False,False,HISTORICAL_252D_CA_RECONCILIATION_REQUIRED
THYAO,328,325,2026-10-08,0,,False,HISTORICAL_CA_RECONCILIATION_REQUIRED,False,False,HISTORICAL_252D_CA_RECONCILIATION_REQUIRED
TKFEN,328,325,2026-10-08,2,1643702|1658689,False,RECENT_CA_RISK_UNRESOLVED,False,False,UNRESOLVED_RECENT_CA:1643702|UNRESOLVED_RECENT_CA:1658689
TOASO,328,325,2026-10-08,0,,False,HISTORICAL_CA_RECONCILIATION_REQUIRED,False,False,HISTORICAL_252D_CA_RECONCILIATION_REQUIRED
TRALT,328,325,2026-10-08,0,,False,HISTORICAL_CA_RECONCILIATION_REQUIRED,False,False,HISTORICAL_252D_CA_RECONCILIATION_REQUIRED
TRENJ,328,325,2026-10-08,0,,False,HISTORICAL_CA_RECONCILIATION_REQUIRED,False,False,HISTORICAL_252D_CA_RECONCILIATION_REQUIRED
TRGYO,328,325,2026-10-08,1,1664212,False,RECENT_CA_RISK_UNRESOLVED,False,False,UNRESOLVED_RECENT_CA:1664212
TRMET,328,325,2026-10-08,0,,False,HISTORICAL_CA_RECONCILIATION_REQUIRED,False,False,HISTORICAL_252D_CA_RECONCILIATION_REQUIRED
TSKB,328,325,2026-10-08,0,,False,HISTORICAL_CA_RECONCILIATION_REQUIRED,False,False,HISTORICAL_252D_CA_RECONCILIATION_REQUIRED
TTKOM,328,325,2026-10-08,0,,False,HISTORICAL_CA_RECONCILIATION_REQUIRED,False,False,HISTORICAL_252D_CA_RECONCILIATION_REQUIRED
TTRAK,328,325,2026-10-08,0,,False,HISTORICAL_CA_RECONCILIATION_REQUIRED,False,False,HISTORICAL_252D_CA_RECONCILIATION_REQUIRED
TUKAS,328,325,2026-10-08,0,,False,HISTORICAL_CA_RECONCILIATION_REQUIRED,False,False,HISTORICAL_252D_CA_RECONCILIATION_REQUIRED
TUPRS,328,325,2026-10-08,0,,False,HISTORICAL_CA_RECONCILIATION_REQUIRED,False,False,HISTORICAL_252D_CA_RECONCILIATION_REQUIRED
TURSG,328,328,2026-10-08,0,,False,HISTORICAL_CA_RECONCILIATION_REQUIRED,False,False,HISTORICAL_252D_CA_RECONCILIATION_REQUIRED
ULKER,328,325,2026-10-08,0,,False,HISTORICAL_CA_RECONCILIATION_REQUIRED,False,False,HISTORICAL_252D_CA_RECONCILIATION_REQUIRED
VAKBN,328,325,2026-10-08,0,,False,HISTORICAL_CA_RECONCILIATION_REQUIRED,False,False,HISTORICAL_252D_CA_RECONCILIATION_REQUIRED
VESTL,328,325,2026-10-08,0,,False,HISTORICAL_CA_RECONCILIATION_REQUIRED,False,False,HISTORICAL_252D_CA_RECONCILIATION_REQUIRED
YKBNK,328,325,2026-10-08,0,,False,HISTORICAL_CA_RECONCILIATION_REQUIRED,False,False,HISTORICAL_252D_CA_RECONCILIATION_REQUIRED
ZOREN,328,325,2026-10-08,0,,False,HISTORICAL_CA_RECONCILIATION_REQUIRED,False,False,HISTORICAL_252D_CA_RECONCILIATION_REQUIRED
